CREATE DATABASE  IF NOT EXISTS `jeecg` /*!40100 DEFAULT CHARACTER SET utf8 */;
USE `jeecg`;
-- MySQL dump 10.13  Distrib 5.6.18, for Win32 (x86)
--
-- Host: localhost    Database: jeecg
-- ------------------------------------------------------
-- Server version	5.6.18-enterprise-commercial-advanced

/*!40101 SET @OLD_CHARACTER_SET_CLIENT=@@CHARACTER_SET_CLIENT */;
/*!40101 SET @OLD_CHARACTER_SET_RESULTS=@@CHARACTER_SET_RESULTS */;
/*!40101 SET @OLD_COLLATION_CONNECTION=@@COLLATION_CONNECTION */;
/*!40101 SET NAMES utf8 */;
/*!40103 SET @OLD_TIME_ZONE=@@TIME_ZONE */;
/*!40103 SET TIME_ZONE='+00:00' */;
/*!40014 SET @OLD_UNIQUE_CHECKS=@@UNIQUE_CHECKS, UNIQUE_CHECKS=0 */;
/*!40014 SET @OLD_FOREIGN_KEY_CHECKS=@@FOREIGN_KEY_CHECKS, FOREIGN_KEY_CHECKS=0 */;
/*!40101 SET @OLD_SQL_MODE=@@SQL_MODE, SQL_MODE='NO_AUTO_VALUE_ON_ZERO' */;
/*!40111 SET @OLD_SQL_NOTES=@@SQL_NOTES, SQL_NOTES=0 */;

--
-- Table structure for table `appointment_channel_info`
--

DROP TABLE IF EXISTS `appointment_channel_info`;
/*!40101 SET @saved_cs_client     = @@character_set_client */;
/*!40101 SET character_set_client = utf8 */;
CREATE TABLE `appointment_channel_info` (
  `ID` varchar(36) NOT NULL DEFAULT '' COMMENT '主键',
  `appointmentID` varchar(36) DEFAULT NULL COMMENT '预约会议ID',
  `meetingID` varchar(36) DEFAULT NULL COMMENT '会议ID',
  `Codec1ID` varchar(36) DEFAULT NULL COMMENT '主Codec1',
  `isRecord1` tinyint(4) DEFAULT '0' COMMENT 'Codec1是否录制',
  `Codec2ID` varchar(36) DEFAULT NULL COMMENT '备Codec2',
  `isRecord2` tinyint(4) DEFAULT '0' COMMENT 'Codec2是否录制',
  `authortiy_group_cid` varchar(36) DEFAULT NULL COMMENT '自定义权限组ID',
  `authortiy_group_TYPE` varchar(1) DEFAULT NULL COMMENT '类型',
  `authortiy_Terminlgroup_cid` varchar(36) DEFAULT NULL COMMENT '分配终端权限组（匿名类）',
  `authortiy_Usergroup_cid` varchar(36) DEFAULT NULL COMMENT '用户自定义权限组',
  `CREATE_BY` varchar(36) DEFAULT NULL COMMENT '创建人',
  `CREATE_NAME` varchar(32) DEFAULT NULL COMMENT '创建人名字',
  `CREATE_DATE` datetime DEFAULT NULL COMMENT '创建时间',
  `UPDATE_BY` varchar(36) DEFAULT NULL COMMENT '修改人',
  `UPDATE_NAME` varchar(32) DEFAULT NULL COMMENT '修改人名字',
  `UPDATE_DATE` datetime DEFAULT NULL COMMENT '修改时间',
  `DELFLAG` int(2) DEFAULT '0' COMMENT '删除标记',
  `DEL_DATE` datetime DEFAULT NULL COMMENT '删除时间',
  PRIMARY KEY (`ID`)
) ENGINE=InnoDB DEFAULT CHARSET=utf8;
/*!40101 SET character_set_client = @saved_cs_client */;

--
-- Dumping data for table `appointment_channel_info`
--

LOCK TABLES `appointment_channel_info` WRITE;
/*!40000 ALTER TABLE `appointment_channel_info` DISABLE KEYS */;
INSERT INTO `appointment_channel_info` VALUES ('402881ae47b5356a0147b539f4380001',NULL,'402881ae47b5356a0147b539fe4b0003','402881ae478611620147861597af0008',1,'',0,'402881ae478611620147861ac7a9000c',NULL,NULL,'','admin','管理员','2014-08-08 18:46:19','admin','管理员','2014-08-08 18:46:23',0,NULL),('402881ae47b5356a0147b53fefe2000a',NULL,'402881ae47b5356a0147b53ff482000c','402881ae478611620147861597af0008',1,'',0,'402881ae478611620147861ac7a9000c',NULL,NULL,'','admin','管理员','2014-08-08 18:52:52','admin','管理员','2014-08-08 18:52:53',0,NULL),('402882ed476612e70147665378730001',NULL,'402882ed476612e70147665383410003','402882ed47425f44014742611ca50001',1,'26c36f6a-f329-4de3-aafd-2155c222c961',0,'',NULL,NULL,'','admin','管理员','2014-07-24 11:04:12','admin','管理员','2014-07-24 11:04:15',0,NULL),('402882ed47a5a5610147a6016b9d0003',NULL,'402882ed47a5a5610147a601771b0005','402881ae478611620147861597af0008',1,'',0,'402881ae478611620147861ac7a9000c',NULL,NULL,'','admin','管理员','2014-08-05 19:50:16','admin','管理员','2014-08-05 19:50:20',0,NULL),('402882ed47a9e9400147a9f284420005',NULL,'402882ed47a9e9400147a9f28f0c0007','402881ae478611620147861597af0008',1,'',0,'402881ae478611620147861ac7a9000c',NULL,NULL,'','admin','管理员','2014-08-06 14:12:28','admin','管理员','2014-08-06 14:12:32',0,NULL),('402882ed47a9e9400147a9f56dd7000c',NULL,'402882ed47a9e9400147a9f57816000e','402881ae478611620147861597af0008',1,'',0,'402881ae478611620147861ac7a9000c',NULL,NULL,'','admin','管理员','2014-08-06 14:15:39','admin','管理员','2014-08-06 14:15:43',0,NULL),('402882ed47aa6e380147aa6fc8e10001',NULL,'402882ed47aa6e380147aa6fd56e0003','402881ae478611620147861597af0008',1,'',0,'402881ae478611620147861ac7a9000c',NULL,NULL,'','admin','管理员','2014-08-06 16:29:18','admin','管理员','2014-08-06 16:29:22',0,NULL),('402882ed47aa6e380147aa800e93000c',NULL,'402882ed47aa6e380147aa801c7a000e','402881ae478611620147861597af0008',1,'',0,'402881ae478611620147861ac7a9000c',NULL,NULL,'','admin','管理员','2014-08-06 16:47:04','admin','管理员','2014-08-06 16:47:09',0,NULL),('402882ed47aa6e380147aa82e8140011',NULL,'402882ed47aa6e380147aa8460900013','402881ae478611620147861597af0008',1,'',0,'402881ae478611620147861ac7a9000c',NULL,NULL,'','admin','管理员','2014-08-06 16:50:11','admin','管理员','2014-08-06 16:53:29',0,NULL),('402882ed47aa8dfd0147aa92cf010001',NULL,'402882ed47aa8dfd0147aa92e9c40003','402881ae478611620147861597af0008',1,'',0,'402881ae478611620147861ac7a9000c',NULL,NULL,'','admin','管理员','2014-08-06 17:07:33','admin','管理员','2014-08-06 17:07:41',0,NULL),('402882ed47aa8dfd0147aaae07d80010',NULL,'402882ed47aa8dfd0147aaae11fa0012','402881ae478611620147861597af0008',1,'',0,'402881ae478611620147861ac7a9000c',NULL,NULL,'','admin','管理员','2014-08-06 17:37:17','admin','管理员','2014-08-06 17:37:21',0,NULL),('402882ed47ae678c0147ae7c94fe0001',NULL,'402882ed47ae678c0147ae7ca1d70003','402881ae478611620147861597af0008',1,'',0,'402881ae478611620147861ac7a9000c',NULL,NULL,'','admin','管理员','2014-08-07 11:21:45','admin','管理员','2014-08-07 11:21:50',0,NULL),('402882ed47ae678c0147ae9853e20006',NULL,'402882ed47ae678c0147ae985d580008','402881ae478611620147861597af0008',1,'',0,'402881ae478611620147861ac7a9000c',NULL,NULL,'','admin','管理员','2014-08-07 11:52:04','admin','管理员','2014-08-07 11:52:07',0,NULL),('402882ed47af1fa80147af4f85910006',NULL,'402882ed47af1fa80147af514c4d0008','402881ae478611620147861597af0008',1,'',0,'402881ae478611620147861ac7a9000c',NULL,NULL,'','admin','管理员','2014-08-07 15:12:10','admin','管理员','2014-08-07 15:14:16',0,NULL),('402882ed47af1fa80147af53be46000b',NULL,'402882ed47af1fa80147af53e160000d','402881ae478611620147861597af0008',1,'',0,'402881ae478611620147861ac7a9000c',NULL,NULL,'','admin','管理员','2014-08-07 15:16:46','admin','管理员','2014-08-07 15:17:00',0,NULL),('402882ed47af1fa80147af5806f50010',NULL,'402882ed47af1fa80147af5935890012','402881ae478611620147861597af0008',1,'',0,'402881ae478611620147861ac7a9000c',NULL,NULL,'','admin','管理员','2014-08-07 15:21:27','admin','管理员','2014-08-07 15:23:43',0,NULL),('402882ed47af1fa80147af6a57a90015',NULL,'402882ed47af1fa80147af6a73820017','402881ae478611620147861597af0008',1,'',0,'402881ae478611620147861ac7a9000c',NULL,NULL,'','admin','管理员','2014-08-07 15:41:27','admin','管理员','2014-08-07 15:41:35',0,NULL),('402882ed47af1fa80147af6cefaf001a',NULL,'402882ed47af1fa80147af6cfc86001c','402881ae478611620147861597af0008',1,'',0,'402881ae478611620147861ac7a9000c',NULL,NULL,'','admin','管理员','2014-08-07 15:44:17','admin','管理员','2014-08-07 15:44:21',0,NULL),('402882ed47af1fa80147af6e95c9001f',NULL,'402882ed47af1fa80147af6e9e5a0021','402881ae478611620147861597af0008',1,'',0,'402881ae478611620147861ac7a9000c',NULL,NULL,'','admin','管理员','2014-08-07 15:46:05','admin','管理员','2014-08-07 15:46:08',0,NULL),('402882ed47af1fa80147af74520e0024',NULL,'402882ed47af1fa80147af745de00026','402881ae478611620147861597af0008',1,'',0,'402881ae478611620147861ac7a9000c',NULL,NULL,'','admin','管理员','2014-08-07 15:52:21','admin','管理员','2014-08-07 15:52:25',0,NULL),('402882ed47af1fa80147af7a29390029',NULL,'402882ed47af1fa80147af7a346f002b','402881ae478611620147861597af0008',1,'',0,'402881ae478611620147861ac7a9000c',NULL,NULL,'','admin','管理员','2014-08-07 15:58:44','admin','管理员','2014-08-07 15:58:48',0,NULL),('402882ed47af1fa80147af7afbcc002e',NULL,'402882ed47af1fa80147af7b06870030','402881ae478611620147861597af0008',1,'',0,'402881ae478611620147861ac7a9000c',NULL,NULL,'','admin','管理员','2014-08-07 15:59:38','admin','管理员','2014-08-07 15:59:41',0,NULL),('402882ed47af1fa80147af8122930033',NULL,'402882ed47af1fa80147af812ff90035','402881ae478611620147861597af0008',1,'',0,'402881ae478611620147861ac7a9000c',NULL,NULL,'','admin','管理员','2014-08-07 16:06:21','admin','管理员','2014-08-07 16:06:25',0,NULL),('402882ed47af1fa80147af8a2715003c',NULL,'402882ed47af1fa80147af8a33b0003e','402881ae478611620147861597af0008',1,'',0,'402881ae478611620147861ac7a9000c',NULL,NULL,'','admin','管理员','2014-08-07 16:16:12','admin','管理员','2014-08-07 16:16:16',0,NULL),('402882ed47af1fa80147af8f11710045',NULL,'402882ed47af1fa80147af8f1f410047','402881ae478611620147861597af0008',1,'',0,'402881ae478611620147861ac7a9000c',NULL,NULL,'','admin','管理员','2014-08-07 16:21:34','admin','管理员','2014-08-07 16:21:38',0,NULL),('402882ed47af1fa80147af94aeb6004e',NULL,'402882ed47af1fa80147af94bb9c0050','402881ae478611620147861597af0008',1,'',0,'402881ae478611620147861ac7a9000c',NULL,NULL,'','admin','管理员','2014-08-07 16:27:42','admin','管理员','2014-08-07 16:27:46',0,NULL),('402882ed47af1fa80147af9ca178005b',NULL,'402882ed47af1fa80147af9cb38f005d','402881ae478611620147861597af0008',1,'',0,'402881ae478611620147861ac7a9000c',NULL,NULL,'','admin','管理员','2014-08-07 16:36:23','admin','管理员','2014-08-07 16:36:28',0,NULL),('402882ed47b349260147b35b49750012',NULL,'402882ed47b349260147b35b54dd0014','402881ae478611620147861597af0008',1,'',0,'402881ae478611620147861ac7a9000c',NULL,NULL,'','admin','管理员','2014-08-08 10:03:30','admin','管理员','2014-08-08 10:03:33',0,NULL),('402882ed47b349260147b36e8845001b',NULL,'402882ed47b349260147b36e935d001d','402881ae478611620147861597af0008',1,'',0,'402881ae478611620147861ac7a9000c',NULL,NULL,'','admin','管理员','2014-08-08 10:24:31','admin','管理员','2014-08-08 10:24:34',0,NULL),('402882ed47b387990147b38c16ae0001',NULL,'402882ed47b387990147b38c22120003','402881ae478611620147861597af0008',1,'',0,'402881ae478611620147861ac7a9000c',NULL,NULL,'','admin','管理员','2014-08-08 10:56:48','admin','管理员','2014-08-08 10:56:51',0,NULL),('402882ed47b428580147b47059aa0005',NULL,'402882ed47b428580147b47062cf0007','402881ae478611620147861597af0008',1,'',0,'402881ae478611620147861ac7a9000c',NULL,NULL,'','admin','管理员','2014-08-08 15:06:07','admin','管理员','2014-08-08 15:06:10',0,NULL),('402882ed47b428580147b47a20dc000a',NULL,'402882ed47b428580147b47a2bab000c','402881ae478611620147861597af0008',1,'',0,'402881ae478611620147861ac7a9000c',NULL,NULL,'','admin','管理员','2014-08-08 15:16:48','admin','管理员','2014-08-08 15:16:51',0,NULL),('402882ed47b428580147b497a6770023',NULL,'402882ed47b428580147b497af8f0025','402881ae478611620147861597af0008',1,'',0,'402881ae478611620147861ac7a9000c',NULL,NULL,'','admin','管理员','2014-08-08 15:49:03','admin','管理员','2014-08-08 15:49:06',0,NULL),('402882ed47b428580147b49890590028',NULL,'402882ed47b428580147b498989b002a','402881ae478611620147861597af0008',1,'',0,'402881ae478611620147861ac7a9000c',NULL,NULL,'','admin','管理员','2014-08-08 15:50:03','admin','管理员','2014-08-08 15:50:06',0,NULL),('402882ed47b428580147b49989cd002d',NULL,'402882ed47b428580147b49993d1002f','402881ae478611620147861597af0008',1,'',0,'402881ae478611620147861ac7a9000c',NULL,NULL,'','admin','管理员','2014-08-08 15:51:06','admin','管理员','2014-08-08 15:51:10',0,NULL),('402882ed47b428580147b49a19640032',NULL,'402882ed47b428580147b49a23020034','402881ae478611620147861597af0008',1,'',0,'402881ae478611620147861ac7a9000c',NULL,NULL,'','admin','管理员','2014-08-08 15:51:43','admin','管理员','2014-08-08 15:51:46',0,NULL),('402882ed47b428580147b49b2ec90037',NULL,'402882ed47b428580147b49b37940039','402881ae478611620147861597af0008',1,'',0,'402881ae478611620147861ac7a9000c',NULL,NULL,'','admin','管理员','2014-08-08 15:52:54','admin','管理员','2014-08-08 15:52:57',0,NULL),('402882ed47b428580147b49dd9a5003c',NULL,'402882ed47b428580147b49de35c003e','402881ae478611620147861597af0008',1,'',0,'402881ae478611620147861ac7a9000c',NULL,NULL,'','admin','管理员','2014-08-08 15:55:49','admin','管理员','2014-08-08 15:55:52',0,NULL),('402882ed47b428580147b49ff5df0041',NULL,'402882ed47b428580147b4a0003e0043','402881ae478611620147861597af0008',1,'',0,'402881ae478611620147861ac7a9000c',NULL,NULL,'','admin','管理员','2014-08-08 15:58:07','admin','管理员','2014-08-08 15:58:11',0,NULL),('402882ed47b428580147b4a098540046',NULL,'402882ed47b428580147b4a0a0ed0048','402881ae478611620147861597af0008',1,'',0,'402881ae478611620147861ac7a9000c',NULL,NULL,'','admin','管理员','2014-08-08 15:58:49','admin','管理员','2014-08-08 15:58:52',0,NULL),('402882ed47b428580147b4a475d5004f',NULL,'402882ed47b428580147b4a47e530051','402881ae478611620147861597af0008',1,'',0,'402881ae478611620147861ac7a9000c',NULL,NULL,'','admin','管理员','2014-08-08 16:03:02','admin','管理员','2014-08-08 16:03:05',0,NULL),('402882ed47b428580147b4d16dc1007c',NULL,'402882ed47b428580147b4d1776c007e','402881ae478611620147861597af0008',1,'',0,'402881ae478611620147861ac7a9000c',NULL,NULL,'','admin','管理员','2014-08-08 16:52:09','admin','管理员','2014-08-08 16:52:12',0,NULL),('402882ed47b428580147b4d36f2d0085',NULL,'402882ed47b428580147b4d37eff0087','402881ae478611620147861597af0008',1,'',0,'402881ae478611620147861ac7a9000c',NULL,NULL,'','admin','管理员','2014-08-08 16:54:21','admin','管理员','2014-08-08 16:54:26',0,NULL),('402882ed47b428580147b4d5aa3d008e',NULL,'402882ed47b428580147b4d5b34b0090','402881ae478611620147861597af0008',1,'',0,'402881ae478611620147861ac7a9000c',NULL,NULL,'','admin','管理员','2014-08-08 16:56:47','admin','管理员','2014-08-08 16:56:50',0,NULL),('402882ed47b428580147b4d9c38c0093',NULL,'402882ed47b428580147b4d9cb1a0095','402881ae478611620147861597af0008',1,'',0,'402881ae478611620147861ac7a9000c',NULL,NULL,'','admin','管理员','2014-08-08 17:01:16','admin','管理员','2014-08-08 17:01:18',0,NULL),('402882ed47b428580147b4da683e0098',NULL,'402882ed47b428580147b4da6ce5009a','402881ae478611620147861597af0008',1,'',0,'402881ae478611620147861ac7a9000c',NULL,NULL,'','admin','管理员','2014-08-08 17:01:58','admin','管理员','2014-08-08 17:02:00',0,NULL),('402882ed47b428580147b4dd475a009d',NULL,'402882ed47b428580147b4dd5104009f','402881ae478611620147861597af0008',1,'',0,'402881ae478611620147861ac7a9000c',NULL,NULL,'','admin','管理员','2014-08-08 17:05:06','admin','管理员','2014-08-08 17:05:09',0,NULL),('402882ed47b428580147b4de295f00a2',NULL,'402882ed47b428580147b4de313000a4','402881ae478611620147861597af0008',1,'',0,'402881ae478611620147861ac7a9000c',NULL,NULL,'','admin','管理员','2014-08-08 17:06:04','admin','管理员','2014-08-08 17:06:07',0,NULL),('402882ed47b428580147b4de8aaa00a7',NULL,'402882ed47b428580147b4de951000a9','402881ae478611620147861597af0008',1,'',0,'402881ae478611620147861ac7a9000c',NULL,NULL,'','admin','管理员','2014-08-08 17:06:29','admin','管理员','2014-08-08 17:06:32',0,NULL),('402882ed47b428580147b4e2dde500b0',NULL,'402882ed47b428580147b4e2e8f000b2','402881ae478611620147861597af0008',1,'',0,'402881ae478611620147861ac7a9000c',NULL,NULL,'','admin','管理员','2014-08-08 17:11:12','admin','管理员','2014-08-08 17:11:16',0,NULL),('402882ed47b428580147b4e4bfc600b9',NULL,'402882ed47b428580147b4e4c86900bb','402881ae478611620147861597af0008',1,'',0,'402881ae478611620147861ac7a9000c',NULL,NULL,'','admin','管理员','2014-08-08 17:13:15','admin','管理员','2014-08-08 17:13:19',0,NULL),('402882ed47b428580147b4e6904a00be',NULL,'402882ed47b428580147b4e6999d00c0','402881ae478611620147861597af0008',1,'',0,'402881ae478611620147861ac7a9000c',NULL,NULL,'','admin','管理员','2014-08-08 17:15:14','admin','管理员','2014-08-08 17:15:17',0,NULL),('402882ed47b428580147b4e7cfba00c7',NULL,'402882ed47b428580147b4e7de3400c9','402881ae478611620147861597af0008',1,'',0,'402881ae478611620147861ac7a9000c',NULL,NULL,'','admin','管理员','2014-08-08 17:16:36','admin','管理员','2014-08-08 17:16:41',0,NULL),('402882ed47b428580147b4e9eccc00d0',NULL,'402882ed47b428580147b4e9f65400d2','402881ae478611620147861597af0008',1,'',0,'402881ae478611620147861ac7a9000c',NULL,NULL,'','admin','管理员','2014-08-08 17:18:55','admin','管理员','2014-08-08 17:18:58',0,NULL),('402882ed47b428580147b4f7b6b900d9',NULL,'402882ed47b428580147b4f7c09c00db','402881ae478611620147861597af0008',1,'',0,'402881ae478611620147861ac7a9000c',NULL,NULL,'','admin','管理员','2014-08-08 17:33:58','admin','管理员','2014-08-08 17:34:02',0,NULL),('402882ed47b428580147b4ffa80a00de',NULL,'402882ed47b428580147b4ffcf2800e0','402881ae478611620147861597af0008',1,'',0,'402881ae478611620147861ac7a9000c',NULL,NULL,'','admin','管理员','2014-08-08 17:42:39','admin','管理员','2014-08-08 17:42:50',0,NULL),('402882ed47b428580147b500988400e3',NULL,'402882ed47b428580147b500a24000e5','402881ae478611620147861597af0008',1,'',0,'402881ae478611620147861ac7a9000c',NULL,NULL,'','admin','管理员','2014-08-08 17:43:40','admin','管理员','2014-08-08 17:43:44',0,NULL),('402882ed47b428580147b50bd8bd00fc',NULL,'402882ed47b428580147b50be05b00fe','402881ae478611620147861597af0008',1,'',0,'402881ae478611620147861ac7a9000c',NULL,NULL,'','admin','管理员','2014-08-08 17:55:58','admin','管理员','2014-08-08 17:56:00',0,NULL),('402882ed47b428580147b5154b790105',NULL,'402882ed47b428580147b5155a510107','402881ae478611620147861597af0008',1,'',0,'402881ae478611620147861ac7a9000c',NULL,NULL,'','admin','管理员','2014-08-08 18:06:17','admin','管理员','2014-08-08 18:06:21',0,NULL),('402882ed47b428580147b517e062010e',NULL,'402882ed47b428580147b517e7f90110','402881ae478611620147861597af0008',1,'',0,'402881ae478611620147861ac7a9000c',NULL,NULL,'','admin','管理员','2014-08-08 18:09:06','admin','管理员','2014-08-08 18:09:09',0,NULL),('402882ed47b51da10147b52164510001',NULL,'402882ed47b51da10147b5216a790003','402881ae478611620147861597af0008',1,'',0,'402881ae478611620147861ac7a9000c',NULL,NULL,'','admin','管理员','2014-08-08 18:19:30','admin','管理员','2014-08-08 18:19:32',0,NULL),('402882ed47b51da10147b527269c0006',NULL,'402882ed47b51da10147b5272bfe0008','402881ae478611620147861597af0008',1,'',0,'402881ae478611620147861ac7a9000c',NULL,NULL,'','admin','管理员','2014-08-08 18:25:47','admin','管理员','2014-08-08 18:25:49',0,NULL),('402882ed47b51da10147b52b5f60000f',NULL,'402882ed47b51da10147b52b68d80011','402881ae478611620147861597af0008',1,'',0,'402881ae478611620147861ac7a9000c',NULL,NULL,'','admin','管理员','2014-08-08 18:30:24','admin','管理员','2014-08-08 18:30:27',0,NULL);
/*!40000 ALTER TABLE `appointment_channel_info` ENABLE KEYS */;
UNLOCK TABLES;

--
-- Table structure for table `appointment_meeting_info`
--

DROP TABLE IF EXISTS `appointment_meeting_info`;
/*!40101 SET @saved_cs_client     = @@character_set_client */;
/*!40101 SET character_set_client = utf8 */;
CREATE TABLE `appointment_meeting_info` (
  `ID` varchar(36) NOT NULL DEFAULT '' COMMENT '主键',
  `appointment_StartTime` datetime DEFAULT NULL COMMENT '预约时间',
  `appointment_Duration` int(11) DEFAULT NULL COMMENT '预约持续时长',
  `appointment_State` tinyint(4) DEFAULT NULL COMMENT '预约状态',
  `TypeId` tinyint(4) DEFAULT NULL COMMENT '所属类型',
  `SUBJECT` varchar(50) DEFAULT NULL COMMENT '会议主题',
  `COMPERE` varchar(20) DEFAULT NULL COMMENT '会议主持人',
  `INTRODUCTION` varchar(1024) DEFAULT NULL COMMENT '会议简介',
  `CREATE_BY` varchar(36) DEFAULT NULL COMMENT '创建人',
  `CREATE_NAME` varchar(32) DEFAULT NULL COMMENT '创建人名字',
  `CREATE_DATE` datetime DEFAULT NULL COMMENT '创建时间',
  `UPDATE_BY` varchar(36) DEFAULT NULL COMMENT '修改人',
  `UPDATE_NAME` varchar(32) DEFAULT NULL COMMENT '修改人名字',
  `UPDATE_DATE` datetime DEFAULT NULL COMMENT '修改时间',
  `DELFLAG` int(2) DEFAULT '0' COMMENT '删除标记',
  `DEL_DATE` datetime DEFAULT NULL COMMENT '删除时间',
  `LIVE_TIME` datetime DEFAULT NULL,
  `DELAY_TIME` int(11) DEFAULT '0',
  `ISRECORD` int(11) DEFAULT '0',
  PRIMARY KEY (`ID`)
) ENGINE=InnoDB DEFAULT CHARSET=utf8;
/*!40101 SET character_set_client = @saved_cs_client */;

--
-- Dumping data for table `appointment_meeting_info`
--

LOCK TABLES `appointment_meeting_info` WRITE;
/*!40000 ALTER TABLE `appointment_meeting_info` DISABLE KEYS */;
INSERT INTO `appointment_meeting_info` VALUES ('402881f2471fc7ad01471fce59a40003','2014-07-10 18:25:09',6000,1,1,'1','1,','1','admin','管理员','2014-07-10 18:25:23','admin','管理员','2014-07-10 18:25:52',0,NULL,NULL,0,0),('402882ed479ee60a01479ef7a19e0003','2014-08-04 11:01:45',15,1,1,'12345','','','admin','管理员','2014-08-04 11:02:15','admin','管理员','2014-08-04 11:02:55',0,NULL,NULL,0,0);
/*!40000 ALTER TABLE `appointment_meeting_info` ENABLE KEYS */;
UNLOCK TABLES;

--
-- Table structure for table `appointment_training_info`
--

DROP TABLE IF EXISTS `appointment_training_info`;
/*!40101 SET @saved_cs_client     = @@character_set_client */;
/*!40101 SET character_set_client = utf8 */;
CREATE TABLE `appointment_training_info` (
  `ID` varchar(36) NOT NULL DEFAULT '' COMMENT '主键',
  `appointment_StartTime` datetime DEFAULT NULL COMMENT '预约时间',
  `appointment_Duration` int(11) DEFAULT NULL COMMENT '预约持续时长',
  `appointment_State` tinyint(4) DEFAULT NULL COMMENT '预约状态',
  `TypeId` tinyint(4) DEFAULT NULL COMMENT '所属类型',
  `SUBJECT` varchar(50) DEFAULT NULL COMMENT '培训主题',
  `COMPERE` varchar(20) DEFAULT NULL COMMENT '培训主讲人',
  `INTRODUCTION` varchar(1024) DEFAULT NULL COMMENT '培训简介',
  `CREATE_BY` varchar(36) DEFAULT NULL COMMENT '创建人',
  `CREATE_NAME` varchar(32) DEFAULT NULL COMMENT '创建人名字',
  `CREATE_DATE` datetime DEFAULT NULL COMMENT '创建时间',
  `UPDATE_BY` varchar(36) DEFAULT NULL COMMENT '修改人',
  `UPDATE_NAME` varchar(32) DEFAULT NULL COMMENT '修改人名字',
  `UPDATE_DATE` datetime DEFAULT NULL COMMENT '修改时间',
  `DELFLAG` int(2) DEFAULT '0' COMMENT '删除标记',
  `DEL_DATE` datetime DEFAULT NULL COMMENT '删除时间',
  `LIVE_TIME` datetime DEFAULT NULL,
  `DELAY_TIME` int(11) DEFAULT '0',
  `ISRECORD` int(11) DEFAULT '0',
  PRIMARY KEY (`ID`)
) ENGINE=InnoDB DEFAULT CHARSET=utf8;
/*!40101 SET character_set_client = @saved_cs_client */;

--
-- Dumping data for table `appointment_training_info`
--

LOCK TABLES `appointment_training_info` WRITE;
/*!40000 ALTER TABLE `appointment_training_info` DISABLE KEYS */;
/*!40000 ALTER TABLE `appointment_training_info` ENABLE KEYS */;
UNLOCK TABLES;

--
-- Table structure for table `cgform_button`
--

DROP TABLE IF EXISTS `cgform_button`;
/*!40101 SET @saved_cs_client     = @@character_set_client */;
/*!40101 SET character_set_client = utf8 */;
CREATE TABLE `cgform_button` (
  `ID` varchar(32) NOT NULL,
  `BUTTON_CODE` varchar(50) DEFAULT NULL,
  `button_icon` varchar(20) DEFAULT NULL,
  `BUTTON_NAME` varchar(50) DEFAULT NULL,
  `BUTTON_STATUS` varchar(2) DEFAULT NULL,
  `BUTTON_STYLE` varchar(20) DEFAULT NULL,
  `EXP` varchar(255) DEFAULT NULL,
  `FORM_ID` varchar(32) DEFAULT NULL,
  `OPT_TYPE` varchar(20) DEFAULT NULL,
  `order_num` int(11) DEFAULT NULL,
  PRIMARY KEY (`ID`)
) ENGINE=InnoDB DEFAULT CHARSET=utf8;
/*!40101 SET character_set_client = @saved_cs_client */;

--
-- Dumping data for table `cgform_button`
--

LOCK TABLES `cgform_button` WRITE;
/*!40000 ALTER TABLE `cgform_button` DISABLE KEYS */;
/*!40000 ALTER TABLE `cgform_button` ENABLE KEYS */;
UNLOCK TABLES;

--
-- Table structure for table `cgform_button_sql`
--

DROP TABLE IF EXISTS `cgform_button_sql`;
/*!40101 SET @saved_cs_client     = @@character_set_client */;
/*!40101 SET character_set_client = utf8 */;
CREATE TABLE `cgform_button_sql` (
  `ID` varchar(32) NOT NULL,
  `BUTTON_CODE` varchar(50) DEFAULT NULL,
  `CGB_SQL` tinyblob,
  `CGB_SQL_NAME` varchar(50) DEFAULT NULL,
  `CONTENT` longtext,
  `FORM_ID` varchar(32) DEFAULT NULL,
  PRIMARY KEY (`ID`)
) ENGINE=InnoDB DEFAULT CHARSET=utf8;
/*!40101 SET character_set_client = @saved_cs_client */;

--
-- Dumping data for table `cgform_button_sql`
--

LOCK TABLES `cgform_button_sql` WRITE;
/*!40000 ALTER TABLE `cgform_button_sql` DISABLE KEYS */;
/*!40000 ALTER TABLE `cgform_button_sql` ENABLE KEYS */;
UNLOCK TABLES;

--
-- Table structure for table `cgform_enhance_js`
--

DROP TABLE IF EXISTS `cgform_enhance_js`;
/*!40101 SET @saved_cs_client     = @@character_set_client */;
/*!40101 SET character_set_client = utf8 */;
CREATE TABLE `cgform_enhance_js` (
  `ID` varchar(32) NOT NULL,
  `CG_JS` blob,
  `CG_JS_TYPE` varchar(20) DEFAULT NULL,
  `CONTENT` longtext,
  `FORM_ID` varchar(32) DEFAULT NULL,
  PRIMARY KEY (`ID`)
) ENGINE=InnoDB DEFAULT CHARSET=utf8;
/*!40101 SET character_set_client = @saved_cs_client */;

--
-- Dumping data for table `cgform_enhance_js`
--

LOCK TABLES `cgform_enhance_js` WRITE;
/*!40000 ALTER TABLE `cgform_enhance_js` DISABLE KEYS */;
/*!40000 ALTER TABLE `cgform_enhance_js` ENABLE KEYS */;
UNLOCK TABLES;

--
-- Table structure for table `cgform_field`
--

DROP TABLE IF EXISTS `cgform_field`;
/*!40101 SET @saved_cs_client     = @@character_set_client */;
/*!40101 SET character_set_client = utf8 */;
CREATE TABLE `cgform_field` (
  `id` varchar(32) NOT NULL,
  `content` varchar(200) NOT NULL,
  `create_by` varchar(255) DEFAULT NULL,
  `create_date` datetime DEFAULT NULL,
  `create_name` varchar(32) DEFAULT NULL,
  `dict_field` varchar(100) DEFAULT NULL,
  `dict_table` varchar(100) DEFAULT NULL,
  `dict_text` varchar(100) DEFAULT NULL,
  `field_default` varchar(20) DEFAULT NULL,
  `field_href` varchar(200) DEFAULT NULL,
  `field_length` int(11) DEFAULT NULL,
  `field_name` varchar(32) NOT NULL,
  `field_valid_type` varchar(10) DEFAULT NULL,
  `is_key` varchar(2) DEFAULT NULL,
  `is_null` varchar(5) DEFAULT NULL,
  `is_query` varchar(5) DEFAULT NULL,
  `is_show` varchar(5) DEFAULT NULL,
  `is_show_list` varchar(5) DEFAULT NULL,
  `length` int(11) NOT NULL,
  `main_field` varchar(100) DEFAULT NULL,
  `main_table` varchar(100) DEFAULT NULL,
  `old_field_name` varchar(32) DEFAULT NULL,
  `order_num` int(11) DEFAULT NULL,
  `point_length` int(11) DEFAULT NULL,
  `query_mode` varchar(10) DEFAULT NULL,
  `show_type` varchar(10) DEFAULT NULL,
  `type` varchar(32) NOT NULL,
  `update_by` varchar(32) DEFAULT NULL,
  `update_date` datetime DEFAULT NULL,
  `update_name` varchar(32) DEFAULT NULL,
  `table_id` varchar(32) NOT NULL,
  PRIMARY KEY (`id`)
) ENGINE=InnoDB DEFAULT CHARSET=utf8;
/*!40101 SET character_set_client = @saved_cs_client */;

--
-- Dumping data for table `cgform_field`
--

LOCK TABLES `cgform_field` WRITE;
/*!40000 ALTER TABLE `cgform_field` DISABLE KEYS */;
INSERT INTO `cgform_field` VALUES ('402882f94680252d0146802b01ff0132','主键','admin','2014-06-09 18:27:21','管理员','','',NULL,NULL,NULL,0,'id',NULL,'Y','N','N','N','N',36,'','',NULL,0,0,'single','text','string',NULL,NULL,NULL,'402882f94680252d0146802b01d6012d'),('402882f94680252d0146802b02070133','订单号','admin','2014-06-09 18:27:21','管理员','','',NULL,NULL,NULL,0,'order_code',NULL,'N','Y','Y','Y','Y',50,'','',NULL,1,0,'single','text','string',NULL,NULL,NULL,'402882f94680252d0146802b01d6012d'),('402882f94680252d0146802b020b0134','订单日期','admin','2014-06-09 18:27:21','管理员','','',NULL,NULL,NULL,0,'order_date',NULL,'N','Y','Y','Y','Y',20,'','',NULL,2,0,'single','date','Date',NULL,NULL,NULL,'402882f94680252d0146802b01d6012d'),('402882f94680252d0146802b020f0135','订单金额','admin','2014-06-09 18:27:21','管理员','','',NULL,NULL,NULL,0,'order_money',NULL,'N','Y','Y','Y','Y',10,'','',NULL,3,3,'single','text','double',NULL,NULL,NULL,'402882f94680252d0146802b01d6012d'),('402882f94680252d0146802b02130136','备注','admin','2014-06-09 18:27:21','管理员','','',NULL,NULL,NULL,0,'content',NULL,'N','Y','Y','Y','Y',255,'','',NULL,4,0,'single','text','string',NULL,NULL,NULL,'402882f94680252d0146802b01d6012d'),('402882f94680252d0146802b021e0137','主键','admin','2014-06-09 18:27:21','管理员','','',NULL,NULL,NULL,0,'id',NULL,'Y','N','N','N','N',36,'','',NULL,0,0,'single','text','string',NULL,NULL,NULL,'402882f94680252d0146802b01eb012e'),('402882f94680252d0146802b02210138','请假标题','admin','2014-06-09 18:27:21','管理员','','',NULL,NULL,NULL,0,'title',NULL,'N','N','N','Y','Y',50,'','',NULL,1,0,'single','text','string',NULL,NULL,NULL,'402882f94680252d0146802b01eb012e'),('402882f94680252d0146802b02240139','请假人','admin','2014-06-09 18:27:21','管理员','','',NULL,NULL,NULL,0,'people',NULL,'N','N','Y','Y','Y',20,'','',NULL,2,0,'single','text','string',NULL,NULL,NULL,'402882f94680252d0146802b01eb012e'),('402882f94680252d0146802b0227013a','性别','admin','2014-06-09 18:27:21','管理员','sex','',NULL,NULL,NULL,0,'sex',NULL,'N','N','Y','Y','Y',10,'','',NULL,3,0,'single','list','string',NULL,NULL,NULL,'402882f94680252d0146802b01eb012e'),('402882f94680252d0146802b022a013b','请假开始时间','admin','2014-06-09 18:27:21','管理员','','',NULL,NULL,NULL,0,'begindate',NULL,'N','N','N','Y','Y',0,'','',NULL,4,0,'group','date','Date',NULL,NULL,NULL,'402882f94680252d0146802b01eb012e'),('402882f94680252d0146802b022c013c','请假结束时间','admin','2014-06-09 18:27:21','管理员','','',NULL,NULL,NULL,0,'enddate',NULL,'N','N','N','Y','Y',0,'','',NULL,5,0,'group','datetime','Date',NULL,NULL,NULL,'402882f94680252d0146802b01eb012e'),('402882f94680252d0146802b022f013d','所属部门','admin','2014-06-09 18:27:21','管理员','id','t_s_depart','departname',NULL,NULL,0,'hol_dept',NULL,'N','N','N','Y','Y',32,'','',NULL,7,0,'single','list','string',NULL,NULL,NULL,'402882f94680252d0146802b01eb012e'),('402882f94680252d0146802b0232013e','请假原因','admin','2014-06-09 18:27:21','管理员','','',NULL,NULL,NULL,0,'hol_reson',NULL,'N','N','N','Y','Y',255,'','',NULL,8,0,'single','text','string',NULL,NULL,NULL,'402882f94680252d0146802b01eb012e'),('402882f94680252d0146802b0235013f','部门审批人','admin','2014-06-09 18:27:21','管理员','','',NULL,NULL,NULL,0,'dep_leader',NULL,'N','N','N','Y','Y',20,'','',NULL,9,0,'single','text','string',NULL,NULL,NULL,'402882f94680252d0146802b01eb012e'),('402882f94680252d0146802b023a0140','部门审批意见','admin','2014-06-09 18:27:21','管理员','','',NULL,NULL,NULL,0,'content',NULL,'N','N','N','Y','Y',255,'','',NULL,10,0,'single','text','string',NULL,NULL,NULL,'402882f94680252d0146802b01eb012e'),('402882f94680252d0146802b023e0141','请假天数','admin','2014-06-09 18:27:21','管理员','','',NULL,NULL,NULL,120,'day_num',NULL,'N','Y','N','Y','Y',10,'','',NULL,6,0,'single','text','int',NULL,NULL,NULL,'402882f94680252d0146802b01eb012e'),('402882f94680252d0146802b025d0142','主键','admin','2014-06-09 18:27:21','管理员','','',NULL,NULL,NULL,0,'id',NULL,'Y','N','N','N','N',36,'','',NULL,0,0,'single','text','string',NULL,NULL,NULL,'402882f94680252d0146802b01f0012f'),('402882f94680252d0146802b02610143','客户名','admin','2014-06-09 18:27:21','管理员','','',NULL,NULL,NULL,0,'name',NULL,'N','Y','Y','Y','Y',32,'','',NULL,1,0,'single','text','string',NULL,NULL,NULL,'402882f94680252d0146802b01f0012f'),('402882f94680252d0146802b02680144','单价','admin','2014-06-09 18:27:21','管理员','','',NULL,NULL,NULL,0,'money',NULL,'N','Y','Y','Y','Y',10,'','',NULL,2,2,'group','text','double',NULL,NULL,NULL,'402882f94680252d0146802b01f0012f'),('402882f94680252d0146802b026c0145','外键','admin','2014-06-09 18:27:21','管理员','','',NULL,NULL,NULL,120,'fk_id',NULL,'N','N','Y','N','N',36,'id','jform_order_main',NULL,5,0,'single','text','string',NULL,NULL,NULL,'402882f94680252d0146802b01f0012f'),('402882f94680252d0146802b026e0146','电话','admin','2014-06-09 18:27:21','管理员','','',NULL,NULL,NULL,120,'telphone',NULL,'N','Y','Y','Y','Y',32,'','',NULL,4,0,'single','text','string',NULL,NULL,NULL,'402882f94680252d0146802b01f0012f'),('402882f94680252d0146802b02720147','性别','admin','2014-06-09 18:27:21','管理员','sex','',NULL,NULL,NULL,120,'sex',NULL,'N','Y','Y','Y','Y',4,'','',NULL,3,0,'single','radio','string',NULL,NULL,NULL,'402882f94680252d0146802b01f0012f'),('402882f94680252d0146802b027a0148','主键','admin','2014-06-09 18:27:21','管理员','','',NULL,NULL,NULL,120,'id',NULL,'Y','N','N','N','N',36,'','',NULL,0,0,'single','checkbox','string',NULL,NULL,NULL,'402882f94680252d0146802b01f30130'),('402882f94680252d0146802b027d0149','航班号','admin','2014-06-09 18:27:21','管理员','','',NULL,NULL,NULL,120,'ticket_code',NULL,'N','N','Y','Y','Y',100,'','',NULL,1,0,'single','text','string',NULL,NULL,NULL,'402882f94680252d0146802b01f30130'),('402882f94680252d0146802b0280014a','航班时间','admin','2014-06-09 18:27:21','管理员','','',NULL,NULL,NULL,120,'tickect_date',NULL,'N','N','Y','Y','Y',10,'','',NULL,2,0,'single','datetime','Date',NULL,NULL,NULL,'402882f94680252d0146802b01f30130'),('402882f94680252d0146802b0282014b','外键','admin','2014-06-09 18:27:21','管理员','','',NULL,NULL,NULL,120,'fck_id',NULL,'N','N','N','N','N',36,'id','jform_order_main',NULL,3,0,'single','text','string',NULL,NULL,NULL,'402882f94680252d0146802b01f30130'),('402882f94680252d0146802b028a014c','主键','admin','2014-06-09 18:27:21','管理员','','',NULL,NULL,NULL,0,'id',NULL,'Y','N','N','N','N',36,'','',NULL,0,0,'single','text','string',NULL,NULL,NULL,'402882f94680252d0146802b01f60131'),('402882f94680252d0146802b028d014d','机构合计','admin','2014-06-09 18:27:21','管理员','','',NULL,NULL,NULL,0,'a',NULL,'N','N','Y','Y','Y',10,'','',NULL,1,2,'group','text','double',NULL,NULL,NULL,'402882f94680252d0146802b01f60131'),('402882f94680252d0146802b0290014e','行政小计','admin','2014-06-09 18:27:21','管理员','','',NULL,NULL,NULL,0,'b1',NULL,'N','N','N','Y','Y',10,'','',NULL,2,2,'group','text','double',NULL,NULL,NULL,'402882f94680252d0146802b01f60131'),('402882f94680252d0146802b0294014f','行政省','admin','2014-06-09 18:27:21','管理员','','',NULL,NULL,NULL,0,'b11',NULL,'N','N','N','Y','Y',100,'','',NULL,3,0,'group','text','string',NULL,NULL,NULL,'402882f94680252d0146802b01f60131'),('402882f94680252d0146802b02970150','行政市','admin','2014-06-09 18:27:21','管理员','','',NULL,NULL,NULL,0,'b12',NULL,'N','N','N','Y','Y',100,'','',NULL,4,0,'group','text','string',NULL,NULL,NULL,'402882f94680252d0146802b01f60131'),('402882f94680252d0146802b029a0151','行政县','admin','2014-06-09 18:27:21','管理员','','',NULL,NULL,NULL,0,'b13',NULL,'N','N','N','Y','Y',100,'','',NULL,5,0,'single','text','string',NULL,NULL,NULL,'402882f94680252d0146802b01f60131'),('402882f94680252d0146802b029e0152','事业合计','admin','2014-06-09 18:27:21','管理员','','',NULL,NULL,NULL,0,'b2',NULL,'N','N','N','Y','Y',10,'','',NULL,6,2,'single','text','double',NULL,NULL,NULL,'402882f94680252d0146802b01f60131'),('402882f94680252d0146802b02a10153','参公小计','admin','2014-06-09 18:27:21','管理员','','',NULL,NULL,NULL,0,'b3',NULL,'N','N','N','Y','Y',10,'','',NULL,7,2,'single','text','double',NULL,NULL,NULL,'402882f94680252d0146802b01f60131'),('402882f94680252d0146802b02a50154','参公省','admin','2014-06-09 18:27:21','管理员','','',NULL,NULL,NULL,0,'b31',NULL,'N','N','N','Y','Y',100,'','',NULL,8,0,'single','text','string',NULL,NULL,NULL,'402882f94680252d0146802b01f60131'),('402882f94680252d0146802b02a90155','参公市','admin','2014-06-09 18:27:21','管理员','','',NULL,NULL,NULL,0,'b32',NULL,'N','N','N','Y','Y',100,'','',NULL,9,0,'single','text','string',NULL,NULL,NULL,'402882f94680252d0146802b01f60131'),('402882f94680252d0146802b02ac0156','参公县','admin','2014-06-09 18:27:21','管理员','','',NULL,NULL,NULL,0,'b33',NULL,'N','N','N','Y','Y',100,'','',NULL,10,0,'single','text','string',NULL,NULL,NULL,'402882f94680252d0146802b01f60131'),('402882f94680252d0146802b02ae0157','全额拨款','admin','2014-06-09 18:27:21','管理员','','',NULL,NULL,NULL,0,'c1',NULL,'N','N','N','Y','Y',10,'','',NULL,11,2,'single','text','double',NULL,NULL,NULL,'402882f94680252d0146802b01f60131'),('402882f94680252d0146802b02b20158','差额拨款','admin','2014-06-09 18:27:21','管理员','','',NULL,NULL,NULL,0,'c2',NULL,'N','N','N','Y','Y',10,'','',NULL,12,2,'single','text','double',NULL,NULL,NULL,'402882f94680252d0146802b01f60131'),('402882f94680252d0146802b02b60159','自收自支','admin','2014-06-09 18:27:21','管理员','','',NULL,NULL,NULL,0,'c3',NULL,'N','N','N','Y','Y',10,'','',NULL,13,2,'single','text','double',NULL,NULL,NULL,'402882f94680252d0146802b01f60131'),('402882f94680252d0146802b02b9015a','经费合计','admin','2014-06-09 18:27:21','管理员','','',NULL,NULL,NULL,0,'d',NULL,'N','N','Y','Y','Y',10,'','',NULL,14,2,'single','text','int',NULL,NULL,NULL,'402882f94680252d0146802b01f60131'),('402882f94680252d0146802b02bc015b','机构资质','admin','2014-06-09 18:27:21','管理员','','',NULL,NULL,NULL,0,'d1',NULL,'N','N','N','Y','Y',1000,'','',NULL,15,0,'single','text','string',NULL,NULL,NULL,'402882f94680252d0146802b01f60131'),('402882f94684a3df014684cbcaa90008','主键','admin','2014-06-10 16:01:27','管理员','','','','','',120,'id','','Y','N','N','N','N',36,'','','id',1,0,'single','text','string',NULL,NULL,NULL,'402882f94684a3df014684cbcaa70007'),('402882f94684a3df014684cbcc770009','预约时间','admin','2014-06-10 16:01:27','管理员','','','','','',120,'appointment_time','','N','Y','Y','Y','Y',0,'','','appointment_time',2,0,'group','datetime','Date',NULL,NULL,NULL,'402882f94684a3df014684cbcaa70007'),('402882f94684a3df014684cbcc7b000a','预约持续时长','admin','2014-06-10 16:01:27','管理员','','','','','',120,'appointment_duration','','N','Y','N','Y','Y',11,'','','appointment_duration',3,0,'single','text','int',NULL,NULL,NULL,'402882f94684a3df014684cbcaa70007'),('402882f94684a3df014684cbccb1000b','预约状态','admin','2014-06-10 16:01:27','管理员','','','','','',120,'appointment_state','','N','N','N','Y','Y',4,'','','appointment_state',4,0,'single','list','int',NULL,NULL,NULL,'402882f94684a3df014684cbcaa70007'),('402882f94684a3df014684cbccb9000c','所属类型','admin','2014-06-10 16:01:27','管理员','','','','','',120,'typeid','','N','Y','N','Y','Y',4,'','','typeid',5,0,'single','list','int',NULL,NULL,NULL,'402882f94684a3df014684cbcaa70007'),('402882f94684a3df014684cbccc0000d','会议主题','admin','2014-06-10 16:01:27','管理员','','','','','',120,'subject','','N','Y','Y','Y','Y',50,'','','subject',6,0,'single','text','string',NULL,NULL,NULL,'402882f94684a3df014684cbcaa70007'),('402882f94684a3df014684cbccd0000e','会议主持人','admin','2014-06-10 16:01:27','管理员','','','','','',120,'compere','','N','Y','N','Y','Y',20,'','','compere',7,0,'single','text','string',NULL,NULL,NULL,'402882f94684a3df014684cbcaa70007'),('402882f94684a3df014684cbccd6000f','会议简介','admin','2014-06-10 16:01:27','管理员','','','','','',120,'introduction','','N','Y','N','Y','Y',1024,'','','introduction',8,0,'single','text','string',NULL,NULL,NULL,'402882f94684a3df014684cbcaa70007'),('402882f94684a3df014684cbcd500010','创建人','admin','2014-06-10 16:01:27','管理员','','','','','',120,'crtuser','','N','Y','N','N','N',36,'','','crtuser',9,0,'single','text','string',NULL,NULL,NULL,'402882f94684a3df014684cbcaa70007'),('402882f94684a3df014684cbcd570011','创建人名字','admin','2014-06-10 16:01:27','管理员','','','','','',120,'crtuser_name','','N','Y','N','N','N',32,'','','crtuser_name',10,0,'single','text','string',NULL,NULL,NULL,'402882f94684a3df014684cbcaa70007'),('402882f94684a3df014684cbcd5d0012','创建时间','admin','2014-06-10 16:01:27','管理员','','','','','',120,'create_dt','','N','Y','N','N','N',0,'','','create_dt',11,0,'single','text','Date',NULL,NULL,NULL,'402882f94684a3df014684cbcaa70007'),('402882f94684a3df014684cbcd610013','修改人','admin','2014-06-10 16:01:27','管理员','','','','','',120,'modifier','','N','Y','N','N','N',36,'','','modifier',12,0,'single','text','string',NULL,NULL,NULL,'402882f94684a3df014684cbcaa70007'),('402882f94684a3df014684cbcdf90014','修改人名字','admin','2014-06-10 16:01:28','管理员','','','','','',120,'modifier_name','','N','Y','N','N','N',32,'','','modifier_name',13,0,'single','text','string',NULL,NULL,NULL,'402882f94684a3df014684cbcaa70007'),('402882f94684a3df014684cbce140015','修改时间','admin','2014-06-10 16:01:28','管理员','','','','','',120,'modify_dt','','N','Y','N','N','N',0,'','','modify_dt',14,0,'single','text','Date',NULL,NULL,NULL,'402882f94684a3df014684cbcaa70007'),('402882f94684a3df014684cbce1b0016','删除标记','admin','2014-06-10 16:01:28','管理员','','','','','',120,'delflag','','N','Y','N','N','N',1,'','','delflag',15,0,'single','text','int',NULL,NULL,NULL,'402882f94684a3df014684cbcaa70007'),('402882f94684a3df014684cbce1f0017','删除时间','admin','2014-06-10 16:01:28','管理员','','','','','',120,'del_dt','','N','Y','N','N','N',0,'','','del_dt',16,0,'single','text','Date',NULL,NULL,NULL,'402882f94684a3df014684cbcaa70007');
/*!40000 ALTER TABLE `cgform_field` ENABLE KEYS */;
UNLOCK TABLES;

--
-- Table structure for table `cgform_ftl`
--

DROP TABLE IF EXISTS `cgform_ftl`;
/*!40101 SET @saved_cs_client     = @@character_set_client */;
/*!40101 SET character_set_client = utf8 */;
CREATE TABLE `cgform_ftl` (
  `ID` varchar(32) NOT NULL,
  `CGFORM_ID` varchar(36) NOT NULL,
  `CGFORM_NAME` varchar(100) NOT NULL,
  `CREATE_BY` varchar(36) DEFAULT NULL,
  `CREATE_DATE` datetime DEFAULT NULL,
  `CREATE_NAME` varchar(32) DEFAULT NULL,
  `FTL_CONTENT` longtext,
  `FTL_STATUS` varchar(50) DEFAULT NULL,
  `FTL_VERSION` int(11) NOT NULL,
  `FTL_WORD_URL` varchar(200) DEFAULT NULL,
  `UPDATE_BY` varchar(36) DEFAULT NULL,
  `UPDATE_DATE` datetime DEFAULT NULL,
  `UPDATE_NAME` varchar(32) DEFAULT NULL,
  PRIMARY KEY (`ID`)
) ENGINE=InnoDB DEFAULT CHARSET=utf8;
/*!40101 SET character_set_client = @saved_cs_client */;

--
-- Dumping data for table `cgform_ftl`
--

LOCK TABLES `cgform_ftl` WRITE;
/*!40000 ALTER TABLE `cgform_ftl` DISABLE KEYS */;
INSERT INTO `cgform_ftl` VALUES ('402882f94684a3df014684d6f9610019','402882f94684a3df014684cbcaa70007','会议预约列表','admin','2014-06-10 16:13:40','管理员','<html xmlns:m=\"http://schemas.microsoft.com/office/2004/12/omml\">\r\n<head>\r\n	<title></title>\r\n	<link href=\"plug-in/easyui/themes/default/easyui.css\" id=\"easyuiTheme\" rel=\"stylesheet\" type=\"text/css\" />\r\n	<link href=\"plug-in/easyui/themes/icon.css\" rel=\"stylesheet\" type=\"text/css\" />\r\n	<link href=\"plug-in/accordion/css/accordion.css\" rel=\"stylesheet\" type=\"text/css\" />\r\n	<link href=\"plug-in/Validform/css/style.css\" rel=\"stylesheet\" type=\"text/css\" />\r\n	<link href=\"plug-in/Validform/css/tablefrom.css\" rel=\"stylesheet\" type=\"text/css\" />\r\n	<style type=\"text/css\">body{font-size:12px;}table{border: 1px solid #000000;padding:0; margin:0 auto;border-collapse: collapse;width:100%;align:right;}td {border: 1px solid #000000;background: #fff;font-size:12px;padding: 3px 3px 3px 8px;color: #000000;word-break: keep-all;}\r\n	</style>\r\n</head>\r\n<script type=\"text/javascript\" src=\"plug-in/jquery/jquery-1.8.3.js\"></script><script type=\"text/javascript\" src=\"plug-in/tools/dataformat.js\"></script><script type=\"text/javascript\" src=\"plug-in/easyui/jquery.easyui.min.1.3.2.js\"></script><script type=\"text/javascript\" src=\"plug-in/easyui/locale/easyui-lang-zh_CN.js\"></script><script type=\"text/javascript\" src=\"plug-in/tools/syUtil.js\"></script><script type=\"text/javascript\" src=\"plug-in/My97DatePicker/WdatePicker.js\"></script><script type=\"text/javascript\" src=\"plug-in/lhgDialog/lhgdialog.min.js\"></script><script type=\"text/javascript\" src=\"plug-in/tools/curdtools.js\"></script><script type=\"text/javascript\" src=\"plug-in/tools/easyuiextend.js\"></script><script type=\"text/javascript\" src=\"plug-in/Validform/js/Validform_v5.3.1_min.js\"></script><script type=\"text/javascript\" src=\"plug-in/Validform/js/Validform_Datatype.js\"></script><script type=\"text/javascript\" src=\"plug-in/Validform/js/datatype.js\"></script><script type=\"text/javascript\" src=\"plug-in/Validform/plugin/passwordStrength/passwordStrength-min.js\"></script><script type=\"text/javascript\">$(function(){$(\"#formobj\").Validform({tiptype:4,btnSubmit:\"#btn_sub\",btnReset:\"#btn_reset\",ajaxPost:true,usePlugin:{passwordstrength:{minLen:6,maxLen:18,trigger:function(obj,error){if(error){obj.parent().next().find(\".Validform_checktip\").show();obj.find(\".passwordStrength\").hide();}else{$(\".passwordStrength\").show();obj.parent().next().find(\".Validform_checktip\").hide();}}}},callback:function(data){var win = frameElement.api.opener;if(data.success==true){frameElement.api.close();win.tip(data.msg);}else{if(data.responseText==\'\'||data.responseText==undefined)$(\"#formobj\").html(data.msg);else $(\"#formobj\").html(data.responseText); return false;}win.reloadTable();}});});</script>\r\n<body>\r\n<form enctype=\"multipart/form-data\" id=\"1\" method=\"get\" name=\"会议预约列表\">&nbsp;</form>\r\n</body>\r\n<script type=\"text/javascript\">${js_plug_in?if_exists}</script></html>\r\n','1',0,'','admin','2014-06-10 16:13:45','管理员');
/*!40000 ALTER TABLE `cgform_ftl` ENABLE KEYS */;
UNLOCK TABLES;

--
-- Table structure for table `cgform_head`
--

DROP TABLE IF EXISTS `cgform_head`;
/*!40101 SET @saved_cs_client     = @@character_set_client */;
/*!40101 SET character_set_client = utf8 */;
CREATE TABLE `cgform_head` (
  `id` varchar(32) NOT NULL,
  `content` varchar(200) NOT NULL,
  `create_by` varchar(32) DEFAULT NULL,
  `create_date` datetime DEFAULT NULL,
  `create_name` varchar(32) DEFAULT NULL,
  `is_checkbox` varchar(5) NOT NULL,
  `is_dbsynch` varchar(20) NOT NULL,
  `is_pagination` varchar(5) NOT NULL,
  `is_tree` varchar(5) NOT NULL,
  `jform_pk_sequence` varchar(200) DEFAULT NULL,
  `jform_pk_type` varchar(100) DEFAULT NULL,
  `jform_type` int(11) NOT NULL,
  `jform_version` varchar(10) NOT NULL,
  `querymode` varchar(10) NOT NULL,
  `relation_type` int(11) DEFAULT NULL,
  `sub_table_str` longtext,
  `tab_order` int(11) DEFAULT NULL,
  `table_name` varchar(20) NOT NULL,
  `update_by` varchar(32) DEFAULT NULL,
  `update_date` datetime DEFAULT NULL,
  `update_name` varchar(32) DEFAULT NULL,
  PRIMARY KEY (`id`)
) ENGINE=InnoDB DEFAULT CHARSET=utf8;
/*!40101 SET character_set_client = @saved_cs_client */;

--
-- Dumping data for table `cgform_head`
--

LOCK TABLES `cgform_head` WRITE;
/*!40000 ALTER TABLE `cgform_head` DISABLE KEYS */;
INSERT INTO `cgform_head` VALUES ('402882f94680252d0146802b01d6012d','订单主信息','admin','2014-06-09 18:27:21','管理员','N','N','Y','N',NULL,'UUID',2,'57','group',0,'jform_order_ticket,jform_order_customer',NULL,'jform_order_main',NULL,NULL,NULL),('402882f94680252d0146802b01eb012e','请假单','admin','2014-06-09 18:27:21','管理员','N','N','Y','N',NULL,'UUID',1,'51','group',0,NULL,NULL,'jform_leave',NULL,NULL,NULL),('402882f94680252d0146802b01f0012f','订单客户信息','admin','2014-06-09 18:27:21','管理员','Y','N','Y','N',NULL,'UUID',3,'16','single',0,NULL,NULL,'jform_order_customer',NULL,NULL,NULL),('402882f94680252d0146802b01f30130','订单机票信息','admin','2014-06-09 18:27:21','管理员','N','N','Y','N',NULL,'UUID',3,'20','single',0,NULL,NULL,'jform_order_ticket',NULL,NULL,NULL),('402882f94680252d0146802b01f60131','价格认证机构统计表','admin','2014-06-09 18:27:21','管理员','N','N','Y','N',NULL,'UUID',1,'3','group',0,NULL,NULL,'jform_price1',NULL,NULL,NULL),('402882f94684a3df014684cbcaa70007','预约会议信息','admin','2014-06-10 16:01:27','管理员','Y','Y','Y','N','','UUID',1,'2','group',0,NULL,NULL,'appointment_meeting','admin','2014-06-10 16:06:21','管理员');
/*!40000 ALTER TABLE `cgform_head` ENABLE KEYS */;
UNLOCK TABLES;

--
-- Table structure for table `cgform_uploadfiles`
--

DROP TABLE IF EXISTS `cgform_uploadfiles`;
/*!40101 SET @saved_cs_client     = @@character_set_client */;
/*!40101 SET character_set_client = utf8 */;
CREATE TABLE `cgform_uploadfiles` (
  `CGFORM_FIELD` varchar(100) NOT NULL,
  `CGFORM_ID` varchar(36) NOT NULL,
  `CGFORM_NAME` varchar(100) NOT NULL,
  `id` varchar(32) NOT NULL,
  PRIMARY KEY (`id`),
  KEY `FK_qwig8sn3okhvh4wye8nn8gdeg` (`id`),
  CONSTRAINT `FK_qwig8sn3okhvh4wye8nn8gdeg` FOREIGN KEY (`id`) REFERENCES `t_s_attachment` (`ID`)
) ENGINE=InnoDB DEFAULT CHARSET=utf8;
/*!40101 SET character_set_client = @saved_cs_client */;

--
-- Dumping data for table `cgform_uploadfiles`
--

LOCK TABLES `cgform_uploadfiles` WRITE;
/*!40000 ALTER TABLE `cgform_uploadfiles` DISABLE KEYS */;
/*!40000 ALTER TABLE `cgform_uploadfiles` ENABLE KEYS */;
UNLOCK TABLES;

--
-- Table structure for table `channel_info`
--

DROP TABLE IF EXISTS `channel_info`;
/*!40101 SET @saved_cs_client     = @@character_set_client */;
/*!40101 SET character_set_client = utf8 */;
CREATE TABLE `channel_info` (
  `ID` varchar(36) NOT NULL DEFAULT '' COMMENT '主键',
  `ChannelName` varchar(100) DEFAULT NULL COMMENT '频道名',
  `meetingID` varchar(36) DEFAULT NULL COMMENT '会议ID',
  `Codec1ID` varchar(36) DEFAULT NULL COMMENT '主Codec1',
  `isRecord1` tinyint(4) DEFAULT '0' COMMENT 'Codec1是否录制',
  `Codec2ID` varchar(36) DEFAULT NULL COMMENT '备Codec2',
  `isRecord2` tinyint(4) DEFAULT '0' COMMENT 'Codec2是否录制',
  `authortiy_group_cid` varchar(36) DEFAULT NULL COMMENT '自定义权限组ID',
  `authortiy_group_TYPE` varchar(1) DEFAULT NULL COMMENT '类型',
  `authortiy_Terminlgroup_cid` varchar(36) DEFAULT NULL COMMENT '分配终端权限组（匿名类）',
  `authortiy_Usergroup_cid` varchar(36) DEFAULT NULL COMMENT '用户自定义权限组',
  `CREATE_BY` varchar(36) DEFAULT NULL COMMENT '创建人',
  `CREATE_NAME` varchar(32) DEFAULT NULL COMMENT '创建人名字',
  `CREATE_DATE` datetime DEFAULT NULL COMMENT '创建时间',
  `UPDATE_BY` varchar(36) DEFAULT NULL COMMENT '修改人',
  `UPDATE_NAME` varchar(32) DEFAULT NULL COMMENT '修改人名字',
  `UPDATE_DATE` datetime DEFAULT NULL COMMENT '修改时间',
  `DELFLAG` int(2) DEFAULT '0' COMMENT '删除标记',
  `DEL_DATE` datetime DEFAULT NULL COMMENT '删除时间',
  PRIMARY KEY (`ID`)
) ENGINE=InnoDB DEFAULT CHARSET=utf8;
/*!40101 SET character_set_client = @saved_cs_client */;

--
-- Dumping data for table `channel_info`
--

LOCK TABLES `channel_info` WRITE;
/*!40000 ALTER TABLE `channel_info` DISABLE KEYS */;
INSERT INTO `channel_info` VALUES ('3938a705-6061-c7ed-d5b1-77661581e324',NULL,'1379309974444','6a494ae5-2429-47bd-8f99-d79d3ffea704',0,'',0,'2dd4452f-3030-4fc2-8492-9d44093f6314','1',NULL,'707c7f12-0a68-4be2-9fe5-6fb27b739fc0',NULL,'超级用户','2013-09-16 13:42:29',NULL,NULL,NULL,0,NULL),('63437160-f1a8-763b-7ab6-0509abf06735',NULL,'1381305515513','1d081fc9-5a29-4355-864e-ad7583dab9a1',1,'85b6ec9c-7493-4f04-b48e-5aba01b45c23',1,'038b442f-7e9e-4523-950f-9fa2108033c0','1','592d6e3d-324b-4bb1-841d-46a9d7cf29e0','707c7f12-0a68-4be2-9fe5-6fb27b739fc0','0','超级用户','2013-10-09 15:59:30',NULL,NULL,NULL,0,NULL),('69a6aec6-f6e9-dd51-57e3-99c185cbb72f',NULL,'1381305769230','1d081fc9-5a29-4355-864e-ad7583dab9a1',0,'85b6ec9c-7493-4f04-b48e-5aba01b45c23',0,'038b442f-7e9e-4523-950f-9fa2108033c0','1','f19df2a0-2143-4691-af4a-3e45e8d8a8a3','707c7f12-0a68-4be2-9fe5-6fb27b739fc0','0','超级用户','2013-10-09 16:03:15',NULL,NULL,NULL,0,NULL),('7006d7aa-0b72-f9e1-acf7-606ecb2a2beb',NULL,'1379310406586','6a494ae5-2429-47bd-8f99-d79d3ffea704',0,'',0,'038b442f-7e9e-4523-950f-9fa2108033c0','1','de1524b9-241e-4aea-9176-991e9d59c71c','707c7f12-0a68-4be2-9fe5-6fb27b739fc0','0','超级用户','2013-09-16 13:47:15',NULL,NULL,NULL,0,NULL),('832efa86-e528-65f3-d797-0d974634d77d',NULL,'1378104364056','6a494ae5-2429-47bd-8f99-d79d3ffea704',1,'',0,'c56c4320-fdee-4382-a372-b27e8e982b09','1',NULL,NULL,NULL,'超级用户','2013-09-02 14:48:17',NULL,NULL,NULL,0,NULL),('91537d7e-c683-550a-f88c-058bc93b0d37',NULL,'1377766407699','a31451b6-7394-444d-a75a-197eac7ad65b',0,'',0,'038b442f-7e9e-4523-950f-9fa2108033c0','1','f2c7c60c-419b-4ff1-8bd7-1b1b13cab186',NULL,'0','超级用户','2013-08-29 16:53:39',NULL,NULL,NULL,0,NULL),('9e1152d1-a5a8-e3b4-44dd-9b3ece5c0d4f',NULL,'1379319318398','85b6ec9c-7493-4f04-b48e-5aba01b45c23',0,'',0,'038b442f-7e9e-4523-950f-9fa2108033c0','1','84691e6e-fbb9-4d41-856a-2ac4ca673b38','707c7f12-0a68-4be2-9fe5-6fb27b739fc0','0','超级用户','2013-09-16 16:16:00',NULL,NULL,NULL,0,NULL),('a756bcc0-df3e-9ba7-0bac-451aec016c32',NULL,'1377739932574','26c36f6a-f329-4de3-aafd-2155c222c961',1,'',0,'038b442f-7e9e-4523-950f-9fa2108033c0','1',NULL,NULL,NULL,'超级用户','2013-08-29 16:49:53',NULL,NULL,NULL,0,NULL),('b3bcae94-ca38-7514-245d-e6aaa3da795e',NULL,'1379305874247','a31451b6-7394-444d-a75a-197eac7ad65b',0,'',0,'038b442f-7e9e-4523-950f-9fa2108033c0','1','97576ce6-3d02-4f15-b21f-1ee9aeae1d4a','707c7f12-0a68-4be2-9fe5-6fb27b739fc0','0','超级用户','2013-09-16 12:32:08',NULL,NULL,NULL,0,NULL),('c3ff48ce-2dca-51c2-1fcb-86b1351cd4b9',NULL,'1378892438764','1d081fc9-5a29-4355-864e-ad7583dab9a1',0,'26c36f6a-f329-4de3-aafd-2155c222c961',0,'038b442f-7e9e-4523-950f-9fa2108033c0','1','2e3ca5c3-cf0a-488e-9e31-a31a6eb9464c',NULL,'0','超级用户','2013-09-11 17:40:58',NULL,NULL,NULL,0,NULL),('da649ee7-8d2b-15ca-bb09-3b559452e5b9',NULL,'1377747236290','85b6ec9c-7493-4f04-b48e-5aba01b45c23',0,'',0,'038b442f-7e9e-4523-950f-9fa2108033c0','1',NULL,NULL,NULL,'超级用户','2013-08-29 12:06:18',NULL,NULL,NULL,0,NULL),('ed262e08-c713-b9d3-9c78-b162238dd405',NULL,'1377767614370','1d081fc9-5a29-4355-864e-ad7583dab9a1',0,'',0,'2dd4452f-3030-4fc2-8492-9d44093f6314','1','8a597cc5-0487-40ea-9873-0cc461a1c344',NULL,'0','超级用户','2013-08-29 17:19:23',NULL,NULL,NULL,0,NULL),('f7d1640d-d910-77d4-1351-b3c28e56d997',NULL,'1379310629148','6a494ae5-2429-47bd-8f99-d79d3ffea704',1,'85b6ec9c-7493-4f04-b48e-5aba01b45c23',1,'2dd4452f-3030-4fc2-8492-9d44093f6314','1',NULL,'af995838-ae1c-4dcd-b933-56e8e6f21306',NULL,'超级用户','2013-09-16 13:53:03',NULL,NULL,NULL,0,NULL),('f918cb01-53c6-6d39-36a0-d7a625cb1e75',NULL,'1379319052764','6a494ae5-2429-47bd-8f99-d79d3ffea704',1,'',0,'038b442f-7e9e-4523-950f-9fa2108033c0','1','4746e15f-9482-40c3-aac0-d344b3355409','af995838-ae1c-4dcd-b933-56e8e6f21306','0','超级用户','2013-09-16 16:11:20',NULL,NULL,NULL,0,NULL);
/*!40000 ALTER TABLE `channel_info` ENABLE KEYS */;
UNLOCK TABLES;

--
-- Table structure for table `ck_editor`
--

DROP TABLE IF EXISTS `ck_editor`;
/*!40101 SET @saved_cs_client     = @@character_set_client */;
/*!40101 SET character_set_client = utf8 */;
CREATE TABLE `ck_editor` (
  `ID` varchar(32) NOT NULL,
  `CONTENTS` blob,
  PRIMARY KEY (`ID`)
) ENGINE=InnoDB DEFAULT CHARSET=utf8;
/*!40101 SET character_set_client = @saved_cs_client */;

--
-- Dumping data for table `ck_editor`
--

LOCK TABLES `ck_editor` WRITE;
/*!40000 ALTER TABLE `ck_editor` DISABLE KEYS */;
INSERT INTO `ck_editor` VALUES ('402882f94680252d0146802b01c3012c','<html><head><title></title><link href=\'plug-in/easyui/themes/default/easyui.css\' id=\'easyuiTheme\' rel=\'stylesheet\' type=\'text/css\' /><link href=\'plug-in/easyui/themes/icon.css\' rel=\'stylesheet\' type=\'text/css\' /><link href=\'plug-in/accordion/css/accordion.css\' rel=\'stylesheet\' type=\'text/css\' /><link href=\'plug-in/Validform/css/style.css\' rel=\'stylesheet\' type=\'text/css\' /><link href=\'plug-in/Validform/css/tablefrom.css\' rel=\'stylesheet\' type=\'text/css\' /><style type=\'text/css\'>body{font-size:12px;}table {border:1px solid #000000;border-collapse: collapse;}td {border:1px solid #000000;background:white;font-size:12px;font-family: ;color: #333;</style></head><body><div><p>2</p><h1 style=\'text-align:center\'><span style=\'font-size:24px\'><strong>۸֤ԱͳƱ</strong></span></h1><p>λ£<input name=\'org_name\' type=\'text\' value=\'${org_name?if_exists?html}\' /></p><p>λţ<input name=\'num\' type=\'text\' value=\'${num?if_exists?html}\' /> &nbsp;&nbsp;&nbsp;&nbsp;&nbsp;&nbsp;&nbsp;&nbsp;&nbsp;&nbsp;&nbsp;&nbsp;&nbsp;&nbsp;&nbsp;&nbsp;&nbsp;&nbsp;&nbsp;&nbsp;&nbsp;&nbsp;&nbsp;&nbsp;&nbsp;&nbsp;&nbsp;&nbsp;&nbsp;&nbsp;&nbsp;&nbsp;&nbsp;&nbsp;&nbsp;&nbsp;&nbsp;&nbsp;&nbsp;&nbsp;&nbsp;&nbsp;&nbsp;&nbsp;&nbsp;&nbsp;&nbsp;&nbsp;&nbsp;&nbsp;&nbsp;&nbsp;&nbsp;&nbsp;&nbsp;&nbsp;&nbsp;&nbsp;λ&nbsp;&nbsp;&nbsp;&nbsp;&nbsp;&nbsp;&nbsp;&nbsp;&nbsp;&nbsp;&nbsp;&nbsp;&nbsp;&nbsp;&nbsp;&nbsp;&nbsp;&nbsp; ڣ&nbsp;&nbsp;&nbsp;&nbsp;&nbsp; &nbsp;&nbsp; &nbsp;&nbsp; </p><form action=\'cgFormBuildController.do?saveOrUpdate\' id=\'formobj\' method=\'post\' name=\'formobj\'><input name=\'tableName\' type=\'hidden\' value=\'${tableName?if_exists?html}\' /> <input name=\'id\' type=\'hidden\' value=\'${id?if_exists?html}\' />#{jform_hidden_field}<input type=\'hidden\' /><p>&nbsp;</p><table border=\'1\' cellpadding=\'0\' cellspacing=\'0\' style=\'width:1016px\'><tbody><tr><td rowspan=\'4\'><p>&nbsp;</p><p>&nbsp;</p><p>ϼ</p><p>&nbsp;</p></td><td colspan=\'6\' rowspan=\'2\'><p>&nbsp;</p><p></p></td><td colspan=\'5\' rowspan=\'2\'><p>&nbsp;</p><p>ѧ</p></td><td colspan=\'4\' rowspan=\'2\'><p>&nbsp;</p><p>ȡõģϸڣִҵʸ</p></td><td colspan=\'4\'><p>רҵְ</p></td></tr><tr><td colspan=\'4\'><p>ϵСϵУ</p></td></tr><tr><td colspan=\'3\'><p>ڱԱ</p></td><td colspan=\'2\'><p>ƸԱ</p></td><td rowspan=\'2\'><p>ʱ()Ա</p></td><td rowspan=\'2\'><p></p></td><td rowspan=\'2\'><p>ר</p></td><td rowspan=\'2\'><p></p></td><td rowspan=\'2\'><p>о</p></td><td rowspan=\'2\'><p></p></td><td rowspan=\'2\'><p>۸</p><p>֤Ա</p></td><td rowspan=\'2\'><p>۸</p><p>֤ʦ</p></td><td rowspan=\'2\'><p></p><p>öԱ</p></td><td rowspan=\'2\'><p></p></td><td rowspan=\'2\'><p></p></td><td rowspan=\'2\'><p>м</p></td><td rowspan=\'2\'><p>߼</p></td><td rowspan=\'2\'><p></p></td></tr><tr><td><p>λ</p></td><td colspan=\'2\'><p></p></td><td><p></p></td><td><p></p></td></tr><tr><td><p>A1</p></td><td><p>B1</p></td><td><p>B2</p></td><td colspan=\'2\'><p>B3</p></td><td><p>B4</p></td><td><p>B5</p></td><td><p>C1</p></td><td><p>C2</p></td><td><p>C3</p></td><td><p>C4</p></td><td><p>C5</p></td><td><p>D1</p></td><td><p>D2</p></td><td><p>D3</p></td><td><p>D4</p></td><td><p>E1</p></td><td><p>E2</p></td><td><p>E3</p></td><td><p>E4</p></td></tr><tr><td><p><input name=\'a1\' size=\'4\' type=\'text\' value=\'${a1?if_exists?html}\' /></p></td><td><p><input name=\'b1\' size=\'4\' type=\'text\' value=\'${b1?if_exists?html}\' /></p></td><td><p><input name=\'b2\' size=\'4\' type=\'text\' value=\'${b2?if_exists?html}\' /></p></td><td colspan=\'2\'><p><input name=\'b3\' size=\'4\' type=\'text\' value=\'${b3?if_exists?html}\' /></p></td><td><p><input name=\'b4\' size=\'4\' type=\'text\' value=\'${b4?if_exists?html}\' /></p></td><td><p><input name=\'b5\' size=\'4\' type=\'text\' value=\'${b5?if_exists?html}\' /></p></td><td><p><input name=\'c1\' size=\'4\' type=\'text\' value=\'${c1?if_exists?html}\' /></p></td><td><p><input name=\'c2\' size=\'4\' type=\'text\' value=\'${c2?if_exists?html}\' /></p></td><td><p><input name=\'c3\' size=\'4\' type=\'text\' value=\'${c3?if_exists?html}\' /></p></td><td><p><input name=\'c4\' size=\'4\' type=\'text\' value=\'${c4?if_exists?html}\' /></p></td><td><p><input name=\'c5\' size=\'4\' type=\'text\' value=\'${c5?if_exists?html}\' /></p></td><td><p><input name=\'d1\' size=\'4\' type=\'text\' value=\'${d1?if_exists?html}\' /></p></td><td><p><input name=\'d2\' size=\'4\' type=\'text\' value=\'${d2?if_exists?html}\' /></p></td><td><p><input name=\'d3\' size=\'4\' type=\'text\' value=\'${d3?if_exists?html}\' /></p></td><td><p><input name=\'d4\' size=\'4\' type=\'text\' value=\'${d4?if_exists?html}\' /></p></td><td><p><input name=\'e1\' size=\'4\' type=\'text\' value=\'${e1?if_exists?html}\' /></p></td><td><p><input name=\'e2\' size=\'4\' type=\'text\' value=\'${e2?if_exists?html}\' /></p></td><td><p><input name=\'e3\' size=\'4\' type=\'text\' value=\'${e3?if_exists?html}\' /></p></td><td><p><input name=\'e4\' size=\'4\' type=\'text\' value=\'${e4?if_exists?html}\' /></p></td></tr><tr><td colspan=\'20\'><p>&nbsp;</p><p>˵</p><p>һϼƣAͳƽֹڵıԱ</p><p></p><p>ڱԱֱռ۸֤ڼм۸ܲűƵʵB1B2ڡ</p><p>ƸԱվ۸ܲŻ۸֤²ϿɵĲǩϵĹͬԱB3Լûо۸ܲŻ۸֤²ϿɵǩͬԱB4ֱͳơ</p><p>ʱãԱB5ָƸʱ߹ϵڱλ޳ƸúͬĽԱȡ</p><p>ڸĿϵ</p><p>A=B1+B2+B3+B4+B5=C1+C2+C3+C4+C5=D1+D2+D3+D4=E1+E2+E3+E4</p></td></tr></tbody></table></form></div></body></html>');
/*!40000 ALTER TABLE `ck_editor` ENABLE KEYS */;
UNLOCK TABLES;

--
-- Table structure for table `ck_finder`
--

DROP TABLE IF EXISTS `ck_finder`;
/*!40101 SET @saved_cs_client     = @@character_set_client */;
/*!40101 SET character_set_client = utf8 */;
CREATE TABLE `ck_finder` (
  `ID` varchar(32) NOT NULL,
  `ATTACHMENT` varchar(255) DEFAULT NULL,
  `IMAGE` varchar(255) DEFAULT NULL,
  `REMARK` longtext,
  PRIMARY KEY (`ID`)
) ENGINE=InnoDB DEFAULT CHARSET=utf8;
/*!40101 SET character_set_client = @saved_cs_client */;

--
-- Dumping data for table `ck_finder`
--

LOCK TABLES `ck_finder` WRITE;
/*!40000 ALTER TABLE `ck_finder` DISABLE KEYS */;
/*!40000 ALTER TABLE `ck_finder` ENABLE KEYS */;
UNLOCK TABLES;

--
-- Table structure for table `conf_codec_info`
--

DROP TABLE IF EXISTS `conf_codec_info`;
/*!40101 SET @saved_cs_client     = @@character_set_client */;
/*!40101 SET character_set_client = utf8 */;
CREATE TABLE `conf_codec_info` (
  `ID` varchar(36) NOT NULL DEFAULT '' COMMENT '主键',
  `NAME` varchar(20) DEFAULT NULL COMMENT 'Codec名称',
  `GROUPID` varchar(36) DEFAULT NULL COMMENT '地理位置',
  `RESOURCES` char(2) DEFAULT NULL COMMENT '路数占用情况',
  `DESCRIPT` varchar(20) DEFAULT NULL COMMENT '描述',
  `MACADDRESS` varchar(20) DEFAULT NULL COMMENT 'mac地址',
  `IPADDRESS` varchar(20) DEFAULT NULL COMMENT 'IP地址',
  `CodecURL` varchar(100) DEFAULT NULL COMMENT '直播URL',
  `Disable` char(1) DEFAULT '0' COMMENT '是否启用',
  `CREATE_BY` varchar(36) DEFAULT NULL COMMENT '创建人',
  `CREATE_NAME` varchar(32) DEFAULT NULL COMMENT '创建人名字',
  `CREATE_DATE` datetime DEFAULT NULL COMMENT '创建时间',
  `UPDATE_BY` varchar(36) DEFAULT NULL COMMENT '修改人',
  `UPDATE_NAME` varchar(32) DEFAULT NULL COMMENT '修改人名字',
  `UPDATE_DATE` datetime DEFAULT NULL COMMENT '修改时间',
  `DELFLAG` int(2) DEFAULT '0' COMMENT '删除标记',
  `DEL_DATE` datetime DEFAULT NULL COMMENT '删除时间',
  `CR` varchar(45) DEFAULT NULL,
  PRIMARY KEY (`ID`),
  UNIQUE KEY `MACADDRESS` (`MACADDRESS`),
  UNIQUE KEY `NAME` (`NAME`)
) ENGINE=InnoDB DEFAULT CHARSET=utf8;
/*!40101 SET character_set_client = @saved_cs_client */;

--
-- Dumping data for table `conf_codec_info`
--

LOCK TABLES `conf_codec_info` WRITE;
/*!40000 ALTER TABLE `conf_codec_info` DISABLE KEYS */;
INSERT INTO `conf_codec_info` VALUES ('402881ae478611620147861597af0008','12','12',NULL,'12','1C:AA:07:99:1F:10','192.168.3.210','udp://@226.0.0.6:2002','1','admin','管理员','2014-07-30 15:04:28','admin','管理员','2014-08-08 18:52:53',0,NULL,'402881ae47861162014786159893000a');
/*!40000 ALTER TABLE `conf_codec_info` ENABLE KEYS */;
UNLOCK TABLES;

--
-- Table structure for table `conf_codec_recordsrv`
--

DROP TABLE IF EXISTS `conf_codec_recordsrv`;
/*!40101 SET @saved_cs_client     = @@character_set_client */;
/*!40101 SET character_set_client = utf8 */;
CREATE TABLE `conf_codec_recordsrv` (
  `ID` varchar(36) NOT NULL DEFAULT '' COMMENT '主键',
  `CODECID` varchar(36) DEFAULT NULL COMMENT '编码器ID',
  `RECORDSRVID` varchar(36) DEFAULT NULL COMMENT '录制服务器ID',
  `CREATE_BY` varchar(36) DEFAULT NULL COMMENT '创建人',
  `CREATE_NAME` varchar(32) DEFAULT NULL COMMENT '创建人名字',
  `CREATE_DATE` datetime DEFAULT NULL COMMENT '创建时间',
  `UPDATE_BY` varchar(36) DEFAULT NULL COMMENT '修改人',
  `UPDATE_NAME` varchar(32) DEFAULT NULL COMMENT '修改人名字',
  `UPDATE_DATE` datetime DEFAULT NULL COMMENT '修改时间',
  `DELFLAG` int(2) DEFAULT '0' COMMENT '删除标记',
  `DEL_DATE` datetime DEFAULT NULL COMMENT '删除时间',
  PRIMARY KEY (`ID`)
) ENGINE=InnoDB DEFAULT CHARSET=utf8;
/*!40101 SET character_set_client = @saved_cs_client */;

--
-- Dumping data for table `conf_codec_recordsrv`
--

LOCK TABLES `conf_codec_recordsrv` WRITE;
/*!40000 ALTER TABLE `conf_codec_recordsrv` DISABLE KEYS */;
INSERT INTO `conf_codec_recordsrv` VALUES ('402881ae47861162014786159893000a','402881ae478611620147861597af0008','402881ae4786116201478613cc380003','admin','管理员','2014-07-30 15:04:28',NULL,NULL,NULL,0,NULL),('402882ed47425f44014742611d2f0003','402882ed47425f44014742611ca50001','402882ed4742515201474257273f000a','admin','管理员','2014-07-17 11:32:47',NULL,NULL,NULL,0,NULL);
/*!40000 ALTER TABLE `conf_codec_recordsrv` ENABLE KEYS */;
UNLOCK TABLES;

--
-- Table structure for table `conf_district_template`
--

DROP TABLE IF EXISTS `conf_district_template`;
/*!40101 SET @saved_cs_client     = @@character_set_client */;
/*!40101 SET character_set_client = utf8 */;
CREATE TABLE `conf_district_template` (
  `id` varchar(36) NOT NULL COMMENT '主键',
  `CDESC` varchar(255) DEFAULT NULL COMMENT '描述',
  `CNAME` varchar(255) DEFAULT NULL COMMENT '组名',
  `CICONCLS` varchar(36) DEFAULT NULL COMMENT '图形类型',
  `CPID` varchar(36) DEFAULT NULL COMMENT '父ID号',
  `CREATE_BY` varchar(36) DEFAULT NULL COMMENT '创建人',
  `CREATE_NAME` varchar(32) DEFAULT NULL COMMENT '创建人名字',
  `CREATE_DATE` datetime DEFAULT NULL COMMENT '创建时间',
  `UPDATE_BY` varchar(36) DEFAULT NULL COMMENT '修改人',
  `UPDATE_NAME` varchar(32) DEFAULT NULL COMMENT '修改人名字',
  `UPDATE_DATE` datetime DEFAULT NULL COMMENT '修改时间',
  `DELFLAG` int(2) DEFAULT '0' COMMENT '删除标记',
  `DEL_DATE` datetime DEFAULT NULL COMMENT '删除时间',
  PRIMARY KEY (`id`),
  KEY `CPID` (`CPID`)
) ENGINE=InnoDB DEFAULT CHARSET=utf8;
/*!40101 SET character_set_client = @saved_cs_client */;

--
-- Dumping data for table `conf_district_template`
--

LOCK TABLES `conf_district_template` WRITE;
/*!40000 ALTER TABLE `conf_district_template` DISABLE KEYS */;
INSERT INTO `conf_district_template` VALUES ('11',NULL,'北京市',NULL,NULL,NULL,NULL,NULL,NULL,NULL,NULL,NULL,NULL),('1101',NULL,'市辖区',NULL,'11',NULL,NULL,NULL,NULL,NULL,NULL,NULL,NULL),('110101',NULL,'东城区',NULL,'1101',NULL,NULL,NULL,NULL,NULL,NULL,NULL,NULL),('110102',NULL,'西城区',NULL,'1101',NULL,NULL,NULL,NULL,NULL,NULL,NULL,NULL),('110105',NULL,'朝阳区',NULL,'1101',NULL,NULL,NULL,NULL,NULL,NULL,NULL,NULL),('110106',NULL,'丰台区',NULL,'1101',NULL,NULL,NULL,NULL,NULL,NULL,NULL,NULL),('110107',NULL,'石景山区',NULL,'1101',NULL,NULL,NULL,NULL,NULL,NULL,NULL,NULL),('110108',NULL,'海淀区',NULL,'1101',NULL,NULL,NULL,NULL,NULL,NULL,NULL,NULL),('110109',NULL,'门头沟区',NULL,'1101',NULL,NULL,NULL,NULL,NULL,NULL,NULL,NULL),('110111',NULL,'房山区',NULL,'1101',NULL,NULL,NULL,NULL,NULL,NULL,NULL,NULL),('110112',NULL,'通州区',NULL,'1101',NULL,NULL,NULL,NULL,NULL,NULL,NULL,NULL),('110113',NULL,'顺义区',NULL,'1101',NULL,NULL,NULL,NULL,NULL,NULL,NULL,NULL),('110114',NULL,'昌平区',NULL,'1101',NULL,NULL,NULL,NULL,NULL,NULL,NULL,NULL),('110115',NULL,'大兴区',NULL,'1101',NULL,NULL,NULL,NULL,NULL,NULL,NULL,NULL),('110116',NULL,'怀柔区',NULL,'1101',NULL,NULL,NULL,NULL,NULL,NULL,NULL,NULL),('110117',NULL,'平谷区',NULL,'1101',NULL,NULL,NULL,NULL,NULL,NULL,NULL,NULL),('1102',NULL,'县',NULL,'11',NULL,NULL,NULL,NULL,NULL,NULL,NULL,NULL),('110228',NULL,'密云县',NULL,'1102',NULL,NULL,NULL,NULL,NULL,NULL,NULL,NULL),('110229',NULL,'延庆县',NULL,'1102',NULL,NULL,NULL,NULL,NULL,NULL,NULL,NULL),('12',NULL,'天津市',NULL,NULL,NULL,NULL,NULL,NULL,NULL,NULL,NULL,NULL),('1201',NULL,'市辖区',NULL,'12',NULL,NULL,NULL,NULL,NULL,NULL,NULL,NULL),('120101',NULL,'和平区',NULL,'1201',NULL,NULL,NULL,NULL,NULL,NULL,NULL,NULL),('120102',NULL,'河东区',NULL,'1201',NULL,NULL,NULL,NULL,NULL,NULL,NULL,NULL),('120103',NULL,'河西区',NULL,'1201',NULL,NULL,NULL,NULL,NULL,NULL,NULL,NULL),('120104',NULL,'南开区',NULL,'1201',NULL,NULL,NULL,NULL,NULL,NULL,NULL,NULL),('120105',NULL,'河北区',NULL,'1201',NULL,NULL,NULL,NULL,NULL,NULL,NULL,NULL),('120106',NULL,'红桥区',NULL,'1201',NULL,NULL,NULL,NULL,NULL,NULL,NULL,NULL),('120110',NULL,'东丽区',NULL,'1201',NULL,NULL,NULL,NULL,NULL,NULL,NULL,NULL),('120111',NULL,'西青区',NULL,'1201',NULL,NULL,NULL,NULL,NULL,NULL,NULL,NULL),('120112',NULL,'津南区',NULL,'1201',NULL,NULL,NULL,NULL,NULL,NULL,NULL,NULL),('120113',NULL,'北辰区',NULL,'1201',NULL,NULL,NULL,NULL,NULL,NULL,NULL,NULL),('120114',NULL,'武清区',NULL,'1201',NULL,NULL,NULL,NULL,NULL,NULL,NULL,NULL),('120115',NULL,'宝坻区',NULL,'1201',NULL,NULL,NULL,NULL,NULL,NULL,NULL,NULL),('120116',NULL,'滨海新区',NULL,'1201',NULL,NULL,NULL,NULL,NULL,NULL,NULL,NULL),('1202',NULL,'县',NULL,'12',NULL,NULL,NULL,NULL,NULL,NULL,NULL,NULL),('120221',NULL,'宁河县',NULL,'1202',NULL,NULL,NULL,NULL,NULL,NULL,NULL,NULL),('120223',NULL,'静海县',NULL,'1202',NULL,NULL,NULL,NULL,NULL,NULL,NULL,NULL),('120225',NULL,'蓟县',NULL,'1202',NULL,NULL,NULL,NULL,NULL,NULL,NULL,NULL),('13',NULL,'河北省',NULL,NULL,NULL,NULL,NULL,NULL,NULL,NULL,NULL,NULL),('1301',NULL,'石家庄市',NULL,'13',NULL,NULL,NULL,NULL,NULL,NULL,NULL,NULL),('130101',NULL,'市辖区',NULL,'1301',NULL,NULL,NULL,NULL,NULL,NULL,NULL,NULL),('130102',NULL,'长安区',NULL,'1301',NULL,NULL,NULL,NULL,NULL,NULL,NULL,NULL),('130103',NULL,'桥东区',NULL,'1301',NULL,NULL,NULL,NULL,NULL,NULL,NULL,NULL),('130104',NULL,'桥西区',NULL,'1301',NULL,NULL,NULL,NULL,NULL,NULL,NULL,NULL),('130105',NULL,'新华区',NULL,'1301',NULL,NULL,NULL,NULL,NULL,NULL,NULL,NULL),('130107',NULL,'井陉矿区',NULL,'1301',NULL,NULL,NULL,NULL,NULL,NULL,NULL,NULL),('130108',NULL,'裕华区',NULL,'1301',NULL,NULL,NULL,NULL,NULL,NULL,NULL,NULL),('130121',NULL,'井陉县',NULL,'1301',NULL,NULL,NULL,NULL,NULL,NULL,NULL,NULL),('130123',NULL,'正定县',NULL,'1301',NULL,NULL,NULL,NULL,NULL,NULL,NULL,NULL),('130124',NULL,'栾城县',NULL,'1301',NULL,NULL,NULL,NULL,NULL,NULL,NULL,NULL),('130125',NULL,'行唐县',NULL,'1301',NULL,NULL,NULL,NULL,NULL,NULL,NULL,NULL),('130126',NULL,'灵寿县',NULL,'1301',NULL,NULL,NULL,NULL,NULL,NULL,NULL,NULL),('130127',NULL,'高邑县',NULL,'1301',NULL,NULL,NULL,NULL,NULL,NULL,NULL,NULL),('130128',NULL,'深泽县',NULL,'1301',NULL,NULL,NULL,NULL,NULL,NULL,NULL,NULL),('130129',NULL,'赞皇县',NULL,'1301',NULL,NULL,NULL,NULL,NULL,NULL,NULL,NULL),('130130',NULL,'无极县',NULL,'1301',NULL,NULL,NULL,NULL,NULL,NULL,NULL,NULL),('130131',NULL,'平山县',NULL,'1301',NULL,NULL,NULL,NULL,NULL,NULL,NULL,NULL),('130132',NULL,'元氏县',NULL,'1301',NULL,NULL,NULL,NULL,NULL,NULL,NULL,NULL),('130133',NULL,'赵县',NULL,'1301',NULL,NULL,NULL,NULL,NULL,NULL,NULL,NULL),('130181',NULL,'辛集市',NULL,'1301',NULL,NULL,NULL,NULL,NULL,NULL,NULL,NULL),('130182',NULL,'藁城市',NULL,'1301',NULL,NULL,NULL,NULL,NULL,NULL,NULL,NULL),('130183',NULL,'晋州市',NULL,'1301',NULL,NULL,NULL,NULL,NULL,NULL,NULL,NULL),('130184',NULL,'新乐市',NULL,'1301',NULL,NULL,NULL,NULL,NULL,NULL,NULL,NULL),('130185',NULL,'鹿泉市',NULL,'1301',NULL,NULL,NULL,NULL,NULL,NULL,NULL,NULL),('1302',NULL,'唐山市',NULL,'13',NULL,NULL,NULL,NULL,NULL,NULL,NULL,NULL),('130201',NULL,'市辖区',NULL,'1302',NULL,NULL,NULL,NULL,NULL,NULL,NULL,NULL),('130202',NULL,'路南区',NULL,'1302',NULL,NULL,NULL,NULL,NULL,NULL,NULL,NULL),('130203',NULL,'路北区',NULL,'1302',NULL,NULL,NULL,NULL,NULL,NULL,NULL,NULL),('130204',NULL,'古冶区',NULL,'1302',NULL,NULL,NULL,NULL,NULL,NULL,NULL,NULL),('130205',NULL,'开平区',NULL,'1302',NULL,NULL,NULL,NULL,NULL,NULL,NULL,NULL),('130207',NULL,'丰南区',NULL,'1302',NULL,NULL,NULL,NULL,NULL,NULL,NULL,NULL),('130208',NULL,'丰润区',NULL,'1302',NULL,NULL,NULL,NULL,NULL,NULL,NULL,NULL),('130223',NULL,'滦县',NULL,'1302',NULL,NULL,NULL,NULL,NULL,NULL,NULL,NULL),('130224',NULL,'滦南县',NULL,'1302',NULL,NULL,NULL,NULL,NULL,NULL,NULL,NULL),('130225',NULL,'乐亭县',NULL,'1302',NULL,NULL,NULL,NULL,NULL,NULL,NULL,NULL),('130227',NULL,'迁西县',NULL,'1302',NULL,NULL,NULL,NULL,NULL,NULL,NULL,NULL),('130229',NULL,'玉田县',NULL,'1302',NULL,NULL,NULL,NULL,NULL,NULL,NULL,NULL),('130230',NULL,'唐海县',NULL,'1302',NULL,NULL,NULL,NULL,NULL,NULL,NULL,NULL),('130281',NULL,'遵化市',NULL,'1302',NULL,NULL,NULL,NULL,NULL,NULL,NULL,NULL),('130283',NULL,'迁安市',NULL,'1302',NULL,NULL,NULL,NULL,NULL,NULL,NULL,NULL),('1303',NULL,'秦皇岛市',NULL,'13',NULL,NULL,NULL,NULL,NULL,NULL,NULL,NULL),('130301',NULL,'市辖区',NULL,'1303',NULL,NULL,NULL,NULL,NULL,NULL,NULL,NULL),('130302',NULL,'海港区',NULL,'1303',NULL,NULL,NULL,NULL,NULL,NULL,NULL,NULL),('130303',NULL,'山海关区',NULL,'1303',NULL,NULL,NULL,NULL,NULL,NULL,NULL,NULL),('130304',NULL,'北戴河区',NULL,'1303',NULL,NULL,NULL,NULL,NULL,NULL,NULL,NULL),('130321',NULL,'青龙满族自治县',NULL,'1303',NULL,NULL,NULL,NULL,NULL,NULL,NULL,NULL),('130322',NULL,'昌黎县',NULL,'1303',NULL,NULL,NULL,NULL,NULL,NULL,NULL,NULL),('130323',NULL,'抚宁县',NULL,'1303',NULL,NULL,NULL,NULL,NULL,NULL,NULL,NULL),('130324',NULL,'卢龙县',NULL,'1303',NULL,NULL,NULL,NULL,NULL,NULL,NULL,NULL),('1304',NULL,'邯郸市',NULL,'13',NULL,NULL,NULL,NULL,NULL,NULL,NULL,NULL),('130401',NULL,'市辖区',NULL,'1304',NULL,NULL,NULL,NULL,NULL,NULL,NULL,NULL),('130402',NULL,'邯山区',NULL,'1304',NULL,NULL,NULL,NULL,NULL,NULL,NULL,NULL),('130403',NULL,'丛台区',NULL,'1304',NULL,NULL,NULL,NULL,NULL,NULL,NULL,NULL),('130404',NULL,'复兴区',NULL,'1304',NULL,NULL,NULL,NULL,NULL,NULL,NULL,NULL),('130406',NULL,'峰峰矿区',NULL,'1304',NULL,NULL,NULL,NULL,NULL,NULL,NULL,NULL),('130421',NULL,'邯郸县',NULL,'1304',NULL,NULL,NULL,NULL,NULL,NULL,NULL,NULL),('130423',NULL,'临漳县',NULL,'1304',NULL,NULL,NULL,NULL,NULL,NULL,NULL,NULL),('130424',NULL,'成安县',NULL,'1304',NULL,NULL,NULL,NULL,NULL,NULL,NULL,NULL),('130425',NULL,'大名县',NULL,'1304',NULL,NULL,NULL,NULL,NULL,NULL,NULL,NULL),('130426',NULL,'涉县',NULL,'1304',NULL,NULL,NULL,NULL,NULL,NULL,NULL,NULL),('130427',NULL,'磁县',NULL,'1304',NULL,NULL,NULL,NULL,NULL,NULL,NULL,NULL),('130428',NULL,'肥乡县',NULL,'1304',NULL,NULL,NULL,NULL,NULL,NULL,NULL,NULL),('130429',NULL,'永年县',NULL,'1304',NULL,NULL,NULL,NULL,NULL,NULL,NULL,NULL),('130430',NULL,'邱县',NULL,'1304',NULL,NULL,NULL,NULL,NULL,NULL,NULL,NULL),('130431',NULL,'鸡泽县',NULL,'1304',NULL,NULL,NULL,NULL,NULL,NULL,NULL,NULL),('130432',NULL,'广平县',NULL,'1304',NULL,NULL,NULL,NULL,NULL,NULL,NULL,NULL),('130433',NULL,'馆陶县',NULL,'1304',NULL,NULL,NULL,NULL,NULL,NULL,NULL,NULL),('130434',NULL,'魏县',NULL,'1304',NULL,NULL,NULL,NULL,NULL,NULL,NULL,NULL),('130435',NULL,'曲周县',NULL,'1304',NULL,NULL,NULL,NULL,NULL,NULL,NULL,NULL),('130481',NULL,'武安市',NULL,'1304',NULL,NULL,NULL,NULL,NULL,NULL,NULL,NULL),('1305',NULL,'邢台市',NULL,'13',NULL,NULL,NULL,NULL,NULL,NULL,NULL,NULL),('130501',NULL,'市辖区',NULL,'1305',NULL,NULL,NULL,NULL,NULL,NULL,NULL,NULL),('130502',NULL,'桥东区',NULL,'1305',NULL,NULL,NULL,NULL,NULL,NULL,NULL,NULL),('130503',NULL,'桥西区',NULL,'1305',NULL,NULL,NULL,NULL,NULL,NULL,NULL,NULL),('130521',NULL,'邢台县',NULL,'1305',NULL,NULL,NULL,NULL,NULL,NULL,NULL,NULL),('130522',NULL,'临城县',NULL,'1305',NULL,NULL,NULL,NULL,NULL,NULL,NULL,NULL),('130523',NULL,'内丘县',NULL,'1305',NULL,NULL,NULL,NULL,NULL,NULL,NULL,NULL),('130524',NULL,'柏乡县',NULL,'1305',NULL,NULL,NULL,NULL,NULL,NULL,NULL,NULL),('130525',NULL,'隆尧县',NULL,'1305',NULL,NULL,NULL,NULL,NULL,NULL,NULL,NULL),('130526',NULL,'任县',NULL,'1305',NULL,NULL,NULL,NULL,NULL,NULL,NULL,NULL),('130527',NULL,'南和县',NULL,'1305',NULL,NULL,NULL,NULL,NULL,NULL,NULL,NULL),('130528',NULL,'宁晋县',NULL,'1305',NULL,NULL,NULL,NULL,NULL,NULL,NULL,NULL),('130529',NULL,'巨鹿县',NULL,'1305',NULL,NULL,NULL,NULL,NULL,NULL,NULL,NULL),('130530',NULL,'新河县',NULL,'1305',NULL,NULL,NULL,NULL,NULL,NULL,NULL,NULL),('130531',NULL,'广宗县',NULL,'1305',NULL,NULL,NULL,NULL,NULL,NULL,NULL,NULL),('130532',NULL,'平乡县',NULL,'1305',NULL,NULL,NULL,NULL,NULL,NULL,NULL,NULL),('130533',NULL,'威县',NULL,'1305',NULL,NULL,NULL,NULL,NULL,NULL,NULL,NULL),('130534',NULL,'清河县',NULL,'1305',NULL,NULL,NULL,NULL,NULL,NULL,NULL,NULL),('130535',NULL,'临西县',NULL,'1305',NULL,NULL,NULL,NULL,NULL,NULL,NULL,NULL),('130581',NULL,'南宫市',NULL,'1305',NULL,NULL,NULL,NULL,NULL,NULL,NULL,NULL),('130582',NULL,'沙河市',NULL,'1305',NULL,NULL,NULL,NULL,NULL,NULL,NULL,NULL),('1306',NULL,'保定市',NULL,'13',NULL,NULL,NULL,NULL,NULL,NULL,NULL,NULL),('130601',NULL,'市辖区',NULL,'1306',NULL,NULL,NULL,NULL,NULL,NULL,NULL,NULL),('130602',NULL,'新市区',NULL,'1306',NULL,NULL,NULL,NULL,NULL,NULL,NULL,NULL),('130603',NULL,'北市区',NULL,'1306',NULL,NULL,NULL,NULL,NULL,NULL,NULL,NULL),('130604',NULL,'南市区',NULL,'1306',NULL,NULL,NULL,NULL,NULL,NULL,NULL,NULL),('130621',NULL,'满城县',NULL,'1306',NULL,NULL,NULL,NULL,NULL,NULL,NULL,NULL),('130622',NULL,'清苑县',NULL,'1306',NULL,NULL,NULL,NULL,NULL,NULL,NULL,NULL),('130623',NULL,'涞水县',NULL,'1306',NULL,NULL,NULL,NULL,NULL,NULL,NULL,NULL),('130624',NULL,'阜平县',NULL,'1306',NULL,NULL,NULL,NULL,NULL,NULL,NULL,NULL),('130625',NULL,'徐水县',NULL,'1306',NULL,NULL,NULL,NULL,NULL,NULL,NULL,NULL),('130626',NULL,'定兴县',NULL,'1306',NULL,NULL,NULL,NULL,NULL,NULL,NULL,NULL),('130627',NULL,'唐县',NULL,'1306',NULL,NULL,NULL,NULL,NULL,NULL,NULL,NULL),('130628',NULL,'高阳县',NULL,'1306',NULL,NULL,NULL,NULL,NULL,NULL,NULL,NULL),('130629',NULL,'容城县',NULL,'1306',NULL,NULL,NULL,NULL,NULL,NULL,NULL,NULL),('130630',NULL,'涞源县',NULL,'1306',NULL,NULL,NULL,NULL,NULL,NULL,NULL,NULL),('130631',NULL,'望都县',NULL,'1306',NULL,NULL,NULL,NULL,NULL,NULL,NULL,NULL),('130632',NULL,'安新县',NULL,'1306',NULL,NULL,NULL,NULL,NULL,NULL,NULL,NULL),('130633',NULL,'易县',NULL,'1306',NULL,NULL,NULL,NULL,NULL,NULL,NULL,NULL),('130634',NULL,'曲阳县',NULL,'1306',NULL,NULL,NULL,NULL,NULL,NULL,NULL,NULL),('130635',NULL,'蠡县',NULL,'1306',NULL,NULL,NULL,NULL,NULL,NULL,NULL,NULL),('130636',NULL,'顺平县',NULL,'1306',NULL,NULL,NULL,NULL,NULL,NULL,NULL,NULL),('130637',NULL,'博野县',NULL,'1306',NULL,NULL,NULL,NULL,NULL,NULL,NULL,NULL),('130638',NULL,'雄县',NULL,'1306',NULL,NULL,NULL,NULL,NULL,NULL,NULL,NULL),('130681',NULL,'涿州市',NULL,'1306',NULL,NULL,NULL,NULL,NULL,NULL,NULL,NULL),('130682',NULL,'定州市',NULL,'1306',NULL,NULL,NULL,NULL,NULL,NULL,NULL,NULL),('130683',NULL,'安国市',NULL,'1306',NULL,NULL,NULL,NULL,NULL,NULL,NULL,NULL),('130684',NULL,'高碑店市',NULL,'1306',NULL,NULL,NULL,NULL,NULL,NULL,NULL,NULL),('1307',NULL,'张家口市',NULL,'13',NULL,NULL,NULL,NULL,NULL,NULL,NULL,NULL),('130701',NULL,'市辖区',NULL,'1307',NULL,NULL,NULL,NULL,NULL,NULL,NULL,NULL),('130702',NULL,'桥东区',NULL,'1307',NULL,NULL,NULL,NULL,NULL,NULL,NULL,NULL),('130703',NULL,'桥西区',NULL,'1307',NULL,NULL,NULL,NULL,NULL,NULL,NULL,NULL),('130705',NULL,'宣化区',NULL,'1307',NULL,NULL,NULL,NULL,NULL,NULL,NULL,NULL),('130706',NULL,'下花园区',NULL,'1307',NULL,NULL,NULL,NULL,NULL,NULL,NULL,NULL),('130721',NULL,'宣化县',NULL,'1307',NULL,NULL,NULL,NULL,NULL,NULL,NULL,NULL),('130722',NULL,'张北县',NULL,'1307',NULL,NULL,NULL,NULL,NULL,NULL,NULL,NULL),('130723',NULL,'康保县',NULL,'1307',NULL,NULL,NULL,NULL,NULL,NULL,NULL,NULL),('130724',NULL,'沽源县',NULL,'1307',NULL,NULL,NULL,NULL,NULL,NULL,NULL,NULL),('130725',NULL,'尚义县',NULL,'1307',NULL,NULL,NULL,NULL,NULL,NULL,NULL,NULL),('130726',NULL,'蔚县',NULL,'1307',NULL,NULL,NULL,NULL,NULL,NULL,NULL,NULL),('130727',NULL,'阳原县',NULL,'1307',NULL,NULL,NULL,NULL,NULL,NULL,NULL,NULL),('130728',NULL,'怀安县',NULL,'1307',NULL,NULL,NULL,NULL,NULL,NULL,NULL,NULL),('130729',NULL,'万全县',NULL,'1307',NULL,NULL,NULL,NULL,NULL,NULL,NULL,NULL),('130730',NULL,'怀来县',NULL,'1307',NULL,NULL,NULL,NULL,NULL,NULL,NULL,NULL),('130731',NULL,'涿鹿县',NULL,'1307',NULL,NULL,NULL,NULL,NULL,NULL,NULL,NULL),('130732',NULL,'赤城县',NULL,'1307',NULL,NULL,NULL,NULL,NULL,NULL,NULL,NULL),('130733',NULL,'崇礼县',NULL,'1307',NULL,NULL,NULL,NULL,NULL,NULL,NULL,NULL),('1308',NULL,'承德市',NULL,'13',NULL,NULL,NULL,NULL,NULL,NULL,NULL,NULL),('130801',NULL,'市辖区',NULL,'1308',NULL,NULL,NULL,NULL,NULL,NULL,NULL,NULL),('130802',NULL,'双桥区',NULL,'1308',NULL,NULL,NULL,NULL,NULL,NULL,NULL,NULL),('130803',NULL,'双滦区',NULL,'1308',NULL,NULL,NULL,NULL,NULL,NULL,NULL,NULL),('130804',NULL,'鹰手营子矿区',NULL,'1308',NULL,NULL,NULL,NULL,NULL,NULL,NULL,NULL),('130821',NULL,'承德县',NULL,'1308',NULL,NULL,NULL,NULL,NULL,NULL,NULL,NULL),('130822',NULL,'兴隆县',NULL,'1308',NULL,NULL,NULL,NULL,NULL,NULL,NULL,NULL),('130823',NULL,'平泉县',NULL,'1308',NULL,NULL,NULL,NULL,NULL,NULL,NULL,NULL),('130824',NULL,'滦平县',NULL,'1308',NULL,NULL,NULL,NULL,NULL,NULL,NULL,NULL),('130825',NULL,'隆化县',NULL,'1308',NULL,NULL,NULL,NULL,NULL,NULL,NULL,NULL),('130826',NULL,'丰宁满族自治县',NULL,'1308',NULL,NULL,NULL,NULL,NULL,NULL,NULL,NULL),('130827',NULL,'宽城满族自治县',NULL,'1308',NULL,NULL,NULL,NULL,NULL,NULL,NULL,NULL),('130828',NULL,'围场满族蒙古族自治县',NULL,'1308',NULL,NULL,NULL,NULL,NULL,NULL,NULL,NULL),('1309',NULL,'沧州市',NULL,'13',NULL,NULL,NULL,NULL,NULL,NULL,NULL,NULL),('130901',NULL,'市辖区',NULL,'1309',NULL,NULL,NULL,NULL,NULL,NULL,NULL,NULL),('130902',NULL,'新华区',NULL,'1309',NULL,NULL,NULL,NULL,NULL,NULL,NULL,NULL),('130903',NULL,'运河区',NULL,'1309',NULL,NULL,NULL,NULL,NULL,NULL,NULL,NULL),('130921',NULL,'沧县',NULL,'1309',NULL,NULL,NULL,NULL,NULL,NULL,NULL,NULL),('130922',NULL,'青县',NULL,'1309',NULL,NULL,NULL,NULL,NULL,NULL,NULL,NULL),('130923',NULL,'东光县',NULL,'1309',NULL,NULL,NULL,NULL,NULL,NULL,NULL,NULL),('130924',NULL,'海兴县',NULL,'1309',NULL,NULL,NULL,NULL,NULL,NULL,NULL,NULL),('130925',NULL,'盐山县',NULL,'1309',NULL,NULL,NULL,NULL,NULL,NULL,NULL,NULL),('130926',NULL,'肃宁县',NULL,'1309',NULL,NULL,NULL,NULL,NULL,NULL,NULL,NULL),('130927',NULL,'南皮县',NULL,'1309',NULL,NULL,NULL,NULL,NULL,NULL,NULL,NULL),('130928',NULL,'吴桥县',NULL,'1309',NULL,NULL,NULL,NULL,NULL,NULL,NULL,NULL),('130929',NULL,'献县',NULL,'1309',NULL,NULL,NULL,NULL,NULL,NULL,NULL,NULL),('130930',NULL,'孟村回族自治县',NULL,'1309',NULL,NULL,NULL,NULL,NULL,NULL,NULL,NULL),('130981',NULL,'泊头市',NULL,'1309',NULL,NULL,NULL,NULL,NULL,NULL,NULL,NULL),('130982',NULL,'任丘市',NULL,'1309',NULL,NULL,NULL,NULL,NULL,NULL,NULL,NULL),('130983',NULL,'黄骅市',NULL,'1309',NULL,NULL,NULL,NULL,NULL,NULL,NULL,NULL),('130984',NULL,'河间市',NULL,'1309',NULL,NULL,NULL,NULL,NULL,NULL,NULL,NULL),('1310',NULL,'廊坊市',NULL,'13',NULL,NULL,NULL,NULL,NULL,NULL,NULL,NULL),('131001',NULL,'市辖区',NULL,'1310',NULL,NULL,NULL,NULL,NULL,NULL,NULL,NULL),('131002',NULL,'安次区',NULL,'1310',NULL,NULL,NULL,NULL,NULL,NULL,NULL,NULL),('131003',NULL,'广阳区',NULL,'1310',NULL,NULL,NULL,NULL,NULL,NULL,NULL,NULL),('131022',NULL,'固安县',NULL,'1310',NULL,NULL,NULL,NULL,NULL,NULL,NULL,NULL),('131023',NULL,'永清县',NULL,'1310',NULL,NULL,NULL,NULL,NULL,NULL,NULL,NULL),('131024',NULL,'香河县',NULL,'1310',NULL,NULL,NULL,NULL,NULL,NULL,NULL,NULL),('131025',NULL,'大城县',NULL,'1310',NULL,NULL,NULL,NULL,NULL,NULL,NULL,NULL),('131026',NULL,'文安县',NULL,'1310',NULL,NULL,NULL,NULL,NULL,NULL,NULL,NULL),('131028',NULL,'大厂回族自治县',NULL,'1310',NULL,NULL,NULL,NULL,NULL,NULL,NULL,NULL),('131081',NULL,'霸州市',NULL,'1310',NULL,NULL,NULL,NULL,NULL,NULL,NULL,NULL),('131082',NULL,'三河市',NULL,'1310',NULL,NULL,NULL,NULL,NULL,NULL,NULL,NULL),('1311',NULL,'衡水市',NULL,'13',NULL,NULL,NULL,NULL,NULL,NULL,NULL,NULL),('131101',NULL,'市辖区',NULL,'1311',NULL,NULL,NULL,NULL,NULL,NULL,NULL,NULL),('131102',NULL,'桃城区',NULL,'1311',NULL,NULL,NULL,NULL,NULL,NULL,NULL,NULL),('131121',NULL,'枣强县',NULL,'1311',NULL,NULL,NULL,NULL,NULL,NULL,NULL,NULL),('131122',NULL,'武邑县',NULL,'1311',NULL,NULL,NULL,NULL,NULL,NULL,NULL,NULL),('131123',NULL,'武强县',NULL,'1311',NULL,NULL,NULL,NULL,NULL,NULL,NULL,NULL),('131124',NULL,'饶阳县',NULL,'1311',NULL,NULL,NULL,NULL,NULL,NULL,NULL,NULL),('131125',NULL,'安平县',NULL,'1311',NULL,NULL,NULL,NULL,NULL,NULL,NULL,NULL),('131126',NULL,'故城县',NULL,'1311',NULL,NULL,NULL,NULL,NULL,NULL,NULL,NULL),('131127',NULL,'景县',NULL,'1311',NULL,NULL,NULL,NULL,NULL,NULL,NULL,NULL),('131128',NULL,'阜城县',NULL,'1311',NULL,NULL,NULL,NULL,NULL,NULL,NULL,NULL),('131181',NULL,'冀州市',NULL,'1311',NULL,NULL,NULL,NULL,NULL,NULL,NULL,NULL),('131182',NULL,'深州市',NULL,'1311',NULL,NULL,NULL,NULL,NULL,NULL,NULL,NULL),('14',NULL,'山西省',NULL,NULL,NULL,NULL,NULL,NULL,NULL,NULL,NULL,NULL),('1401',NULL,'太原市',NULL,'14',NULL,NULL,NULL,NULL,NULL,NULL,NULL,NULL),('140101',NULL,'市辖区',NULL,'1401',NULL,NULL,NULL,NULL,NULL,NULL,NULL,NULL),('140105',NULL,'小店区',NULL,'1401',NULL,NULL,NULL,NULL,NULL,NULL,NULL,NULL),('140106',NULL,'迎泽区',NULL,'1401',NULL,NULL,NULL,NULL,NULL,NULL,NULL,NULL),('140107',NULL,'杏花岭区',NULL,'1401',NULL,NULL,NULL,NULL,NULL,NULL,NULL,NULL),('140108',NULL,'尖草坪区',NULL,'1401',NULL,NULL,NULL,NULL,NULL,NULL,NULL,NULL),('140109',NULL,'万柏林区',NULL,'1401',NULL,NULL,NULL,NULL,NULL,NULL,NULL,NULL),('140110',NULL,'晋源区',NULL,'1401',NULL,NULL,NULL,NULL,NULL,NULL,NULL,NULL),('140121',NULL,'清徐县',NULL,'1401',NULL,NULL,NULL,NULL,NULL,NULL,NULL,NULL),('140122',NULL,'阳曲县',NULL,'1401',NULL,NULL,NULL,NULL,NULL,NULL,NULL,NULL),('140123',NULL,'娄烦县',NULL,'1401',NULL,NULL,NULL,NULL,NULL,NULL,NULL,NULL),('140181',NULL,'古交市',NULL,'1401',NULL,NULL,NULL,NULL,NULL,NULL,NULL,NULL),('1402',NULL,'大同市',NULL,'14',NULL,NULL,NULL,NULL,NULL,NULL,NULL,NULL),('140201',NULL,'市辖区',NULL,'1402',NULL,NULL,NULL,NULL,NULL,NULL,NULL,NULL),('140202',NULL,'城区',NULL,'1402',NULL,NULL,NULL,NULL,NULL,NULL,NULL,NULL),('140203',NULL,'矿区',NULL,'1402',NULL,NULL,NULL,NULL,NULL,NULL,NULL,NULL),('140211',NULL,'南郊区',NULL,'1402',NULL,NULL,NULL,NULL,NULL,NULL,NULL,NULL),('140212',NULL,'新荣区',NULL,'1402',NULL,NULL,NULL,NULL,NULL,NULL,NULL,NULL),('140221',NULL,'阳高县',NULL,'1402',NULL,NULL,NULL,NULL,NULL,NULL,NULL,NULL),('140222',NULL,'天镇县',NULL,'1402',NULL,NULL,NULL,NULL,NULL,NULL,NULL,NULL),('140223',NULL,'广灵县',NULL,'1402',NULL,NULL,NULL,NULL,NULL,NULL,NULL,NULL),('140224',NULL,'灵丘县',NULL,'1402',NULL,NULL,NULL,NULL,NULL,NULL,NULL,NULL),('140225',NULL,'浑源县',NULL,'1402',NULL,NULL,NULL,NULL,NULL,NULL,NULL,NULL),('140226',NULL,'左云县',NULL,'1402',NULL,NULL,NULL,NULL,NULL,NULL,NULL,NULL),('140227',NULL,'大同县',NULL,'1402',NULL,NULL,NULL,NULL,NULL,NULL,NULL,NULL),('1403',NULL,'阳泉市',NULL,'14',NULL,NULL,NULL,NULL,NULL,NULL,NULL,NULL),('140301',NULL,'市辖区',NULL,'1403',NULL,NULL,NULL,NULL,NULL,NULL,NULL,NULL),('140302',NULL,'城区',NULL,'1403',NULL,NULL,NULL,NULL,NULL,NULL,NULL,NULL),('140303',NULL,'矿区',NULL,'1403',NULL,NULL,NULL,NULL,NULL,NULL,NULL,NULL),('140311',NULL,'郊区',NULL,'1403',NULL,NULL,NULL,NULL,NULL,NULL,NULL,NULL),('140321',NULL,'平定县',NULL,'1403',NULL,NULL,NULL,NULL,NULL,NULL,NULL,NULL),('140322',NULL,'盂县',NULL,'1403',NULL,NULL,NULL,NULL,NULL,NULL,NULL,NULL),('1404',NULL,'长治市',NULL,'14',NULL,NULL,NULL,NULL,NULL,NULL,NULL,NULL),('140401',NULL,'市辖区',NULL,'1404',NULL,NULL,NULL,NULL,NULL,NULL,NULL,NULL),('140402',NULL,'城区',NULL,'1404',NULL,NULL,NULL,NULL,NULL,NULL,NULL,NULL),('140411',NULL,'郊区',NULL,'1404',NULL,NULL,NULL,NULL,NULL,NULL,NULL,NULL),('140421',NULL,'长治县',NULL,'1404',NULL,NULL,NULL,NULL,NULL,NULL,NULL,NULL),('140423',NULL,'襄垣县',NULL,'1404',NULL,NULL,NULL,NULL,NULL,NULL,NULL,NULL),('140424',NULL,'屯留县',NULL,'1404',NULL,NULL,NULL,NULL,NULL,NULL,NULL,NULL),('140425',NULL,'平顺县',NULL,'1404',NULL,NULL,NULL,NULL,NULL,NULL,NULL,NULL),('140426',NULL,'黎城县',NULL,'1404',NULL,NULL,NULL,NULL,NULL,NULL,NULL,NULL),('140427',NULL,'壶关县',NULL,'1404',NULL,NULL,NULL,NULL,NULL,NULL,NULL,NULL),('140428',NULL,'长子县',NULL,'1404',NULL,NULL,NULL,NULL,NULL,NULL,NULL,NULL),('140429',NULL,'武乡县',NULL,'1404',NULL,NULL,NULL,NULL,NULL,NULL,NULL,NULL),('140430',NULL,'沁县',NULL,'1404',NULL,NULL,NULL,NULL,NULL,NULL,NULL,NULL),('140431',NULL,'沁源县',NULL,'1404',NULL,NULL,NULL,NULL,NULL,NULL,NULL,NULL),('140481',NULL,'潞城市',NULL,'1404',NULL,NULL,NULL,NULL,NULL,NULL,NULL,NULL),('1405',NULL,'晋城市',NULL,'14',NULL,NULL,NULL,NULL,NULL,NULL,NULL,NULL),('140501',NULL,'市辖区',NULL,'1405',NULL,NULL,NULL,NULL,NULL,NULL,NULL,NULL),('140502',NULL,'城区',NULL,'1405',NULL,NULL,NULL,NULL,NULL,NULL,NULL,NULL),('140521',NULL,'沁水县',NULL,'1405',NULL,NULL,NULL,NULL,NULL,NULL,NULL,NULL),('140522',NULL,'阳城县',NULL,'1405',NULL,NULL,NULL,NULL,NULL,NULL,NULL,NULL),('140524',NULL,'陵川县',NULL,'1405',NULL,NULL,NULL,NULL,NULL,NULL,NULL,NULL),('140525',NULL,'泽州县',NULL,'1405',NULL,NULL,NULL,NULL,NULL,NULL,NULL,NULL),('140581',NULL,'高平市',NULL,'1405',NULL,NULL,NULL,NULL,NULL,NULL,NULL,NULL),('1406',NULL,'朔州市',NULL,'14',NULL,NULL,NULL,NULL,NULL,NULL,NULL,NULL),('140601',NULL,'市辖区',NULL,'1406',NULL,NULL,NULL,NULL,NULL,NULL,NULL,NULL),('140602',NULL,'朔城区',NULL,'1406',NULL,NULL,NULL,NULL,NULL,NULL,NULL,NULL),('140603',NULL,'平鲁区',NULL,'1406',NULL,NULL,NULL,NULL,NULL,NULL,NULL,NULL),('140621',NULL,'山阴县',NULL,'1406',NULL,NULL,NULL,NULL,NULL,NULL,NULL,NULL),('140622',NULL,'应县',NULL,'1406',NULL,NULL,NULL,NULL,NULL,NULL,NULL,NULL),('140623',NULL,'右玉县',NULL,'1406',NULL,NULL,NULL,NULL,NULL,NULL,NULL,NULL),('140624',NULL,'怀仁县',NULL,'1406',NULL,NULL,NULL,NULL,NULL,NULL,NULL,NULL),('1407',NULL,'晋中市',NULL,'14',NULL,NULL,NULL,NULL,NULL,NULL,NULL,NULL),('140701',NULL,'市辖区',NULL,'1407',NULL,NULL,NULL,NULL,NULL,NULL,NULL,NULL),('140702',NULL,'榆次区',NULL,'1407',NULL,NULL,NULL,NULL,NULL,NULL,NULL,NULL),('140721',NULL,'榆社县',NULL,'1407',NULL,NULL,NULL,NULL,NULL,NULL,NULL,NULL),('140722',NULL,'左权县',NULL,'1407',NULL,NULL,NULL,NULL,NULL,NULL,NULL,NULL),('140723',NULL,'和顺县',NULL,'1407',NULL,NULL,NULL,NULL,NULL,NULL,NULL,NULL),('140724',NULL,'昔阳县',NULL,'1407',NULL,NULL,NULL,NULL,NULL,NULL,NULL,NULL),('140725',NULL,'寿阳县',NULL,'1407',NULL,NULL,NULL,NULL,NULL,NULL,NULL,NULL),('140726',NULL,'太谷县',NULL,'1407',NULL,NULL,NULL,NULL,NULL,NULL,NULL,NULL),('140727',NULL,'祁县',NULL,'1407',NULL,NULL,NULL,NULL,NULL,NULL,NULL,NULL),('140728',NULL,'平遥县',NULL,'1407',NULL,NULL,NULL,NULL,NULL,NULL,NULL,NULL),('140729',NULL,'灵石县',NULL,'1407',NULL,NULL,NULL,NULL,NULL,NULL,NULL,NULL),('140781',NULL,'介休市',NULL,'1407',NULL,NULL,NULL,NULL,NULL,NULL,NULL,NULL),('1408',NULL,'运城市',NULL,'14',NULL,NULL,NULL,NULL,NULL,NULL,NULL,NULL),('140801',NULL,'市辖区',NULL,'1408',NULL,NULL,NULL,NULL,NULL,NULL,NULL,NULL),('140802',NULL,'盐湖区',NULL,'1408',NULL,NULL,NULL,NULL,NULL,NULL,NULL,NULL),('140821',NULL,'临猗县',NULL,'1408',NULL,NULL,NULL,NULL,NULL,NULL,NULL,NULL),('140822',NULL,'万荣县',NULL,'1408',NULL,NULL,NULL,NULL,NULL,NULL,NULL,NULL),('140823',NULL,'闻喜县',NULL,'1408',NULL,NULL,NULL,NULL,NULL,NULL,NULL,NULL),('140824',NULL,'稷山县',NULL,'1408',NULL,NULL,NULL,NULL,NULL,NULL,NULL,NULL),('140825',NULL,'新绛县',NULL,'1408',NULL,NULL,NULL,NULL,NULL,NULL,NULL,NULL),('140826',NULL,'绛县',NULL,'1408',NULL,NULL,NULL,NULL,NULL,NULL,NULL,NULL),('140827',NULL,'垣曲县',NULL,'1408',NULL,NULL,NULL,NULL,NULL,NULL,NULL,NULL),('140828',NULL,'夏县',NULL,'1408',NULL,NULL,NULL,NULL,NULL,NULL,NULL,NULL),('140829',NULL,'平陆县',NULL,'1408',NULL,NULL,NULL,NULL,NULL,NULL,NULL,NULL),('140830',NULL,'芮城县',NULL,'1408',NULL,NULL,NULL,NULL,NULL,NULL,NULL,NULL),('140881',NULL,'永济市',NULL,'1408',NULL,NULL,NULL,NULL,NULL,NULL,NULL,NULL),('140882',NULL,'河津市',NULL,'1408',NULL,NULL,NULL,NULL,NULL,NULL,NULL,NULL),('1409',NULL,'忻州市',NULL,'14',NULL,NULL,NULL,NULL,NULL,NULL,NULL,NULL),('140901',NULL,'市辖区',NULL,'1409',NULL,NULL,NULL,NULL,NULL,NULL,NULL,NULL),('140902',NULL,'忻府区',NULL,'1409',NULL,NULL,NULL,NULL,NULL,NULL,NULL,NULL),('140921',NULL,'定襄县',NULL,'1409',NULL,NULL,NULL,NULL,NULL,NULL,NULL,NULL),('140922',NULL,'五台县',NULL,'1409',NULL,NULL,NULL,NULL,NULL,NULL,NULL,NULL),('140923',NULL,'代县',NULL,'1409',NULL,NULL,NULL,NULL,NULL,NULL,NULL,NULL),('140924',NULL,'繁峙县',NULL,'1409',NULL,NULL,NULL,NULL,NULL,NULL,NULL,NULL),('140925',NULL,'宁武县',NULL,'1409',NULL,NULL,NULL,NULL,NULL,NULL,NULL,NULL),('140926',NULL,'静乐县',NULL,'1409',NULL,NULL,NULL,NULL,NULL,NULL,NULL,NULL),('140927',NULL,'神池县',NULL,'1409',NULL,NULL,NULL,NULL,NULL,NULL,NULL,NULL),('140928',NULL,'五寨县',NULL,'1409',NULL,NULL,NULL,NULL,NULL,NULL,NULL,NULL),('140929',NULL,'岢岚县',NULL,'1409',NULL,NULL,NULL,NULL,NULL,NULL,NULL,NULL),('140930',NULL,'河曲县',NULL,'1409',NULL,NULL,NULL,NULL,NULL,NULL,NULL,NULL),('140931',NULL,'保德县',NULL,'1409',NULL,NULL,NULL,NULL,NULL,NULL,NULL,NULL),('140932',NULL,'偏关县',NULL,'1409',NULL,NULL,NULL,NULL,NULL,NULL,NULL,NULL),('140981',NULL,'原平市',NULL,'1409',NULL,NULL,NULL,NULL,NULL,NULL,NULL,NULL),('1410',NULL,'临汾市',NULL,'14',NULL,NULL,NULL,NULL,NULL,NULL,NULL,NULL),('141001',NULL,'市辖区',NULL,'1410',NULL,NULL,NULL,NULL,NULL,NULL,NULL,NULL),('141002',NULL,'尧都区',NULL,'1410',NULL,NULL,NULL,NULL,NULL,NULL,NULL,NULL),('141021',NULL,'曲沃县',NULL,'1410',NULL,NULL,NULL,NULL,NULL,NULL,NULL,NULL),('141022',NULL,'翼城县',NULL,'1410',NULL,NULL,NULL,NULL,NULL,NULL,NULL,NULL),('141023',NULL,'襄汾县',NULL,'1410',NULL,NULL,NULL,NULL,NULL,NULL,NULL,NULL),('141024',NULL,'洪洞县',NULL,'1410',NULL,NULL,NULL,NULL,NULL,NULL,NULL,NULL),('141025',NULL,'古县',NULL,'1410',NULL,NULL,NULL,NULL,NULL,NULL,NULL,NULL),('141026',NULL,'安泽县',NULL,'1410',NULL,NULL,NULL,NULL,NULL,NULL,NULL,NULL),('141027',NULL,'浮山县',NULL,'1410',NULL,NULL,NULL,NULL,NULL,NULL,NULL,NULL),('141028',NULL,'吉县',NULL,'1410',NULL,NULL,NULL,NULL,NULL,NULL,NULL,NULL),('141029',NULL,'乡宁县',NULL,'1410',NULL,NULL,NULL,NULL,NULL,NULL,NULL,NULL),('141030',NULL,'大宁县',NULL,'1410',NULL,NULL,NULL,NULL,NULL,NULL,NULL,NULL),('141031',NULL,'隰县',NULL,'1410',NULL,NULL,NULL,NULL,NULL,NULL,NULL,NULL),('141032',NULL,'永和县',NULL,'1410',NULL,NULL,NULL,NULL,NULL,NULL,NULL,NULL),('141033',NULL,'蒲县',NULL,'1410',NULL,NULL,NULL,NULL,NULL,NULL,NULL,NULL),('141034',NULL,'汾西县',NULL,'1410',NULL,NULL,NULL,NULL,NULL,NULL,NULL,NULL),('141081',NULL,'侯马市',NULL,'1410',NULL,NULL,NULL,NULL,NULL,NULL,NULL,NULL),('141082',NULL,'霍州市',NULL,'1410',NULL,NULL,NULL,NULL,NULL,NULL,NULL,NULL),('1411',NULL,'吕梁市',NULL,'14',NULL,NULL,NULL,NULL,NULL,NULL,NULL,NULL),('141101',NULL,'市辖区',NULL,'1411',NULL,NULL,NULL,NULL,NULL,NULL,NULL,NULL),('141102',NULL,'离石区',NULL,'1411',NULL,NULL,NULL,NULL,NULL,NULL,NULL,NULL),('141121',NULL,'文水县',NULL,'1411',NULL,NULL,NULL,NULL,NULL,NULL,NULL,NULL),('141122',NULL,'交城县',NULL,'1411',NULL,NULL,NULL,NULL,NULL,NULL,NULL,NULL),('141123',NULL,'兴县',NULL,'1411',NULL,NULL,NULL,NULL,NULL,NULL,NULL,NULL),('141124',NULL,'临县',NULL,'1411',NULL,NULL,NULL,NULL,NULL,NULL,NULL,NULL),('141125',NULL,'柳林县',NULL,'1411',NULL,NULL,NULL,NULL,NULL,NULL,NULL,NULL),('141126',NULL,'石楼县',NULL,'1411',NULL,NULL,NULL,NULL,NULL,NULL,NULL,NULL),('141127',NULL,'岚县',NULL,'1411',NULL,NULL,NULL,NULL,NULL,NULL,NULL,NULL),('141128',NULL,'方山县',NULL,'1411',NULL,NULL,NULL,NULL,NULL,NULL,NULL,NULL),('141129',NULL,'中阳县',NULL,'1411',NULL,NULL,NULL,NULL,NULL,NULL,NULL,NULL),('141130',NULL,'交口县',NULL,'1411',NULL,NULL,NULL,NULL,NULL,NULL,NULL,NULL),('141181',NULL,'孝义市',NULL,'1411',NULL,NULL,NULL,NULL,NULL,NULL,NULL,NULL),('141182',NULL,'汾阳市',NULL,'1411',NULL,NULL,NULL,NULL,NULL,NULL,NULL,NULL),('15',NULL,'内蒙古自治区','',NULL,NULL,NULL,NULL,NULL,NULL,NULL,NULL,NULL),('1501',NULL,'呼和浩特市',NULL,'15',NULL,NULL,NULL,NULL,NULL,NULL,NULL,NULL),('150101',NULL,'市辖区',NULL,'1501',NULL,NULL,NULL,NULL,NULL,NULL,NULL,NULL),('150102',NULL,'新城区',NULL,'1501',NULL,NULL,NULL,NULL,NULL,NULL,NULL,NULL),('150103',NULL,'回民区',NULL,'1501',NULL,NULL,NULL,NULL,NULL,NULL,NULL,NULL),('150104',NULL,'玉泉区',NULL,'1501',NULL,NULL,NULL,NULL,NULL,NULL,NULL,NULL),('150105',NULL,'赛罕区',NULL,'1501',NULL,NULL,NULL,NULL,NULL,NULL,NULL,NULL),('150121',NULL,'土默特左旗',NULL,'1501',NULL,NULL,NULL,NULL,NULL,NULL,NULL,NULL),('150122',NULL,'托克托县',NULL,'1501',NULL,NULL,NULL,NULL,NULL,NULL,NULL,NULL),('150123',NULL,'和林格尔县',NULL,'1501',NULL,NULL,NULL,NULL,NULL,NULL,NULL,NULL),('150124',NULL,'清水河县',NULL,'1501',NULL,NULL,NULL,NULL,NULL,NULL,NULL,NULL),('150125',NULL,'武川县',NULL,'1501',NULL,NULL,NULL,NULL,NULL,NULL,NULL,NULL),('1502',NULL,'包头市',NULL,'15',NULL,NULL,NULL,NULL,NULL,NULL,NULL,NULL),('150201',NULL,'市辖区',NULL,'1502',NULL,NULL,NULL,NULL,NULL,NULL,NULL,NULL),('150202',NULL,'东河区',NULL,'1502',NULL,NULL,NULL,NULL,NULL,NULL,NULL,NULL),('150203',NULL,'昆都仑区',NULL,'1502',NULL,NULL,NULL,NULL,NULL,NULL,NULL,NULL),('150204',NULL,'青山区',NULL,'1502',NULL,NULL,NULL,NULL,NULL,NULL,NULL,NULL),('150205',NULL,'石拐区',NULL,'1502',NULL,NULL,NULL,NULL,NULL,NULL,NULL,NULL),('150206',NULL,'白云鄂博矿区',NULL,'1502',NULL,NULL,NULL,NULL,NULL,NULL,NULL,NULL),('150207',NULL,'九原区',NULL,'1502',NULL,NULL,NULL,NULL,NULL,NULL,NULL,NULL),('150221',NULL,'土默特右旗',NULL,'1502',NULL,NULL,NULL,NULL,NULL,NULL,NULL,NULL),('150222',NULL,'固阳县',NULL,'1502',NULL,NULL,NULL,NULL,NULL,NULL,NULL,NULL),('150223',NULL,'达尔罕茂明安联合旗',NULL,'1502',NULL,NULL,NULL,NULL,NULL,NULL,NULL,NULL),('1503',NULL,'乌海市',NULL,'15',NULL,NULL,NULL,NULL,NULL,NULL,NULL,NULL),('150301',NULL,'市辖区',NULL,'1503',NULL,NULL,NULL,NULL,NULL,NULL,NULL,NULL),('150302',NULL,'海勃湾区',NULL,'1503',NULL,NULL,NULL,NULL,NULL,NULL,NULL,NULL),('150303',NULL,'海南区',NULL,'1503',NULL,NULL,NULL,NULL,NULL,NULL,NULL,NULL),('150304',NULL,'乌达区',NULL,'1503',NULL,NULL,NULL,NULL,NULL,NULL,NULL,NULL),('1504',NULL,'赤峰市',NULL,'15',NULL,NULL,NULL,NULL,NULL,NULL,NULL,NULL),('150401',NULL,'市辖区',NULL,'1504',NULL,NULL,NULL,NULL,NULL,NULL,NULL,NULL),('150402',NULL,'红山区',NULL,'1504',NULL,NULL,NULL,NULL,NULL,NULL,NULL,NULL),('150403',NULL,'元宝山区',NULL,'1504',NULL,NULL,NULL,NULL,NULL,NULL,NULL,NULL),('150404',NULL,'松山区',NULL,'1504',NULL,NULL,NULL,NULL,NULL,NULL,NULL,NULL),('150421',NULL,'阿鲁科尔沁旗',NULL,'1504',NULL,NULL,NULL,NULL,NULL,NULL,NULL,NULL),('150422',NULL,'巴林左旗',NULL,'1504',NULL,NULL,NULL,NULL,NULL,NULL,NULL,NULL),('150423',NULL,'巴林右旗',NULL,'1504',NULL,NULL,NULL,NULL,NULL,NULL,NULL,NULL),('150424',NULL,'林西县',NULL,'1504',NULL,NULL,NULL,NULL,NULL,NULL,NULL,NULL),('150425',NULL,'克什克腾旗',NULL,'1504',NULL,NULL,NULL,NULL,NULL,NULL,NULL,NULL),('150426',NULL,'翁牛特旗',NULL,'1504',NULL,NULL,NULL,NULL,NULL,NULL,NULL,NULL),('150428',NULL,'喀喇沁旗',NULL,'1504',NULL,NULL,NULL,NULL,NULL,NULL,NULL,NULL),('150429',NULL,'宁城县',NULL,'1504',NULL,NULL,NULL,NULL,NULL,NULL,NULL,NULL),('150430',NULL,'敖汉旗',NULL,'1504',NULL,NULL,NULL,NULL,NULL,NULL,NULL,NULL),('1505',NULL,'通辽市',NULL,'15',NULL,NULL,NULL,NULL,NULL,NULL,NULL,NULL),('150501',NULL,'市辖区',NULL,'1505',NULL,NULL,NULL,NULL,NULL,NULL,NULL,NULL),('150502',NULL,'科尔沁区',NULL,'1505',NULL,NULL,NULL,NULL,NULL,NULL,NULL,NULL),('150521',NULL,'科尔沁左翼中旗',NULL,'1505',NULL,NULL,NULL,NULL,NULL,NULL,NULL,NULL),('150522',NULL,'科尔沁左翼后旗',NULL,'1505',NULL,NULL,NULL,NULL,NULL,NULL,NULL,NULL),('150523',NULL,'开鲁县',NULL,'1505',NULL,NULL,NULL,NULL,NULL,NULL,NULL,NULL),('150524',NULL,'库伦旗',NULL,'1505',NULL,NULL,NULL,NULL,NULL,NULL,NULL,NULL),('150525',NULL,'奈曼旗',NULL,'1505',NULL,NULL,NULL,NULL,NULL,NULL,NULL,NULL),('150526',NULL,'扎鲁特旗',NULL,'1505',NULL,NULL,NULL,NULL,NULL,NULL,NULL,NULL),('150581',NULL,'霍林郭勒市',NULL,'1505',NULL,NULL,NULL,NULL,NULL,NULL,NULL,NULL),('1506',NULL,'鄂尔多斯市',NULL,'15',NULL,NULL,NULL,NULL,NULL,NULL,NULL,NULL),('150601',NULL,'市辖区',NULL,'1506',NULL,NULL,NULL,NULL,NULL,NULL,NULL,NULL),('150602',NULL,'东胜区',NULL,'1506',NULL,NULL,NULL,NULL,NULL,NULL,NULL,NULL),('150621',NULL,'达拉特旗',NULL,'1506',NULL,NULL,NULL,NULL,NULL,NULL,NULL,NULL),('150622',NULL,'准格尔旗',NULL,'1506',NULL,NULL,NULL,NULL,NULL,NULL,NULL,NULL),('150623',NULL,'鄂托克前旗',NULL,'1506',NULL,NULL,NULL,NULL,NULL,NULL,NULL,NULL),('150624',NULL,'鄂托克旗',NULL,'1506',NULL,NULL,NULL,NULL,NULL,NULL,NULL,NULL),('150625',NULL,'杭锦旗',NULL,'1506',NULL,NULL,NULL,NULL,NULL,NULL,NULL,NULL),('150626',NULL,'乌审旗',NULL,'1506',NULL,NULL,NULL,NULL,NULL,NULL,NULL,NULL),('150627',NULL,'伊金霍洛旗',NULL,'1506',NULL,NULL,NULL,NULL,NULL,NULL,NULL,NULL),('1507',NULL,'呼伦贝尔市',NULL,'15',NULL,NULL,NULL,NULL,NULL,NULL,NULL,NULL),('150701',NULL,'市辖区',NULL,'1507',NULL,NULL,NULL,NULL,NULL,NULL,NULL,NULL),('150702',NULL,'海拉尔区',NULL,'1507',NULL,NULL,NULL,NULL,NULL,NULL,NULL,NULL),('150721',NULL,'阿荣旗',NULL,'1507',NULL,NULL,NULL,NULL,NULL,NULL,NULL,NULL),('150722',NULL,'莫力达瓦达斡尔族自治旗',NULL,'1507',NULL,NULL,NULL,NULL,NULL,NULL,NULL,NULL),('150723',NULL,'鄂伦春自治旗',NULL,'1507',NULL,NULL,NULL,NULL,NULL,NULL,NULL,NULL),('150724',NULL,'鄂温克族自治旗',NULL,'1507',NULL,NULL,NULL,NULL,NULL,NULL,NULL,NULL),('150725',NULL,'陈巴尔虎旗',NULL,'1507',NULL,NULL,NULL,NULL,NULL,NULL,NULL,NULL),('150726',NULL,'新巴尔虎左旗',NULL,'1507',NULL,NULL,NULL,NULL,NULL,NULL,NULL,NULL),('150727',NULL,'新巴尔虎右旗',NULL,'1507',NULL,NULL,NULL,NULL,NULL,NULL,NULL,NULL),('150781',NULL,'满洲里市',NULL,'1507',NULL,NULL,NULL,NULL,NULL,NULL,NULL,NULL),('150782',NULL,'牙克石市',NULL,'1507',NULL,NULL,NULL,NULL,NULL,NULL,NULL,NULL),('150783',NULL,'扎兰屯市',NULL,'1507',NULL,NULL,NULL,NULL,NULL,NULL,NULL,NULL),('150784',NULL,'额尔古纳市',NULL,'1507',NULL,NULL,NULL,NULL,NULL,NULL,NULL,NULL),('150785',NULL,'根河市',NULL,'1507',NULL,NULL,NULL,NULL,NULL,NULL,NULL,NULL),('1508',NULL,'巴彦淖尔市',NULL,'15',NULL,NULL,NULL,NULL,NULL,NULL,NULL,NULL),('150801',NULL,'市辖区',NULL,'1508',NULL,NULL,NULL,NULL,NULL,NULL,NULL,NULL),('150802',NULL,'临河区',NULL,'1508',NULL,NULL,NULL,NULL,NULL,NULL,NULL,NULL),('150821',NULL,'五原县',NULL,'1508',NULL,NULL,NULL,NULL,NULL,NULL,NULL,NULL),('150822',NULL,'磴口县',NULL,'1508',NULL,NULL,NULL,NULL,NULL,NULL,NULL,NULL),('150823',NULL,'乌拉特前旗',NULL,'1508',NULL,NULL,NULL,NULL,NULL,NULL,NULL,NULL),('150824',NULL,'乌拉特中旗',NULL,'1508',NULL,NULL,NULL,NULL,NULL,NULL,NULL,NULL),('150825',NULL,'乌拉特后旗',NULL,'1508',NULL,NULL,NULL,NULL,NULL,NULL,NULL,NULL),('150826',NULL,'杭锦后旗',NULL,'1508',NULL,NULL,NULL,NULL,NULL,NULL,NULL,NULL),('1509',NULL,'乌兰察布市',NULL,'15',NULL,NULL,NULL,NULL,NULL,NULL,NULL,NULL),('150901',NULL,'市辖区',NULL,'1509',NULL,NULL,NULL,NULL,NULL,NULL,NULL,NULL),('150902',NULL,'集宁区',NULL,'1509',NULL,NULL,NULL,NULL,NULL,NULL,NULL,NULL),('150921',NULL,'卓资县',NULL,'1509',NULL,NULL,NULL,NULL,NULL,NULL,NULL,NULL),('150922',NULL,'化德县',NULL,'1509',NULL,NULL,NULL,NULL,NULL,NULL,NULL,NULL),('150923',NULL,'商都县',NULL,'1509',NULL,NULL,NULL,NULL,NULL,NULL,NULL,NULL),('150924',NULL,'兴和县',NULL,'1509',NULL,NULL,NULL,NULL,NULL,NULL,NULL,NULL),('150925',NULL,'凉城县',NULL,'1509',NULL,NULL,NULL,NULL,NULL,NULL,NULL,NULL),('150926',NULL,'察哈尔右翼前旗',NULL,'1509',NULL,NULL,NULL,NULL,NULL,NULL,NULL,NULL),('150927',NULL,'察哈尔右翼中旗',NULL,'1509',NULL,NULL,NULL,NULL,NULL,NULL,NULL,NULL),('150928',NULL,'察哈尔右翼后旗',NULL,'1509',NULL,NULL,NULL,NULL,NULL,NULL,NULL,NULL),('150929',NULL,'四子王旗',NULL,'1509',NULL,NULL,NULL,NULL,NULL,NULL,NULL,NULL),('150981',NULL,'丰镇市',NULL,'1509',NULL,NULL,NULL,NULL,NULL,NULL,NULL,NULL),('1522',NULL,'兴安盟',NULL,'15',NULL,NULL,NULL,NULL,NULL,NULL,NULL,NULL),('152201',NULL,'乌兰浩特市',NULL,'1522',NULL,NULL,NULL,NULL,NULL,NULL,NULL,NULL),('152202',NULL,'阿尔山市',NULL,'1522',NULL,NULL,NULL,NULL,NULL,NULL,NULL,NULL),('152221',NULL,'科尔沁右翼前旗',NULL,'1522',NULL,NULL,NULL,NULL,NULL,NULL,NULL,NULL),('152222',NULL,'科尔沁右翼中旗',NULL,'1522',NULL,NULL,NULL,NULL,NULL,NULL,NULL,NULL),('152223',NULL,'扎赉特旗',NULL,'1522',NULL,NULL,NULL,NULL,NULL,NULL,NULL,NULL),('152224',NULL,'突泉县',NULL,'1522',NULL,NULL,NULL,NULL,NULL,NULL,NULL,NULL),('1525',NULL,'锡林郭勒盟',NULL,'15',NULL,NULL,NULL,NULL,NULL,NULL,NULL,NULL),('152501',NULL,'二连浩特市',NULL,'1525',NULL,NULL,NULL,NULL,NULL,NULL,NULL,NULL),('152502',NULL,'锡林浩特市',NULL,'1525',NULL,NULL,NULL,NULL,NULL,NULL,NULL,NULL),('152522',NULL,'阿巴嘎旗',NULL,'1525',NULL,NULL,NULL,NULL,NULL,NULL,NULL,NULL),('152523',NULL,'苏尼特左旗',NULL,'1525',NULL,NULL,NULL,NULL,NULL,NULL,NULL,NULL),('152524',NULL,'苏尼特右旗',NULL,'1525',NULL,NULL,NULL,NULL,NULL,NULL,NULL,NULL),('152525',NULL,'东乌珠穆沁旗',NULL,'1525',NULL,NULL,NULL,NULL,NULL,NULL,NULL,NULL),('152526',NULL,'西乌珠穆沁旗',NULL,'1525',NULL,NULL,NULL,NULL,NULL,NULL,NULL,NULL),('152527',NULL,'太仆寺旗',NULL,'1525',NULL,NULL,NULL,NULL,NULL,NULL,NULL,NULL),('152528',NULL,'镶黄旗',NULL,'1525',NULL,NULL,NULL,NULL,NULL,NULL,NULL,NULL),('152529',NULL,'正镶白旗',NULL,'1525',NULL,NULL,NULL,NULL,NULL,NULL,NULL,NULL),('152530',NULL,'正蓝旗',NULL,'1525',NULL,NULL,NULL,NULL,NULL,NULL,NULL,NULL),('152531',NULL,'多伦县',NULL,'1525',NULL,NULL,NULL,NULL,NULL,NULL,NULL,NULL),('1529',NULL,'阿拉善盟',NULL,'15',NULL,NULL,NULL,NULL,NULL,NULL,NULL,NULL),('152921',NULL,'阿拉善左旗',NULL,'1529',NULL,NULL,NULL,NULL,NULL,NULL,NULL,NULL),('152922',NULL,'阿拉善右旗',NULL,'1529',NULL,NULL,NULL,NULL,NULL,NULL,NULL,NULL),('152923',NULL,'额济纳旗',NULL,'1529',NULL,NULL,NULL,NULL,NULL,NULL,NULL,NULL),('21',NULL,'辽宁省',NULL,NULL,NULL,NULL,NULL,NULL,NULL,NULL,NULL,NULL),('2101',NULL,'沈阳市',NULL,'21',NULL,NULL,NULL,NULL,NULL,NULL,NULL,NULL),('210101',NULL,'市辖区',NULL,'2101',NULL,NULL,NULL,NULL,NULL,NULL,NULL,NULL),('210102',NULL,'和平区',NULL,'2101',NULL,NULL,NULL,NULL,NULL,NULL,NULL,NULL),('210103',NULL,'沈河区',NULL,'2101',NULL,NULL,NULL,NULL,NULL,NULL,NULL,NULL),('210104',NULL,'大东区',NULL,'2101',NULL,NULL,NULL,NULL,NULL,NULL,NULL,NULL),('210105',NULL,'皇姑区',NULL,'2101',NULL,NULL,NULL,NULL,NULL,NULL,NULL,NULL),('210106',NULL,'铁西区',NULL,'2101',NULL,NULL,NULL,NULL,NULL,NULL,NULL,NULL),('210111',NULL,'苏家屯区',NULL,'2101',NULL,NULL,NULL,NULL,NULL,NULL,NULL,NULL),('210112',NULL,'东陵区',NULL,'2101',NULL,NULL,NULL,NULL,NULL,NULL,NULL,NULL),('210113',NULL,'沈北新区',NULL,'2101',NULL,NULL,NULL,NULL,NULL,NULL,NULL,NULL),('210114',NULL,'于洪区',NULL,'2101',NULL,NULL,NULL,NULL,NULL,NULL,NULL,NULL),('210122',NULL,'辽中县',NULL,'2101',NULL,NULL,NULL,NULL,NULL,NULL,NULL,NULL),('210123',NULL,'康平县',NULL,'2101',NULL,NULL,NULL,NULL,NULL,NULL,NULL,NULL),('210124',NULL,'法库县',NULL,'2101',NULL,NULL,NULL,NULL,NULL,NULL,NULL,NULL),('210181',NULL,'新民市',NULL,'2101',NULL,NULL,NULL,NULL,NULL,NULL,NULL,NULL),('2102',NULL,'大连市',NULL,'21',NULL,NULL,NULL,NULL,NULL,NULL,NULL,NULL),('210201',NULL,'市辖区',NULL,'2102',NULL,NULL,NULL,NULL,NULL,NULL,NULL,NULL),('210202',NULL,'中山区',NULL,'2102',NULL,NULL,NULL,NULL,NULL,NULL,NULL,NULL),('210203',NULL,'西岗区',NULL,'2102',NULL,NULL,NULL,NULL,NULL,NULL,NULL,NULL),('210204',NULL,'沙河口区',NULL,'2102',NULL,NULL,NULL,NULL,NULL,NULL,NULL,NULL),('210211',NULL,'甘井子区',NULL,'2102',NULL,NULL,NULL,NULL,NULL,NULL,NULL,NULL),('210212',NULL,'旅顺口区',NULL,'2102',NULL,NULL,NULL,NULL,NULL,NULL,NULL,NULL),('210213',NULL,'金州区',NULL,'2102',NULL,NULL,NULL,NULL,NULL,NULL,NULL,NULL),('210224',NULL,'长海县',NULL,'2102',NULL,NULL,NULL,NULL,NULL,NULL,NULL,NULL),('210281',NULL,'瓦房店市',NULL,'2102',NULL,NULL,NULL,NULL,NULL,NULL,NULL,NULL),('210282',NULL,'普兰店市',NULL,'2102',NULL,NULL,NULL,NULL,NULL,NULL,NULL,NULL),('210283',NULL,'庄河市',NULL,'2102',NULL,NULL,NULL,NULL,NULL,NULL,NULL,NULL),('2103',NULL,'鞍山市',NULL,'21',NULL,NULL,NULL,NULL,NULL,NULL,NULL,NULL),('210301',NULL,'市辖区',NULL,'2103',NULL,NULL,NULL,NULL,NULL,NULL,NULL,NULL),('210302',NULL,'铁东区',NULL,'2103',NULL,NULL,NULL,NULL,NULL,NULL,NULL,NULL),('210303',NULL,'铁西区',NULL,'2103',NULL,NULL,NULL,NULL,NULL,NULL,NULL,NULL),('210304',NULL,'立山区',NULL,'2103',NULL,NULL,NULL,NULL,NULL,NULL,NULL,NULL),('210311',NULL,'千山区',NULL,'2103',NULL,NULL,NULL,NULL,NULL,NULL,NULL,NULL),('210321',NULL,'台安县',NULL,'2103',NULL,NULL,NULL,NULL,NULL,NULL,NULL,NULL),('210323',NULL,'岫岩满族自治县',NULL,'2103',NULL,NULL,NULL,NULL,NULL,NULL,NULL,NULL),('210381',NULL,'海城市',NULL,'2103',NULL,NULL,NULL,NULL,NULL,NULL,NULL,NULL),('2104',NULL,'抚顺市',NULL,'21',NULL,NULL,NULL,NULL,NULL,NULL,NULL,NULL),('210401',NULL,'市辖区',NULL,'2104',NULL,NULL,NULL,NULL,NULL,NULL,NULL,NULL),('210402',NULL,'新抚区',NULL,'2104',NULL,NULL,NULL,NULL,NULL,NULL,NULL,NULL),('210403',NULL,'东洲区',NULL,'2104',NULL,NULL,NULL,NULL,NULL,NULL,NULL,NULL),('210404',NULL,'望花区',NULL,'2104',NULL,NULL,NULL,NULL,NULL,NULL,NULL,NULL),('210411',NULL,'顺城区',NULL,'2104',NULL,NULL,NULL,NULL,NULL,NULL,NULL,NULL),('210421',NULL,'抚顺县',NULL,'2104',NULL,NULL,NULL,NULL,NULL,NULL,NULL,NULL),('210422',NULL,'新宾满族自治县',NULL,'2104',NULL,NULL,NULL,NULL,NULL,NULL,NULL,NULL),('210423',NULL,'清原满族自治县',NULL,'2104',NULL,NULL,NULL,NULL,NULL,NULL,NULL,NULL),('2105',NULL,'本溪市',NULL,'21',NULL,NULL,NULL,NULL,NULL,NULL,NULL,NULL),('210501',NULL,'市辖区',NULL,'2105',NULL,NULL,NULL,NULL,NULL,NULL,NULL,NULL),('210502',NULL,'平山区',NULL,'2105',NULL,NULL,NULL,NULL,NULL,NULL,NULL,NULL),('210503',NULL,'溪湖区',NULL,'2105',NULL,NULL,NULL,NULL,NULL,NULL,NULL,NULL),('210504',NULL,'明山区',NULL,'2105',NULL,NULL,NULL,NULL,NULL,NULL,NULL,NULL),('210505',NULL,'南芬区',NULL,'2105',NULL,NULL,NULL,NULL,NULL,NULL,NULL,NULL),('210521',NULL,'本溪满族自治县',NULL,'2105',NULL,NULL,NULL,NULL,NULL,NULL,NULL,NULL),('210522',NULL,'桓仁满族自治县',NULL,'2105',NULL,NULL,NULL,NULL,NULL,NULL,NULL,NULL),('2106',NULL,'丹东市',NULL,'21',NULL,NULL,NULL,NULL,NULL,NULL,NULL,NULL),('210601',NULL,'市辖区',NULL,'2106',NULL,NULL,NULL,NULL,NULL,NULL,NULL,NULL),('210602',NULL,'元宝区',NULL,'2106',NULL,NULL,NULL,NULL,NULL,NULL,NULL,NULL),('210603',NULL,'振兴区',NULL,'2106',NULL,NULL,NULL,NULL,NULL,NULL,NULL,NULL),('210604',NULL,'振安区',NULL,'2106',NULL,NULL,NULL,NULL,NULL,NULL,NULL,NULL),('210624',NULL,'宽甸满族自治县',NULL,'2106',NULL,NULL,NULL,NULL,NULL,NULL,NULL,NULL),('210681',NULL,'东港市',NULL,'2106',NULL,NULL,NULL,NULL,NULL,NULL,NULL,NULL),('210682',NULL,'凤城市',NULL,'2106',NULL,NULL,NULL,NULL,NULL,NULL,NULL,NULL),('2107',NULL,'锦州市',NULL,'21',NULL,NULL,NULL,NULL,NULL,NULL,NULL,NULL),('210701',NULL,'市辖区',NULL,'2107',NULL,NULL,NULL,NULL,NULL,NULL,NULL,NULL),('210702',NULL,'古塔区',NULL,'2107',NULL,NULL,NULL,NULL,NULL,NULL,NULL,NULL),('210703',NULL,'凌河区',NULL,'2107',NULL,NULL,NULL,NULL,NULL,NULL,NULL,NULL),('210711',NULL,'太和区',NULL,'2107',NULL,NULL,NULL,NULL,NULL,NULL,NULL,NULL),('210726',NULL,'黑山县',NULL,'2107',NULL,NULL,NULL,NULL,NULL,NULL,NULL,NULL),('210727',NULL,'义县',NULL,'2107',NULL,NULL,NULL,NULL,NULL,NULL,NULL,NULL),('210781',NULL,'凌海市',NULL,'2107',NULL,NULL,NULL,NULL,NULL,NULL,NULL,NULL),('210782',NULL,'北镇市',NULL,'2107',NULL,NULL,NULL,NULL,NULL,NULL,NULL,NULL),('2108',NULL,'营口市',NULL,'21',NULL,NULL,NULL,NULL,NULL,NULL,NULL,NULL),('210801',NULL,'市辖区',NULL,'2108',NULL,NULL,NULL,NULL,NULL,NULL,NULL,NULL),('210802',NULL,'站前区',NULL,'2108',NULL,NULL,NULL,NULL,NULL,NULL,NULL,NULL),('210803',NULL,'西市区',NULL,'2108',NULL,NULL,NULL,NULL,NULL,NULL,NULL,NULL),('210804',NULL,'鲅鱼圈区',NULL,'2108',NULL,NULL,NULL,NULL,NULL,NULL,NULL,NULL),('210811',NULL,'老边区',NULL,'2108',NULL,NULL,NULL,NULL,NULL,NULL,NULL,NULL),('210881',NULL,'盖州市',NULL,'2108',NULL,NULL,NULL,NULL,NULL,NULL,NULL,NULL),('210882',NULL,'大石桥市',NULL,'2108',NULL,NULL,NULL,NULL,NULL,NULL,NULL,NULL),('2109',NULL,'阜新市',NULL,'21',NULL,NULL,NULL,NULL,NULL,NULL,NULL,NULL),('210901',NULL,'市辖区',NULL,'2109',NULL,NULL,NULL,NULL,NULL,NULL,NULL,NULL),('210902',NULL,'海州区',NULL,'2109',NULL,NULL,NULL,NULL,NULL,NULL,NULL,NULL),('210903',NULL,'新邱区',NULL,'2109',NULL,NULL,NULL,NULL,NULL,NULL,NULL,NULL),('210904',NULL,'太平区',NULL,'2109',NULL,NULL,NULL,NULL,NULL,NULL,NULL,NULL),('210905',NULL,'清河门区',NULL,'2109',NULL,NULL,NULL,NULL,NULL,NULL,NULL,NULL),('210911',NULL,'细河区',NULL,'2109',NULL,NULL,NULL,NULL,NULL,NULL,NULL,NULL),('210921',NULL,'阜新蒙古族自治县',NULL,'2109',NULL,NULL,NULL,NULL,NULL,NULL,NULL,NULL),('210922',NULL,'彰武县',NULL,'2109',NULL,NULL,NULL,NULL,NULL,NULL,NULL,NULL),('2110',NULL,'辽阳市',NULL,'21',NULL,NULL,NULL,NULL,NULL,NULL,NULL,NULL),('211001',NULL,'市辖区',NULL,'2110',NULL,NULL,NULL,NULL,NULL,NULL,NULL,NULL),('211002',NULL,'白塔区',NULL,'2110',NULL,NULL,NULL,NULL,NULL,NULL,NULL,NULL),('211003',NULL,'文圣区',NULL,'2110',NULL,NULL,NULL,NULL,NULL,NULL,NULL,NULL),('211004',NULL,'宏伟区',NULL,'2110',NULL,NULL,NULL,NULL,NULL,NULL,NULL,NULL),('211005',NULL,'弓长岭区',NULL,'2110',NULL,NULL,NULL,NULL,NULL,NULL,NULL,NULL),('211011',NULL,'太子河区',NULL,'2110',NULL,NULL,NULL,NULL,NULL,NULL,NULL,NULL),('211021',NULL,'辽阳县',NULL,'2110',NULL,NULL,NULL,NULL,NULL,NULL,NULL,NULL),('211081',NULL,'灯塔市',NULL,'2110',NULL,NULL,NULL,NULL,NULL,NULL,NULL,NULL),('2111',NULL,'盘锦市',NULL,'21',NULL,NULL,NULL,NULL,NULL,NULL,NULL,NULL),('211101',NULL,'市辖区',NULL,'2111',NULL,NULL,NULL,NULL,NULL,NULL,NULL,NULL),('211102',NULL,'双台子区',NULL,'2111',NULL,NULL,NULL,NULL,NULL,NULL,NULL,NULL),('211103',NULL,'兴隆台区',NULL,'2111',NULL,NULL,NULL,NULL,NULL,NULL,NULL,NULL),('211121',NULL,'大洼县',NULL,'2111',NULL,NULL,NULL,NULL,NULL,NULL,NULL,NULL),('211122',NULL,'盘山县',NULL,'2111',NULL,NULL,NULL,NULL,NULL,NULL,NULL,NULL),('2112',NULL,'铁岭市',NULL,'21',NULL,NULL,NULL,NULL,NULL,NULL,NULL,NULL),('211201',NULL,'市辖区',NULL,'2112',NULL,NULL,NULL,NULL,NULL,NULL,NULL,NULL),('211202',NULL,'银州区',NULL,'2112',NULL,NULL,NULL,NULL,NULL,NULL,NULL,NULL),('211204',NULL,'清河区',NULL,'2112',NULL,NULL,NULL,NULL,NULL,NULL,NULL,NULL),('211221',NULL,'铁岭县',NULL,'2112',NULL,NULL,NULL,NULL,NULL,NULL,NULL,NULL),('211223',NULL,'西丰县',NULL,'2112',NULL,NULL,NULL,NULL,NULL,NULL,NULL,NULL),('211224',NULL,'昌图县',NULL,'2112',NULL,NULL,NULL,NULL,NULL,NULL,NULL,NULL),('211281',NULL,'调兵山市',NULL,'2112',NULL,NULL,NULL,NULL,NULL,NULL,NULL,NULL),('211282',NULL,'开原市',NULL,'2112',NULL,NULL,NULL,NULL,NULL,NULL,NULL,NULL),('2113',NULL,'朝阳市',NULL,'21',NULL,NULL,NULL,NULL,NULL,NULL,NULL,NULL),('211301',NULL,'市辖区',NULL,'2113',NULL,NULL,NULL,NULL,NULL,NULL,NULL,NULL),('211302',NULL,'双塔区',NULL,'2113',NULL,NULL,NULL,NULL,NULL,NULL,NULL,NULL),('211303',NULL,'龙城区',NULL,'2113',NULL,NULL,NULL,NULL,NULL,NULL,NULL,NULL),('211321',NULL,'朝阳县',NULL,'2113',NULL,NULL,NULL,NULL,NULL,NULL,NULL,NULL),('211322',NULL,'建平县',NULL,'2113',NULL,NULL,NULL,NULL,NULL,NULL,NULL,NULL),('211324',NULL,'喀喇沁左翼蒙古族自治县',NULL,'2113',NULL,NULL,NULL,NULL,NULL,NULL,NULL,NULL),('211381',NULL,'北票市',NULL,'2113',NULL,NULL,NULL,NULL,NULL,NULL,NULL,NULL),('211382',NULL,'凌源市',NULL,'2113',NULL,NULL,NULL,NULL,NULL,NULL,NULL,NULL),('2114',NULL,'葫芦岛市',NULL,'21',NULL,NULL,NULL,NULL,NULL,NULL,NULL,NULL),('211401',NULL,'市辖区',NULL,'2114',NULL,NULL,NULL,NULL,NULL,NULL,NULL,NULL),('211402',NULL,'连山区',NULL,'2114',NULL,NULL,NULL,NULL,NULL,NULL,NULL,NULL),('211403',NULL,'龙港区',NULL,'2114',NULL,NULL,NULL,NULL,NULL,NULL,NULL,NULL),('211404',NULL,'南票区',NULL,'2114',NULL,NULL,NULL,NULL,NULL,NULL,NULL,NULL),('211421',NULL,'绥中县',NULL,'2114',NULL,NULL,NULL,NULL,NULL,NULL,NULL,NULL),('211422',NULL,'建昌县',NULL,'2114',NULL,NULL,NULL,NULL,NULL,NULL,NULL,NULL),('211481',NULL,'兴城市',NULL,'2114',NULL,NULL,NULL,NULL,NULL,NULL,NULL,NULL),('22',NULL,'吉林省',NULL,NULL,NULL,NULL,NULL,NULL,NULL,NULL,NULL,NULL),('2201',NULL,'长春市',NULL,'22',NULL,NULL,NULL,NULL,NULL,NULL,NULL,NULL),('220101',NULL,'市辖区',NULL,'2201',NULL,NULL,NULL,NULL,NULL,NULL,NULL,NULL),('220102',NULL,'南关区',NULL,'2201',NULL,NULL,NULL,NULL,NULL,NULL,NULL,NULL),('220103',NULL,'宽城区',NULL,'2201',NULL,NULL,NULL,NULL,NULL,NULL,NULL,NULL),('220104',NULL,'朝阳区',NULL,'2201',NULL,NULL,NULL,NULL,NULL,NULL,NULL,NULL),('220105',NULL,'二道区',NULL,'2201',NULL,NULL,NULL,NULL,NULL,NULL,NULL,NULL),('220106',NULL,'绿园区',NULL,'2201',NULL,NULL,NULL,NULL,NULL,NULL,NULL,NULL),('220112',NULL,'双阳区',NULL,'2201',NULL,NULL,NULL,NULL,NULL,NULL,NULL,NULL),('220122',NULL,'农安县',NULL,'2201',NULL,NULL,NULL,NULL,NULL,NULL,NULL,NULL),('220181',NULL,'九台市',NULL,'2201',NULL,NULL,NULL,NULL,NULL,NULL,NULL,NULL),('220182',NULL,'榆树市',NULL,'2201',NULL,NULL,NULL,NULL,NULL,NULL,NULL,NULL),('220183',NULL,'德惠市',NULL,'2201',NULL,NULL,NULL,NULL,NULL,NULL,NULL,NULL),('2202',NULL,'吉林市',NULL,'22',NULL,NULL,NULL,NULL,NULL,NULL,NULL,NULL),('220201',NULL,'市辖区',NULL,'2202',NULL,NULL,NULL,NULL,NULL,NULL,NULL,NULL),('220202',NULL,'昌邑区',NULL,'2202',NULL,NULL,NULL,NULL,NULL,NULL,NULL,NULL),('220203',NULL,'龙潭区',NULL,'2202',NULL,NULL,NULL,NULL,NULL,NULL,NULL,NULL),('220204',NULL,'船营区',NULL,'2202',NULL,NULL,NULL,NULL,NULL,NULL,NULL,NULL),('220211',NULL,'丰满区',NULL,'2202',NULL,NULL,NULL,NULL,NULL,NULL,NULL,NULL),('220221',NULL,'永吉县',NULL,'2202',NULL,NULL,NULL,NULL,NULL,NULL,NULL,NULL),('220281',NULL,'蛟河市',NULL,'2202',NULL,NULL,NULL,NULL,NULL,NULL,NULL,NULL),('220282',NULL,'桦甸市',NULL,'2202',NULL,NULL,NULL,NULL,NULL,NULL,NULL,NULL),('220283',NULL,'舒兰市',NULL,'2202',NULL,NULL,NULL,NULL,NULL,NULL,NULL,NULL),('220284',NULL,'磐石市',NULL,'2202',NULL,NULL,NULL,NULL,NULL,NULL,NULL,NULL),('2203',NULL,'四平市',NULL,'22',NULL,NULL,NULL,NULL,NULL,NULL,NULL,NULL),('220301',NULL,'市辖区',NULL,'2203',NULL,NULL,NULL,NULL,NULL,NULL,NULL,NULL),('220302',NULL,'铁西区',NULL,'2203',NULL,NULL,NULL,NULL,NULL,NULL,NULL,NULL),('220303',NULL,'铁东区',NULL,'2203',NULL,NULL,NULL,NULL,NULL,NULL,NULL,NULL),('220322',NULL,'梨树县',NULL,'2203',NULL,NULL,NULL,NULL,NULL,NULL,NULL,NULL),('220323',NULL,'伊通满族自治县',NULL,'2203',NULL,NULL,NULL,NULL,NULL,NULL,NULL,NULL),('220381',NULL,'公主岭市',NULL,'2203',NULL,NULL,NULL,NULL,NULL,NULL,NULL,NULL),('220382',NULL,'双辽市',NULL,'2203',NULL,NULL,NULL,NULL,NULL,NULL,NULL,NULL),('2204',NULL,'辽源市',NULL,'22',NULL,NULL,NULL,NULL,NULL,NULL,NULL,NULL),('220401',NULL,'市辖区',NULL,'2204',NULL,NULL,NULL,NULL,NULL,NULL,NULL,NULL),('220402',NULL,'龙山区',NULL,'2204',NULL,NULL,NULL,NULL,NULL,NULL,NULL,NULL),('220403',NULL,'西安区',NULL,'2204',NULL,NULL,NULL,NULL,NULL,NULL,NULL,NULL),('220421',NULL,'东丰县',NULL,'2204',NULL,NULL,NULL,NULL,NULL,NULL,NULL,NULL),('220422',NULL,'东辽县',NULL,'2204',NULL,NULL,NULL,NULL,NULL,NULL,NULL,NULL),('2205',NULL,'通化市',NULL,'22',NULL,NULL,NULL,NULL,NULL,NULL,NULL,NULL),('220501',NULL,'市辖区',NULL,'2205',NULL,NULL,NULL,NULL,NULL,NULL,NULL,NULL),('220502',NULL,'东昌区',NULL,'2205',NULL,NULL,NULL,NULL,NULL,NULL,NULL,NULL),('220503',NULL,'二道江区',NULL,'2205',NULL,NULL,NULL,NULL,NULL,NULL,NULL,NULL),('220521',NULL,'通化县',NULL,'2205',NULL,NULL,NULL,NULL,NULL,NULL,NULL,NULL),('220523',NULL,'辉南县',NULL,'2205',NULL,NULL,NULL,NULL,NULL,NULL,NULL,NULL),('220524',NULL,'柳河县',NULL,'2205',NULL,NULL,NULL,NULL,NULL,NULL,NULL,NULL),('220581',NULL,'梅河口市',NULL,'2205',NULL,NULL,NULL,NULL,NULL,NULL,NULL,NULL),('220582',NULL,'集安市',NULL,'2205',NULL,NULL,NULL,NULL,NULL,NULL,NULL,NULL),('2206',NULL,'白山市',NULL,'22',NULL,NULL,NULL,NULL,NULL,NULL,NULL,NULL),('220601',NULL,'市辖区',NULL,'2206',NULL,NULL,NULL,NULL,NULL,NULL,NULL,NULL),('220602',NULL,'八道江区',NULL,'2206',NULL,NULL,NULL,NULL,NULL,NULL,NULL,NULL),('220605',NULL,'江源区',NULL,'2206',NULL,NULL,NULL,NULL,NULL,NULL,NULL,NULL),('220621',NULL,'抚松县',NULL,'2206',NULL,NULL,NULL,NULL,NULL,NULL,NULL,NULL),('220622',NULL,'靖宇县',NULL,'2206',NULL,NULL,NULL,NULL,NULL,NULL,NULL,NULL),('220623',NULL,'长白朝鲜族自治县',NULL,'2206',NULL,NULL,NULL,NULL,NULL,NULL,NULL,NULL),('220681',NULL,'临江市',NULL,'2206',NULL,NULL,NULL,NULL,NULL,NULL,NULL,NULL),('2207',NULL,'松原市',NULL,'22',NULL,NULL,NULL,NULL,NULL,NULL,NULL,NULL),('220701',NULL,'市辖区',NULL,'2207',NULL,NULL,NULL,NULL,NULL,NULL,NULL,NULL),('220702',NULL,'宁江区',NULL,'2207',NULL,NULL,NULL,NULL,NULL,NULL,NULL,NULL),('220721',NULL,'前郭尔罗斯蒙古族自治县',NULL,'2207',NULL,NULL,NULL,NULL,NULL,NULL,NULL,NULL),('220722',NULL,'长岭县',NULL,'2207',NULL,NULL,NULL,NULL,NULL,NULL,NULL,NULL),('220723',NULL,'乾安县',NULL,'2207',NULL,NULL,NULL,NULL,NULL,NULL,NULL,NULL),('220724',NULL,'扶余县',NULL,'2207',NULL,NULL,NULL,NULL,NULL,NULL,NULL,NULL),('2208',NULL,'白城市',NULL,'22',NULL,NULL,NULL,NULL,NULL,NULL,NULL,NULL),('220801',NULL,'市辖区',NULL,'2208',NULL,NULL,NULL,NULL,NULL,NULL,NULL,NULL),('220802',NULL,'洮北区',NULL,'2208',NULL,NULL,NULL,NULL,NULL,NULL,NULL,NULL),('220821',NULL,'镇赉县',NULL,'2208',NULL,NULL,NULL,NULL,NULL,NULL,NULL,NULL),('220822',NULL,'通榆县',NULL,'2208',NULL,NULL,NULL,NULL,NULL,NULL,NULL,NULL),('220881',NULL,'洮南市',NULL,'2208',NULL,NULL,NULL,NULL,NULL,NULL,NULL,NULL),('220882',NULL,'大安市',NULL,'2208',NULL,NULL,NULL,NULL,NULL,NULL,NULL,NULL),('2224',NULL,'延边朝鲜族自治州',NULL,'22',NULL,NULL,NULL,NULL,NULL,NULL,NULL,NULL),('222401',NULL,'延吉市',NULL,'2224',NULL,NULL,NULL,NULL,NULL,NULL,NULL,NULL),('222402',NULL,'图们市',NULL,'2224',NULL,NULL,NULL,NULL,NULL,NULL,NULL,NULL),('222403',NULL,'敦化市',NULL,'2224',NULL,NULL,NULL,NULL,NULL,NULL,NULL,NULL),('222404',NULL,'珲春市',NULL,'2224',NULL,NULL,NULL,NULL,NULL,NULL,NULL,NULL),('222405',NULL,'龙井市',NULL,'2224',NULL,NULL,NULL,NULL,NULL,NULL,NULL,NULL),('222406',NULL,'和龙市',NULL,'2224',NULL,NULL,NULL,NULL,NULL,NULL,NULL,NULL),('222424',NULL,'汪清县',NULL,'2224',NULL,NULL,NULL,NULL,NULL,NULL,NULL,NULL),('222426',NULL,'安图县',NULL,'2224',NULL,NULL,NULL,NULL,NULL,NULL,NULL,NULL),('23',NULL,'黑龙江省',NULL,NULL,NULL,NULL,NULL,NULL,NULL,NULL,NULL,NULL),('2301',NULL,'哈尔滨市',NULL,'23',NULL,NULL,NULL,NULL,NULL,NULL,NULL,NULL),('230101',NULL,'市辖区',NULL,'2301',NULL,NULL,NULL,NULL,NULL,NULL,NULL,NULL),('230102',NULL,'道里区',NULL,'2301',NULL,NULL,NULL,NULL,NULL,NULL,NULL,NULL),('230103',NULL,'南岗区',NULL,'2301',NULL,NULL,NULL,NULL,NULL,NULL,NULL,NULL),('230104',NULL,'道外区',NULL,'2301',NULL,NULL,NULL,NULL,NULL,NULL,NULL,NULL),('230108',NULL,'平房区',NULL,'2301',NULL,NULL,NULL,NULL,NULL,NULL,NULL,NULL),('230109',NULL,'松北区',NULL,'2301',NULL,NULL,NULL,NULL,NULL,NULL,NULL,NULL),('230110',NULL,'香坊区',NULL,'2301',NULL,NULL,NULL,NULL,NULL,NULL,NULL,NULL),('230111',NULL,'呼兰区',NULL,'2301',NULL,NULL,NULL,NULL,NULL,NULL,NULL,NULL),('230112',NULL,'阿城区',NULL,'2301',NULL,NULL,NULL,NULL,NULL,NULL,NULL,NULL),('230123',NULL,'依兰县',NULL,'2301',NULL,NULL,NULL,NULL,NULL,NULL,NULL,NULL),('230124',NULL,'方正县',NULL,'2301',NULL,NULL,NULL,NULL,NULL,NULL,NULL,NULL),('230125',NULL,'宾县',NULL,'2301',NULL,NULL,NULL,NULL,NULL,NULL,NULL,NULL),('230126',NULL,'巴彦县',NULL,'2301',NULL,NULL,NULL,NULL,NULL,NULL,NULL,NULL),('230127',NULL,'木兰县',NULL,'2301',NULL,NULL,NULL,NULL,NULL,NULL,NULL,NULL),('230128',NULL,'通河县',NULL,'2301',NULL,NULL,NULL,NULL,NULL,NULL,NULL,NULL),('230129',NULL,'延寿县',NULL,'2301',NULL,NULL,NULL,NULL,NULL,NULL,NULL,NULL),('230182',NULL,'双城市',NULL,'2301',NULL,NULL,NULL,NULL,NULL,NULL,NULL,NULL),('230183',NULL,'尚志市',NULL,'2301',NULL,NULL,NULL,NULL,NULL,NULL,NULL,NULL),('230184',NULL,'五常市',NULL,'2301',NULL,NULL,NULL,NULL,NULL,NULL,NULL,NULL),('2302',NULL,'齐齐哈尔市',NULL,'23',NULL,NULL,NULL,NULL,NULL,NULL,NULL,NULL),('230201',NULL,'市辖区',NULL,'2302',NULL,NULL,NULL,NULL,NULL,NULL,NULL,NULL),('230202',NULL,'龙沙区',NULL,'2302',NULL,NULL,NULL,NULL,NULL,NULL,NULL,NULL),('230203',NULL,'建华区',NULL,'2302',NULL,NULL,NULL,NULL,NULL,NULL,NULL,NULL),('230204',NULL,'铁锋区',NULL,'2302',NULL,NULL,NULL,NULL,NULL,NULL,NULL,NULL),('230205',NULL,'昂昂溪区',NULL,'2302',NULL,NULL,NULL,NULL,NULL,NULL,NULL,NULL),('230206',NULL,'富拉尔基区',NULL,'2302',NULL,NULL,NULL,NULL,NULL,NULL,NULL,NULL),('230207',NULL,'碾子山区',NULL,'2302',NULL,NULL,NULL,NULL,NULL,NULL,NULL,NULL),('230208',NULL,'梅里斯达斡尔族区',NULL,'2302',NULL,NULL,NULL,NULL,NULL,NULL,NULL,NULL),('230221',NULL,'龙江县',NULL,'2302',NULL,NULL,NULL,NULL,NULL,NULL,NULL,NULL),('230223',NULL,'依安县',NULL,'2302',NULL,NULL,NULL,NULL,NULL,NULL,NULL,NULL),('230224',NULL,'泰来县',NULL,'2302',NULL,NULL,NULL,NULL,NULL,NULL,NULL,NULL),('230225',NULL,'甘南县',NULL,'2302',NULL,NULL,NULL,NULL,NULL,NULL,NULL,NULL),('230227',NULL,'富裕县',NULL,'2302',NULL,NULL,NULL,NULL,NULL,NULL,NULL,NULL),('230229',NULL,'克山县',NULL,'2302',NULL,NULL,NULL,NULL,NULL,NULL,NULL,NULL),('230230',NULL,'克东县',NULL,'2302',NULL,NULL,NULL,NULL,NULL,NULL,NULL,NULL),('230231',NULL,'拜泉县',NULL,'2302',NULL,NULL,NULL,NULL,NULL,NULL,NULL,NULL),('230281',NULL,'讷河市',NULL,'2302',NULL,NULL,NULL,NULL,NULL,NULL,NULL,NULL),('2303',NULL,'鸡西市',NULL,'23',NULL,NULL,NULL,NULL,NULL,NULL,NULL,NULL),('230301',NULL,'市辖区',NULL,'2303',NULL,NULL,NULL,NULL,NULL,NULL,NULL,NULL),('230302',NULL,'鸡冠区',NULL,'2303',NULL,NULL,NULL,NULL,NULL,NULL,NULL,NULL),('230303',NULL,'恒山区',NULL,'2303',NULL,NULL,NULL,NULL,NULL,NULL,NULL,NULL),('230304',NULL,'滴道区',NULL,'2303',NULL,NULL,NULL,NULL,NULL,NULL,NULL,NULL),('230305',NULL,'梨树区',NULL,'2303',NULL,NULL,NULL,NULL,NULL,NULL,NULL,NULL),('230306',NULL,'城子河区',NULL,'2303',NULL,NULL,NULL,NULL,NULL,NULL,NULL,NULL),('230307',NULL,'麻山区',NULL,'2303',NULL,NULL,NULL,NULL,NULL,NULL,NULL,NULL),('230321',NULL,'鸡东县',NULL,'2303',NULL,NULL,NULL,NULL,NULL,NULL,NULL,NULL),('230381',NULL,'虎林市',NULL,'2303',NULL,NULL,NULL,NULL,NULL,NULL,NULL,NULL),('230382',NULL,'密山市',NULL,'2303',NULL,NULL,NULL,NULL,NULL,NULL,NULL,NULL),('2304',NULL,'鹤岗市',NULL,'23',NULL,NULL,NULL,NULL,NULL,NULL,NULL,NULL),('230401',NULL,'市辖区',NULL,'2304',NULL,NULL,NULL,NULL,NULL,NULL,NULL,NULL),('230402',NULL,'向阳区',NULL,'2304',NULL,NULL,NULL,NULL,NULL,NULL,NULL,NULL),('230403',NULL,'工农区',NULL,'2304',NULL,NULL,NULL,NULL,NULL,NULL,NULL,NULL),('230404',NULL,'南山区',NULL,'2304',NULL,NULL,NULL,NULL,NULL,NULL,NULL,NULL),('230405',NULL,'兴安区',NULL,'2304',NULL,NULL,NULL,NULL,NULL,NULL,NULL,NULL),('230406',NULL,'东山区',NULL,'2304',NULL,NULL,NULL,NULL,NULL,NULL,NULL,NULL),('230407',NULL,'兴山区',NULL,'2304',NULL,NULL,NULL,NULL,NULL,NULL,NULL,NULL),('230421',NULL,'萝北县',NULL,'2304',NULL,NULL,NULL,NULL,NULL,NULL,NULL,NULL),('230422',NULL,'绥滨县',NULL,'2304',NULL,NULL,NULL,NULL,NULL,NULL,NULL,NULL),('2305',NULL,'双鸭山市',NULL,'23',NULL,NULL,NULL,NULL,NULL,NULL,NULL,NULL),('230501',NULL,'市辖区',NULL,'2305',NULL,NULL,NULL,NULL,NULL,NULL,NULL,NULL),('230502',NULL,'尖山区',NULL,'2305',NULL,NULL,NULL,NULL,NULL,NULL,NULL,NULL),('230503',NULL,'岭东区',NULL,'2305',NULL,NULL,NULL,NULL,NULL,NULL,NULL,NULL),('230505',NULL,'四方台区',NULL,'2305',NULL,NULL,NULL,NULL,NULL,NULL,NULL,NULL),('230506',NULL,'宝山区',NULL,'2305',NULL,NULL,NULL,NULL,NULL,NULL,NULL,NULL),('230521',NULL,'集贤县',NULL,'2305',NULL,NULL,NULL,NULL,NULL,NULL,NULL,NULL),('230522',NULL,'友谊县',NULL,'2305',NULL,NULL,NULL,NULL,NULL,NULL,NULL,NULL),('230523',NULL,'宝清县',NULL,'2305',NULL,NULL,NULL,NULL,NULL,NULL,NULL,NULL),('230524',NULL,'饶河县',NULL,'2305',NULL,NULL,NULL,NULL,NULL,NULL,NULL,NULL),('2306',NULL,'大庆市',NULL,'23',NULL,NULL,NULL,NULL,NULL,NULL,NULL,NULL),('230601',NULL,'市辖区',NULL,'2306',NULL,NULL,NULL,NULL,NULL,NULL,NULL,NULL),('230602',NULL,'萨尔图区',NULL,'2306',NULL,NULL,NULL,NULL,NULL,NULL,NULL,NULL),('230603',NULL,'龙凤区',NULL,'2306',NULL,NULL,NULL,NULL,NULL,NULL,NULL,NULL),('230604',NULL,'让胡路区',NULL,'2306',NULL,NULL,NULL,NULL,NULL,NULL,NULL,NULL),('230605',NULL,'红岗区',NULL,'2306',NULL,NULL,NULL,NULL,NULL,NULL,NULL,NULL),('230606',NULL,'大同区',NULL,'2306',NULL,NULL,NULL,NULL,NULL,NULL,NULL,NULL),('230621',NULL,'肇州县',NULL,'2306',NULL,NULL,NULL,NULL,NULL,NULL,NULL,NULL),('230622',NULL,'肇源县',NULL,'2306',NULL,NULL,NULL,NULL,NULL,NULL,NULL,NULL),('230623',NULL,'林甸县',NULL,'2306',NULL,NULL,NULL,NULL,NULL,NULL,NULL,NULL),('230624',NULL,'杜尔伯特蒙古族自治县',NULL,'2306',NULL,NULL,NULL,NULL,NULL,NULL,NULL,NULL),('2307',NULL,'伊春市',NULL,'23',NULL,NULL,NULL,NULL,NULL,NULL,NULL,NULL),('230701',NULL,'市辖区',NULL,'2307',NULL,NULL,NULL,NULL,NULL,NULL,NULL,NULL),('230702',NULL,'伊春区',NULL,'2307',NULL,NULL,NULL,NULL,NULL,NULL,NULL,NULL),('230703',NULL,'南岔区',NULL,'2307',NULL,NULL,NULL,NULL,NULL,NULL,NULL,NULL),('230704',NULL,'友好区',NULL,'2307',NULL,NULL,NULL,NULL,NULL,NULL,NULL,NULL),('230705',NULL,'西林区',NULL,'2307',NULL,NULL,NULL,NULL,NULL,NULL,NULL,NULL),('230706',NULL,'翠峦区',NULL,'2307',NULL,NULL,NULL,NULL,NULL,NULL,NULL,NULL),('230707',NULL,'新青区',NULL,'2307',NULL,NULL,NULL,NULL,NULL,NULL,NULL,NULL),('230708',NULL,'美溪区',NULL,'2307',NULL,NULL,NULL,NULL,NULL,NULL,NULL,NULL),('230709',NULL,'金山屯区',NULL,'2307',NULL,NULL,NULL,NULL,NULL,NULL,NULL,NULL),('230710',NULL,'五营区',NULL,'2307',NULL,NULL,NULL,NULL,NULL,NULL,NULL,NULL),('230711',NULL,'乌马河区',NULL,'2307',NULL,NULL,NULL,NULL,NULL,NULL,NULL,NULL),('230712',NULL,'汤旺河区',NULL,'2307',NULL,NULL,NULL,NULL,NULL,NULL,NULL,NULL),('230713',NULL,'带岭区',NULL,'2307',NULL,NULL,NULL,NULL,NULL,NULL,NULL,NULL),('230714',NULL,'乌伊岭区',NULL,'2307',NULL,NULL,NULL,NULL,NULL,NULL,NULL,NULL),('230715',NULL,'红星区',NULL,'2307',NULL,NULL,NULL,NULL,NULL,NULL,NULL,NULL),('230716',NULL,'上甘岭区',NULL,'2307',NULL,NULL,NULL,NULL,NULL,NULL,NULL,NULL),('230722',NULL,'嘉荫县',NULL,'2307',NULL,NULL,NULL,NULL,NULL,NULL,NULL,NULL),('230781',NULL,'铁力市',NULL,'2307',NULL,NULL,NULL,NULL,NULL,NULL,NULL,NULL),('2308',NULL,'佳木斯市',NULL,'23',NULL,NULL,NULL,NULL,NULL,NULL,NULL,NULL),('230801',NULL,'市辖区',NULL,'2308',NULL,NULL,NULL,NULL,NULL,NULL,NULL,NULL),('230803',NULL,'向阳区',NULL,'2308',NULL,NULL,NULL,NULL,NULL,NULL,NULL,NULL),('230804',NULL,'前进区',NULL,'2308',NULL,NULL,NULL,NULL,NULL,NULL,NULL,NULL),('230805',NULL,'东风区',NULL,'2308',NULL,NULL,NULL,NULL,NULL,NULL,NULL,NULL),('230811',NULL,'郊区',NULL,'2308',NULL,NULL,NULL,NULL,NULL,NULL,NULL,NULL),('230822',NULL,'桦南县',NULL,'2308',NULL,NULL,NULL,NULL,NULL,NULL,NULL,NULL),('230826',NULL,'桦川县',NULL,'2308',NULL,NULL,NULL,NULL,NULL,NULL,NULL,NULL),('230828',NULL,'汤原县',NULL,'2308',NULL,NULL,NULL,NULL,NULL,NULL,NULL,NULL),('230833',NULL,'抚远县',NULL,'2308',NULL,NULL,NULL,NULL,NULL,NULL,NULL,NULL),('230881',NULL,'同江市',NULL,'2308',NULL,NULL,NULL,NULL,NULL,NULL,NULL,NULL),('230882',NULL,'富锦市',NULL,'2308',NULL,NULL,NULL,NULL,NULL,NULL,NULL,NULL),('2309',NULL,'七台河市',NULL,'23',NULL,NULL,NULL,NULL,NULL,NULL,NULL,NULL),('230901',NULL,'市辖区',NULL,'2309',NULL,NULL,NULL,NULL,NULL,NULL,NULL,NULL),('230902',NULL,'新兴区',NULL,'2309',NULL,NULL,NULL,NULL,NULL,NULL,NULL,NULL),('230903',NULL,'桃山区',NULL,'2309',NULL,NULL,NULL,NULL,NULL,NULL,NULL,NULL),('230904',NULL,'茄子河区',NULL,'2309',NULL,NULL,NULL,NULL,NULL,NULL,NULL,NULL),('230921',NULL,'勃利县',NULL,'2309',NULL,NULL,NULL,NULL,NULL,NULL,NULL,NULL),('2310',NULL,'牡丹江市',NULL,'23',NULL,NULL,NULL,NULL,NULL,NULL,NULL,NULL),('231001',NULL,'市辖区',NULL,'2310',NULL,NULL,NULL,NULL,NULL,NULL,NULL,NULL),('231002',NULL,'东安区',NULL,'2310',NULL,NULL,NULL,NULL,NULL,NULL,NULL,NULL),('231003',NULL,'阳明区',NULL,'2310',NULL,NULL,NULL,NULL,NULL,NULL,NULL,NULL),('231004',NULL,'爱民区',NULL,'2310',NULL,NULL,NULL,NULL,NULL,NULL,NULL,NULL),('231005',NULL,'西安区',NULL,'2310',NULL,NULL,NULL,NULL,NULL,NULL,NULL,NULL),('231024',NULL,'东宁县',NULL,'2310',NULL,NULL,NULL,NULL,NULL,NULL,NULL,NULL),('231025',NULL,'林口县',NULL,'2310',NULL,NULL,NULL,NULL,NULL,NULL,NULL,NULL),('231081',NULL,'绥芬河市',NULL,'2310',NULL,NULL,NULL,NULL,NULL,NULL,NULL,NULL),('231083',NULL,'海林市',NULL,'2310',NULL,NULL,NULL,NULL,NULL,NULL,NULL,NULL),('231084',NULL,'宁安市',NULL,'2310',NULL,NULL,NULL,NULL,NULL,NULL,NULL,NULL),('231085',NULL,'穆棱市',NULL,'2310',NULL,NULL,NULL,NULL,NULL,NULL,NULL,NULL),('2311',NULL,'黑河市',NULL,'23',NULL,NULL,NULL,NULL,NULL,NULL,NULL,NULL),('231101',NULL,'市辖区',NULL,'2311',NULL,NULL,NULL,NULL,NULL,NULL,NULL,NULL),('231102',NULL,'爱辉区',NULL,'2311',NULL,NULL,NULL,NULL,NULL,NULL,NULL,NULL),('231121',NULL,'嫩江县',NULL,'2311',NULL,NULL,NULL,NULL,NULL,NULL,NULL,NULL),('231123',NULL,'逊克县',NULL,'2311',NULL,NULL,NULL,NULL,NULL,NULL,NULL,NULL),('231124',NULL,'孙吴县',NULL,'2311',NULL,NULL,NULL,NULL,NULL,NULL,NULL,NULL),('231181',NULL,'北安市',NULL,'2311',NULL,NULL,NULL,NULL,NULL,NULL,NULL,NULL),('231182',NULL,'五大连池市',NULL,'2311',NULL,NULL,NULL,NULL,NULL,NULL,NULL,NULL),('2312',NULL,'绥化市',NULL,'23',NULL,NULL,NULL,NULL,NULL,NULL,NULL,NULL),('231201',NULL,'市辖区',NULL,'2312',NULL,NULL,NULL,NULL,NULL,NULL,NULL,NULL),('231202',NULL,'北林区',NULL,'2312',NULL,NULL,NULL,NULL,NULL,NULL,NULL,NULL),('231221',NULL,'望奎县',NULL,'2312',NULL,NULL,NULL,NULL,NULL,NULL,NULL,NULL),('231222',NULL,'兰西县',NULL,'2312',NULL,NULL,NULL,NULL,NULL,NULL,NULL,NULL),('231223',NULL,'青冈县',NULL,'2312',NULL,NULL,NULL,NULL,NULL,NULL,NULL,NULL),('231224',NULL,'庆安县',NULL,'2312',NULL,NULL,NULL,NULL,NULL,NULL,NULL,NULL),('231225',NULL,'明水县',NULL,'2312',NULL,NULL,NULL,NULL,NULL,NULL,NULL,NULL),('231226',NULL,'绥棱县',NULL,'2312',NULL,NULL,NULL,NULL,NULL,NULL,NULL,NULL),('231281',NULL,'安达市',NULL,'2312',NULL,NULL,NULL,NULL,NULL,NULL,NULL,NULL),('231282',NULL,'肇东市',NULL,'2312',NULL,NULL,NULL,NULL,NULL,NULL,NULL,NULL),('231283',NULL,'海伦市',NULL,'2312',NULL,NULL,NULL,NULL,NULL,NULL,NULL,NULL),('2327',NULL,'大兴安岭地区',NULL,'23',NULL,NULL,NULL,NULL,NULL,NULL,NULL,NULL),('232721',NULL,'呼玛县',NULL,'2327',NULL,NULL,NULL,NULL,NULL,NULL,NULL,NULL),('232722',NULL,'塔河县',NULL,'2327',NULL,NULL,NULL,NULL,NULL,NULL,NULL,NULL),('232723',NULL,'漠河县',NULL,'2327',NULL,NULL,NULL,NULL,NULL,NULL,NULL,NULL),('31',NULL,'上海市',NULL,NULL,NULL,NULL,NULL,NULL,NULL,NULL,NULL,NULL),('3101',NULL,'市辖区',NULL,'31',NULL,NULL,NULL,NULL,NULL,NULL,NULL,NULL),('310101',NULL,'黄浦区',NULL,'3101',NULL,NULL,NULL,NULL,NULL,NULL,NULL,NULL),('310104',NULL,'徐汇区',NULL,'3101',NULL,NULL,NULL,NULL,NULL,NULL,NULL,NULL),('310105',NULL,'长宁区',NULL,'3101',NULL,NULL,NULL,NULL,NULL,NULL,NULL,NULL),('310106',NULL,'静安区',NULL,'3101',NULL,NULL,NULL,NULL,NULL,NULL,NULL,NULL),('310107',NULL,'普陀区',NULL,'3101',NULL,NULL,NULL,NULL,NULL,NULL,NULL,NULL),('310108',NULL,'闸北区',NULL,'3101',NULL,NULL,NULL,NULL,NULL,NULL,NULL,NULL),('310109',NULL,'虹口区',NULL,'3101',NULL,NULL,NULL,NULL,NULL,NULL,NULL,NULL),('310110',NULL,'杨浦区',NULL,'3101',NULL,NULL,NULL,NULL,NULL,NULL,NULL,NULL),('310112',NULL,'闵行区',NULL,'3101',NULL,NULL,NULL,NULL,NULL,NULL,NULL,NULL),('310113',NULL,'宝山区',NULL,'3101',NULL,NULL,NULL,NULL,NULL,NULL,NULL,NULL),('310114',NULL,'嘉定区',NULL,'3101',NULL,NULL,NULL,NULL,NULL,NULL,NULL,NULL),('310115',NULL,'浦东新区',NULL,'3101',NULL,NULL,NULL,NULL,NULL,NULL,NULL,NULL),('310116',NULL,'金山区',NULL,'3101',NULL,NULL,NULL,NULL,NULL,NULL,NULL,NULL),('310117',NULL,'松江区',NULL,'3101',NULL,NULL,NULL,NULL,NULL,NULL,NULL,NULL),('310118',NULL,'青浦区',NULL,'3101',NULL,NULL,NULL,NULL,NULL,NULL,NULL,NULL),('310120',NULL,'奉贤区',NULL,'3101',NULL,NULL,NULL,NULL,NULL,NULL,NULL,NULL),('3102',NULL,'县',NULL,'31',NULL,NULL,NULL,NULL,NULL,NULL,NULL,NULL),('310230',NULL,'崇明县',NULL,'3102',NULL,NULL,NULL,NULL,NULL,NULL,NULL,NULL),('32',NULL,'江苏省',NULL,NULL,NULL,NULL,NULL,NULL,NULL,NULL,NULL,NULL),('3201',NULL,'南京市',NULL,'32',NULL,NULL,NULL,NULL,NULL,NULL,NULL,NULL),('320101',NULL,'市辖区',NULL,'3201',NULL,NULL,NULL,NULL,NULL,NULL,NULL,NULL),('320102',NULL,'玄武区',NULL,'3201',NULL,NULL,NULL,NULL,NULL,NULL,NULL,NULL),('320103',NULL,'白下区',NULL,'3201',NULL,NULL,NULL,NULL,NULL,NULL,NULL,NULL),('320104',NULL,'秦淮区',NULL,'3201',NULL,NULL,NULL,NULL,NULL,NULL,NULL,NULL),('320105',NULL,'建邺区',NULL,'3201',NULL,NULL,NULL,NULL,NULL,NULL,NULL,NULL),('320106',NULL,'鼓楼区',NULL,'3201',NULL,NULL,NULL,NULL,NULL,NULL,NULL,NULL),('320107',NULL,'下关区',NULL,'3201',NULL,NULL,NULL,NULL,NULL,NULL,NULL,NULL),('320111',NULL,'浦口区',NULL,'3201',NULL,NULL,NULL,NULL,NULL,NULL,NULL,NULL),('320113',NULL,'栖霞区',NULL,'3201',NULL,NULL,NULL,NULL,NULL,NULL,NULL,NULL),('320114',NULL,'雨花台区',NULL,'3201',NULL,NULL,NULL,NULL,NULL,NULL,NULL,NULL),('320115',NULL,'江宁区',NULL,'3201',NULL,NULL,NULL,NULL,NULL,NULL,NULL,NULL),('320116',NULL,'六合区',NULL,'3201',NULL,NULL,NULL,NULL,NULL,NULL,NULL,NULL),('320124',NULL,'溧水县',NULL,'3201',NULL,NULL,NULL,NULL,NULL,NULL,NULL,NULL),('320125',NULL,'高淳县',NULL,'3201',NULL,NULL,NULL,NULL,NULL,NULL,NULL,NULL),('3202',NULL,'无锡市',NULL,'32',NULL,NULL,NULL,NULL,NULL,NULL,NULL,NULL),('320201',NULL,'市辖区',NULL,'3202',NULL,NULL,NULL,NULL,NULL,NULL,NULL,NULL),('320202',NULL,'崇安区',NULL,'3202',NULL,NULL,NULL,NULL,NULL,NULL,NULL,NULL),('320203',NULL,'南长区',NULL,'3202',NULL,NULL,NULL,NULL,NULL,NULL,NULL,NULL),('320204',NULL,'北塘区',NULL,'3202',NULL,NULL,NULL,NULL,NULL,NULL,NULL,NULL),('320205',NULL,'锡山区',NULL,'3202',NULL,NULL,NULL,NULL,NULL,NULL,NULL,NULL),('320206',NULL,'惠山区',NULL,'3202',NULL,NULL,NULL,NULL,NULL,NULL,NULL,NULL),('320211',NULL,'滨湖区',NULL,'3202',NULL,NULL,NULL,NULL,NULL,NULL,NULL,NULL),('320281',NULL,'江阴市',NULL,'3202',NULL,NULL,NULL,NULL,NULL,NULL,NULL,NULL),('320282',NULL,'宜兴市',NULL,'3202',NULL,NULL,NULL,NULL,NULL,NULL,NULL,NULL),('3203',NULL,'徐州市',NULL,'32',NULL,NULL,NULL,NULL,NULL,NULL,NULL,NULL),('320301',NULL,'市辖区',NULL,'3203',NULL,NULL,NULL,NULL,NULL,NULL,NULL,NULL),('320302',NULL,'鼓楼区',NULL,'3203',NULL,NULL,NULL,NULL,NULL,NULL,NULL,NULL),('320303',NULL,'云龙区',NULL,'3203',NULL,NULL,NULL,NULL,NULL,NULL,NULL,NULL),('320305',NULL,'贾汪区',NULL,'3203',NULL,NULL,NULL,NULL,NULL,NULL,NULL,NULL),('320311',NULL,'泉山区',NULL,'3203',NULL,NULL,NULL,NULL,NULL,NULL,NULL,NULL),('320312',NULL,'铜山区',NULL,'3203',NULL,NULL,NULL,NULL,NULL,NULL,NULL,NULL),('320321',NULL,'丰县',NULL,'3203',NULL,NULL,NULL,NULL,NULL,NULL,NULL,NULL),('320322',NULL,'沛县',NULL,'3203',NULL,NULL,NULL,NULL,NULL,NULL,NULL,NULL),('320324',NULL,'睢宁县',NULL,'3203',NULL,NULL,NULL,NULL,NULL,NULL,NULL,NULL),('320381',NULL,'新沂市',NULL,'3203',NULL,NULL,NULL,NULL,NULL,NULL,NULL,NULL),('320382',NULL,'邳州市',NULL,'3203',NULL,NULL,NULL,NULL,NULL,NULL,NULL,NULL),('3204',NULL,'常州市',NULL,'32',NULL,NULL,NULL,NULL,NULL,NULL,NULL,NULL),('320401',NULL,'市辖区',NULL,'3204',NULL,NULL,NULL,NULL,NULL,NULL,NULL,NULL),('320402',NULL,'天宁区',NULL,'3204',NULL,NULL,NULL,NULL,NULL,NULL,NULL,NULL),('320404',NULL,'钟楼区',NULL,'3204',NULL,NULL,NULL,NULL,NULL,NULL,NULL,NULL),('320405',NULL,'戚墅堰区',NULL,'3204',NULL,NULL,NULL,NULL,NULL,NULL,NULL,NULL),('320411',NULL,'新北区',NULL,'3204',NULL,NULL,NULL,NULL,NULL,NULL,NULL,NULL),('320412',NULL,'武进区',NULL,'3204',NULL,NULL,NULL,NULL,NULL,NULL,NULL,NULL),('320481',NULL,'溧阳市',NULL,'3204',NULL,NULL,NULL,NULL,NULL,NULL,NULL,NULL),('320482',NULL,'金坛市',NULL,'3204',NULL,NULL,NULL,NULL,NULL,NULL,NULL,NULL),('3205',NULL,'苏州市',NULL,'32',NULL,NULL,NULL,NULL,NULL,NULL,NULL,NULL),('320501',NULL,'市辖区',NULL,'3205',NULL,NULL,NULL,NULL,NULL,NULL,NULL,NULL),('320502',NULL,'沧浪区',NULL,'3205',NULL,NULL,NULL,NULL,NULL,NULL,NULL,NULL),('320503',NULL,'平江区',NULL,'3205',NULL,NULL,NULL,NULL,NULL,NULL,NULL,NULL),('320504',NULL,'金阊区',NULL,'3205',NULL,NULL,NULL,NULL,NULL,NULL,NULL,NULL),('320505',NULL,'虎丘区',NULL,'3205',NULL,NULL,NULL,NULL,NULL,NULL,NULL,NULL),('320506',NULL,'吴中区',NULL,'3205',NULL,NULL,NULL,NULL,NULL,NULL,NULL,NULL),('320507',NULL,'相城区',NULL,'3205',NULL,NULL,NULL,NULL,NULL,NULL,NULL,NULL),('320581',NULL,'常熟市',NULL,'3205',NULL,NULL,NULL,NULL,NULL,NULL,NULL,NULL),('320582',NULL,'张家港市',NULL,'3205',NULL,NULL,NULL,NULL,NULL,NULL,NULL,NULL),('320583',NULL,'昆山市',NULL,'3205',NULL,NULL,NULL,NULL,NULL,NULL,NULL,NULL),('320584',NULL,'吴江市',NULL,'3205',NULL,NULL,NULL,NULL,NULL,NULL,NULL,NULL),('320585',NULL,'太仓市',NULL,'3205',NULL,NULL,NULL,NULL,NULL,NULL,NULL,NULL),('3206',NULL,'南通市',NULL,'32',NULL,NULL,NULL,NULL,NULL,NULL,NULL,NULL),('320601',NULL,'市辖区',NULL,'3206',NULL,NULL,NULL,NULL,NULL,NULL,NULL,NULL),('320602',NULL,'崇川区',NULL,'3206',NULL,NULL,NULL,NULL,NULL,NULL,NULL,NULL),('320611',NULL,'港闸区',NULL,'3206',NULL,NULL,NULL,NULL,NULL,NULL,NULL,NULL),('320612',NULL,'通州区',NULL,'3206',NULL,NULL,NULL,NULL,NULL,NULL,NULL,NULL),('320621',NULL,'海安县',NULL,'3206',NULL,NULL,NULL,NULL,NULL,NULL,NULL,NULL),('320623',NULL,'如东县',NULL,'3206',NULL,NULL,NULL,NULL,NULL,NULL,NULL,NULL),('320681',NULL,'启东市',NULL,'3206',NULL,NULL,NULL,NULL,NULL,NULL,NULL,NULL),('320682',NULL,'如皋市',NULL,'3206',NULL,NULL,NULL,NULL,NULL,NULL,NULL,NULL),('320684',NULL,'海门市',NULL,'3206',NULL,NULL,NULL,NULL,NULL,NULL,NULL,NULL),('3207',NULL,'连云港市',NULL,'32',NULL,NULL,NULL,NULL,NULL,NULL,NULL,NULL),('320701',NULL,'市辖区',NULL,'3207',NULL,NULL,NULL,NULL,NULL,NULL,NULL,NULL),('320703',NULL,'连云区',NULL,'3207',NULL,NULL,NULL,NULL,NULL,NULL,NULL,NULL),('320705',NULL,'新浦区',NULL,'3207',NULL,NULL,NULL,NULL,NULL,NULL,NULL,NULL),('320706',NULL,'海州区',NULL,'3207',NULL,NULL,NULL,NULL,NULL,NULL,NULL,NULL),('320721',NULL,'赣榆县',NULL,'3207',NULL,NULL,NULL,NULL,NULL,NULL,NULL,NULL),('320722',NULL,'东海县',NULL,'3207',NULL,NULL,NULL,NULL,NULL,NULL,NULL,NULL),('320723',NULL,'灌云县',NULL,'3207',NULL,NULL,NULL,NULL,NULL,NULL,NULL,NULL),('320724',NULL,'灌南县',NULL,'3207',NULL,NULL,NULL,NULL,NULL,NULL,NULL,NULL),('3208',NULL,'淮安市',NULL,'32',NULL,NULL,NULL,NULL,NULL,NULL,NULL,NULL),('320801',NULL,'市辖区',NULL,'3208',NULL,NULL,NULL,NULL,NULL,NULL,NULL,NULL),('320802',NULL,'清河区',NULL,'3208',NULL,NULL,NULL,NULL,NULL,NULL,NULL,NULL),('320803',NULL,'楚州区',NULL,'3208',NULL,NULL,NULL,NULL,NULL,NULL,NULL,NULL),('320804',NULL,'淮阴区',NULL,'3208',NULL,NULL,NULL,NULL,NULL,NULL,NULL,NULL),('320811',NULL,'清浦区',NULL,'3208',NULL,NULL,NULL,NULL,NULL,NULL,NULL,NULL),('320826',NULL,'涟水县',NULL,'3208',NULL,NULL,NULL,NULL,NULL,NULL,NULL,NULL),('320829',NULL,'洪泽县',NULL,'3208',NULL,NULL,NULL,NULL,NULL,NULL,NULL,NULL),('320830',NULL,'盱眙县',NULL,'3208',NULL,NULL,NULL,NULL,NULL,NULL,NULL,NULL),('320831',NULL,'金湖县',NULL,'3208',NULL,NULL,NULL,NULL,NULL,NULL,NULL,NULL),('3209',NULL,'盐城市',NULL,'32',NULL,NULL,NULL,NULL,NULL,NULL,NULL,NULL),('320901',NULL,'市辖区',NULL,'3209',NULL,NULL,NULL,NULL,NULL,NULL,NULL,NULL),('320902',NULL,'亭湖区',NULL,'3209',NULL,NULL,NULL,NULL,NULL,NULL,NULL,NULL),('320903',NULL,'盐都区',NULL,'3209',NULL,NULL,NULL,NULL,NULL,NULL,NULL,NULL),('320921',NULL,'响水县',NULL,'3209',NULL,NULL,NULL,NULL,NULL,NULL,NULL,NULL),('320922',NULL,'滨海县',NULL,'3209',NULL,NULL,NULL,NULL,NULL,NULL,NULL,NULL),('320923',NULL,'阜宁县',NULL,'3209',NULL,NULL,NULL,NULL,NULL,NULL,NULL,NULL),('320924',NULL,'射阳县',NULL,'3209',NULL,NULL,NULL,NULL,NULL,NULL,NULL,NULL),('320925',NULL,'建湖县',NULL,'3209',NULL,NULL,NULL,NULL,NULL,NULL,NULL,NULL),('320981',NULL,'东台市',NULL,'3209',NULL,NULL,NULL,NULL,NULL,NULL,NULL,NULL),('320982',NULL,'大丰市',NULL,'3209',NULL,NULL,NULL,NULL,NULL,NULL,NULL,NULL),('3210',NULL,'扬州市',NULL,'32',NULL,NULL,NULL,NULL,NULL,NULL,NULL,NULL),('321001',NULL,'市辖区',NULL,'3210',NULL,NULL,NULL,NULL,NULL,NULL,NULL,NULL),('321002',NULL,'广陵区',NULL,'3210',NULL,NULL,NULL,NULL,NULL,NULL,NULL,NULL),('321003',NULL,'邗江区',NULL,'3210',NULL,NULL,NULL,NULL,NULL,NULL,NULL,NULL),('321012',NULL,'江都区',NULL,'3210',NULL,NULL,NULL,NULL,NULL,NULL,NULL,NULL),('321023',NULL,'宝应县',NULL,'3210',NULL,NULL,NULL,NULL,NULL,NULL,NULL,NULL),('321081',NULL,'仪征市',NULL,'3210',NULL,NULL,NULL,NULL,NULL,NULL,NULL,NULL),('321084',NULL,'高邮市',NULL,'3210',NULL,NULL,NULL,NULL,NULL,NULL,NULL,NULL),('3211',NULL,'镇江市',NULL,'32',NULL,NULL,NULL,NULL,NULL,NULL,NULL,NULL),('321101',NULL,'市辖区',NULL,'3211',NULL,NULL,NULL,NULL,NULL,NULL,NULL,NULL),('321102',NULL,'京口区',NULL,'3211',NULL,NULL,NULL,NULL,NULL,NULL,NULL,NULL),('321111',NULL,'润州区',NULL,'3211',NULL,NULL,NULL,NULL,NULL,NULL,NULL,NULL),('321112',NULL,'丹徒区',NULL,'3211',NULL,NULL,NULL,NULL,NULL,NULL,NULL,NULL),('321181',NULL,'丹阳市',NULL,'3211',NULL,NULL,NULL,NULL,NULL,NULL,NULL,NULL),('321182',NULL,'扬中市',NULL,'3211',NULL,NULL,NULL,NULL,NULL,NULL,NULL,NULL),('321183',NULL,'句容市',NULL,'3211',NULL,NULL,NULL,NULL,NULL,NULL,NULL,NULL),('3212',NULL,'泰州市',NULL,'32',NULL,NULL,NULL,NULL,NULL,NULL,NULL,NULL),('321201',NULL,'市辖区',NULL,'3212',NULL,NULL,NULL,NULL,NULL,NULL,NULL,NULL),('321202',NULL,'海陵区',NULL,'3212',NULL,NULL,NULL,NULL,NULL,NULL,NULL,NULL),('321203',NULL,'高港区',NULL,'3212',NULL,NULL,NULL,NULL,NULL,NULL,NULL,NULL),('321281',NULL,'兴化市',NULL,'3212',NULL,NULL,NULL,NULL,NULL,NULL,NULL,NULL),('321282',NULL,'靖江市',NULL,'3212',NULL,NULL,NULL,NULL,NULL,NULL,NULL,NULL),('321283',NULL,'泰兴市',NULL,'3212',NULL,NULL,NULL,NULL,NULL,NULL,NULL,NULL),('321284',NULL,'姜堰市',NULL,'3212',NULL,NULL,NULL,NULL,NULL,NULL,NULL,NULL),('3213',NULL,'宿迁市',NULL,'32',NULL,NULL,NULL,NULL,NULL,NULL,NULL,NULL),('321301',NULL,'市辖区',NULL,'3213',NULL,NULL,NULL,NULL,NULL,NULL,NULL,NULL),('321302',NULL,'宿城区',NULL,'3213',NULL,NULL,NULL,NULL,NULL,NULL,NULL,NULL),('321311',NULL,'宿豫区',NULL,'3213',NULL,NULL,NULL,NULL,NULL,NULL,NULL,NULL),('321322',NULL,'沭阳县',NULL,'3213',NULL,NULL,NULL,NULL,NULL,NULL,NULL,NULL),('321323',NULL,'泗阳县',NULL,'3213',NULL,NULL,NULL,NULL,NULL,NULL,NULL,NULL),('321324',NULL,'泗洪县',NULL,'3213',NULL,NULL,NULL,NULL,NULL,NULL,NULL,NULL),('33',NULL,'浙江省',NULL,NULL,NULL,NULL,NULL,NULL,NULL,NULL,NULL,NULL),('3301',NULL,'杭州市',NULL,'33',NULL,NULL,NULL,NULL,NULL,NULL,NULL,NULL),('330101',NULL,'市辖区',NULL,'3301',NULL,NULL,NULL,NULL,NULL,NULL,NULL,NULL),('330102',NULL,'上城区',NULL,'3301',NULL,NULL,NULL,NULL,NULL,NULL,NULL,NULL),('330103',NULL,'下城区',NULL,'3301',NULL,NULL,NULL,NULL,NULL,NULL,NULL,NULL),('330104',NULL,'江干区',NULL,'3301',NULL,NULL,NULL,NULL,NULL,NULL,NULL,NULL),('330105',NULL,'拱墅区',NULL,'3301',NULL,NULL,NULL,NULL,NULL,NULL,NULL,NULL),('330106',NULL,'西湖区',NULL,'3301',NULL,NULL,NULL,NULL,NULL,NULL,NULL,NULL),('330108',NULL,'滨江区',NULL,'3301',NULL,NULL,NULL,NULL,NULL,NULL,NULL,NULL),('330109',NULL,'萧山区',NULL,'3301',NULL,NULL,NULL,NULL,NULL,NULL,NULL,NULL),('330110',NULL,'余杭区',NULL,'3301',NULL,NULL,NULL,NULL,NULL,NULL,NULL,NULL),('330122',NULL,'桐庐县',NULL,'3301',NULL,NULL,NULL,NULL,NULL,NULL,NULL,NULL),('330127',NULL,'淳安县',NULL,'3301',NULL,NULL,NULL,NULL,NULL,NULL,NULL,NULL),('330182',NULL,'建德市',NULL,'3301',NULL,NULL,NULL,NULL,NULL,NULL,NULL,NULL),('330183',NULL,'富阳市',NULL,'3301',NULL,NULL,NULL,NULL,NULL,NULL,NULL,NULL),('330185',NULL,'临安市',NULL,'3301',NULL,NULL,NULL,NULL,NULL,NULL,NULL,NULL),('3302',NULL,'宁波市',NULL,'33',NULL,NULL,NULL,NULL,NULL,NULL,NULL,NULL),('330201',NULL,'市辖区',NULL,'3302',NULL,NULL,NULL,NULL,NULL,NULL,NULL,NULL),('330203',NULL,'海曙区',NULL,'3302',NULL,NULL,NULL,NULL,NULL,NULL,NULL,NULL),('330204',NULL,'江东区',NULL,'3302',NULL,NULL,NULL,NULL,NULL,NULL,NULL,NULL),('330205',NULL,'江北区',NULL,'3302',NULL,NULL,NULL,NULL,NULL,NULL,NULL,NULL),('330206',NULL,'北仑区',NULL,'3302',NULL,NULL,NULL,NULL,NULL,NULL,NULL,NULL),('330211',NULL,'镇海区',NULL,'3302',NULL,NULL,NULL,NULL,NULL,NULL,NULL,NULL),('330212',NULL,'鄞州区',NULL,'3302',NULL,NULL,NULL,NULL,NULL,NULL,NULL,NULL),('330225',NULL,'象山县',NULL,'3302',NULL,NULL,NULL,NULL,NULL,NULL,NULL,NULL),('330226',NULL,'宁海县',NULL,'3302',NULL,NULL,NULL,NULL,NULL,NULL,NULL,NULL),('330281',NULL,'余姚市',NULL,'3302',NULL,NULL,NULL,NULL,NULL,NULL,NULL,NULL),('330282',NULL,'慈溪市',NULL,'3302',NULL,NULL,NULL,NULL,NULL,NULL,NULL,NULL),('330283',NULL,'奉化市',NULL,'3302',NULL,NULL,NULL,NULL,NULL,NULL,NULL,NULL),('3303',NULL,'温州市',NULL,'33',NULL,NULL,NULL,NULL,NULL,NULL,NULL,NULL),('330301',NULL,'市辖区',NULL,'3303',NULL,NULL,NULL,NULL,NULL,NULL,NULL,NULL),('330302',NULL,'鹿城区',NULL,'3303',NULL,NULL,NULL,NULL,NULL,NULL,NULL,NULL),('330303',NULL,'龙湾区',NULL,'3303',NULL,NULL,NULL,NULL,NULL,NULL,NULL,NULL),('330304',NULL,'瓯海区',NULL,'3303',NULL,NULL,NULL,NULL,NULL,NULL,NULL,NULL),('330322',NULL,'洞头县',NULL,'3303',NULL,NULL,NULL,NULL,NULL,NULL,NULL,NULL),('330324',NULL,'永嘉县',NULL,'3303',NULL,NULL,NULL,NULL,NULL,NULL,NULL,NULL),('330326',NULL,'平阳县',NULL,'3303',NULL,NULL,NULL,NULL,NULL,NULL,NULL,NULL),('330327',NULL,'苍南县',NULL,'3303',NULL,NULL,NULL,NULL,NULL,NULL,NULL,NULL),('330328',NULL,'文成县',NULL,'3303',NULL,NULL,NULL,NULL,NULL,NULL,NULL,NULL),('330329',NULL,'泰顺县',NULL,'3303',NULL,NULL,NULL,NULL,NULL,NULL,NULL,NULL),('330381',NULL,'瑞安市',NULL,'3303',NULL,NULL,NULL,NULL,NULL,NULL,NULL,NULL),('330382',NULL,'乐清市',NULL,'3303',NULL,NULL,NULL,NULL,NULL,NULL,NULL,NULL),('3304',NULL,'嘉兴市',NULL,'33',NULL,NULL,NULL,NULL,NULL,NULL,NULL,NULL),('330401',NULL,'市辖区',NULL,'3304',NULL,NULL,NULL,NULL,NULL,NULL,NULL,NULL),('330402',NULL,'南湖区',NULL,'3304',NULL,NULL,NULL,NULL,NULL,NULL,NULL,NULL),('330411',NULL,'秀洲区',NULL,'3304',NULL,NULL,NULL,NULL,NULL,NULL,NULL,NULL),('330421',NULL,'嘉善县',NULL,'3304',NULL,NULL,NULL,NULL,NULL,NULL,NULL,NULL),('330424',NULL,'海盐县',NULL,'3304',NULL,NULL,NULL,NULL,NULL,NULL,NULL,NULL),('330481',NULL,'海宁市',NULL,'3304',NULL,NULL,NULL,NULL,NULL,NULL,NULL,NULL),('330482',NULL,'平湖市',NULL,'3304',NULL,NULL,NULL,NULL,NULL,NULL,NULL,NULL),('330483',NULL,'桐乡市',NULL,'3304',NULL,NULL,NULL,NULL,NULL,NULL,NULL,NULL),('3305',NULL,'湖州市',NULL,'33',NULL,NULL,NULL,NULL,NULL,NULL,NULL,NULL),('330501',NULL,'市辖区',NULL,'3305',NULL,NULL,NULL,NULL,NULL,NULL,NULL,NULL),('330502',NULL,'吴兴区',NULL,'3305',NULL,NULL,NULL,NULL,NULL,NULL,NULL,NULL),('330503',NULL,'南浔区',NULL,'3305',NULL,NULL,NULL,NULL,NULL,NULL,NULL,NULL),('330521',NULL,'德清县',NULL,'3305',NULL,NULL,NULL,NULL,NULL,NULL,NULL,NULL),('330522',NULL,'长兴县',NULL,'3305',NULL,NULL,NULL,NULL,NULL,NULL,NULL,NULL),('330523',NULL,'安吉县',NULL,'3305',NULL,NULL,NULL,NULL,NULL,NULL,NULL,NULL),('3306',NULL,'绍兴市',NULL,'33',NULL,NULL,NULL,NULL,NULL,NULL,NULL,NULL),('330601',NULL,'市辖区',NULL,'3306',NULL,NULL,NULL,NULL,NULL,NULL,NULL,NULL),('330602',NULL,'越城区',NULL,'3306',NULL,NULL,NULL,NULL,NULL,NULL,NULL,NULL),('330621',NULL,'绍兴县',NULL,'3306',NULL,NULL,NULL,NULL,NULL,NULL,NULL,NULL),('330624',NULL,'新昌县',NULL,'3306',NULL,NULL,NULL,NULL,NULL,NULL,NULL,NULL),('330681',NULL,'诸暨市',NULL,'3306',NULL,NULL,NULL,NULL,NULL,NULL,NULL,NULL),('330682',NULL,'上虞市',NULL,'3306',NULL,NULL,NULL,NULL,NULL,NULL,NULL,NULL),('330683',NULL,'嵊州市',NULL,'3306',NULL,NULL,NULL,NULL,NULL,NULL,NULL,NULL),('3307',NULL,'金华市',NULL,'33',NULL,NULL,NULL,NULL,NULL,NULL,NULL,NULL),('330701',NULL,'市辖区',NULL,'3307',NULL,NULL,NULL,NULL,NULL,NULL,NULL,NULL),('330702',NULL,'婺城区',NULL,'3307',NULL,NULL,NULL,NULL,NULL,NULL,NULL,NULL),('330703',NULL,'金东区',NULL,'3307',NULL,NULL,NULL,NULL,NULL,NULL,NULL,NULL),('330723',NULL,'武义县',NULL,'3307',NULL,NULL,NULL,NULL,NULL,NULL,NULL,NULL),('330726',NULL,'浦江县',NULL,'3307',NULL,NULL,NULL,NULL,NULL,NULL,NULL,NULL),('330727',NULL,'磐安县',NULL,'3307',NULL,NULL,NULL,NULL,NULL,NULL,NULL,NULL),('330781',NULL,'兰溪市',NULL,'3307',NULL,NULL,NULL,NULL,NULL,NULL,NULL,NULL),('330782',NULL,'义乌市',NULL,'3307',NULL,NULL,NULL,NULL,NULL,NULL,NULL,NULL),('330783',NULL,'东阳市',NULL,'3307',NULL,NULL,NULL,NULL,NULL,NULL,NULL,NULL),('330784',NULL,'永康市',NULL,'3307',NULL,NULL,NULL,NULL,NULL,NULL,NULL,NULL),('3308',NULL,'衢州市',NULL,'33',NULL,NULL,NULL,NULL,NULL,NULL,NULL,NULL),('330801',NULL,'市辖区',NULL,'3308',NULL,NULL,NULL,NULL,NULL,NULL,NULL,NULL),('330802',NULL,'柯城区',NULL,'3308',NULL,NULL,NULL,NULL,NULL,NULL,NULL,NULL),('330803',NULL,'衢江区',NULL,'3308',NULL,NULL,NULL,NULL,NULL,NULL,NULL,NULL),('330822',NULL,'常山县',NULL,'3308',NULL,NULL,NULL,NULL,NULL,NULL,NULL,NULL),('330824',NULL,'开化县',NULL,'3308',NULL,NULL,NULL,NULL,NULL,NULL,NULL,NULL),('330825',NULL,'龙游县',NULL,'3308',NULL,NULL,NULL,NULL,NULL,NULL,NULL,NULL),('330881',NULL,'江山市',NULL,'3308',NULL,NULL,NULL,NULL,NULL,NULL,NULL,NULL),('3309',NULL,'舟山市',NULL,'33',NULL,NULL,NULL,NULL,NULL,NULL,NULL,NULL),('330901',NULL,'市辖区',NULL,'3309',NULL,NULL,NULL,NULL,NULL,NULL,NULL,NULL),('330902',NULL,'定海区',NULL,'3309',NULL,NULL,NULL,NULL,NULL,NULL,NULL,NULL),('330903',NULL,'普陀区',NULL,'3309',NULL,NULL,NULL,NULL,NULL,NULL,NULL,NULL),('330921',NULL,'岱山县',NULL,'3309',NULL,NULL,NULL,NULL,NULL,NULL,NULL,NULL),('330922',NULL,'嵊泗县',NULL,'3309',NULL,NULL,NULL,NULL,NULL,NULL,NULL,NULL),('3310',NULL,'台州市',NULL,'33',NULL,NULL,NULL,NULL,NULL,NULL,NULL,NULL),('331001',NULL,'市辖区',NULL,'3310',NULL,NULL,NULL,NULL,NULL,NULL,NULL,NULL),('331002',NULL,'椒江区',NULL,'3310',NULL,NULL,NULL,NULL,NULL,NULL,NULL,NULL),('331003',NULL,'黄岩区',NULL,'3310',NULL,NULL,NULL,NULL,NULL,NULL,NULL,NULL),('331004',NULL,'路桥区',NULL,'3310',NULL,NULL,NULL,NULL,NULL,NULL,NULL,NULL),('331021',NULL,'玉环县',NULL,'3310',NULL,NULL,NULL,NULL,NULL,NULL,NULL,NULL),('331022',NULL,'三门县',NULL,'3310',NULL,NULL,NULL,NULL,NULL,NULL,NULL,NULL),('331023',NULL,'天台县',NULL,'3310',NULL,NULL,NULL,NULL,NULL,NULL,NULL,NULL),('331024',NULL,'仙居县',NULL,'3310',NULL,NULL,NULL,NULL,NULL,NULL,NULL,NULL),('331081',NULL,'温岭市',NULL,'3310',NULL,NULL,NULL,NULL,NULL,NULL,NULL,NULL),('331082',NULL,'临海市',NULL,'3310',NULL,NULL,NULL,NULL,NULL,NULL,NULL,NULL),('3311',NULL,'丽水市',NULL,'33',NULL,NULL,NULL,NULL,NULL,NULL,NULL,NULL),('331101',NULL,'市辖区',NULL,'3311',NULL,NULL,NULL,NULL,NULL,NULL,NULL,NULL),('331102',NULL,'莲都区',NULL,'3311',NULL,NULL,NULL,NULL,NULL,NULL,NULL,NULL),('331121',NULL,'青田县',NULL,'3311',NULL,NULL,NULL,NULL,NULL,NULL,NULL,NULL),('331122',NULL,'缙云县',NULL,'3311',NULL,NULL,NULL,NULL,NULL,NULL,NULL,NULL),('331123',NULL,'遂昌县',NULL,'3311',NULL,NULL,NULL,NULL,NULL,NULL,NULL,NULL),('331124',NULL,'松阳县',NULL,'3311',NULL,NULL,NULL,NULL,NULL,NULL,NULL,NULL),('331125',NULL,'云和县',NULL,'3311',NULL,NULL,NULL,NULL,NULL,NULL,NULL,NULL),('331126',NULL,'庆元县',NULL,'3311',NULL,NULL,NULL,NULL,NULL,NULL,NULL,NULL),('331127',NULL,'景宁畲族自治县',NULL,'3311',NULL,NULL,NULL,NULL,NULL,NULL,NULL,NULL),('331181',NULL,'龙泉市',NULL,'3311',NULL,NULL,NULL,NULL,NULL,NULL,NULL,NULL),('34',NULL,'安徽省',NULL,NULL,NULL,NULL,NULL,NULL,NULL,NULL,NULL,NULL),('3401',NULL,'合肥市',NULL,'34',NULL,NULL,NULL,NULL,NULL,NULL,NULL,NULL),('340101',NULL,'市辖区',NULL,'3401',NULL,NULL,NULL,NULL,NULL,NULL,NULL,NULL),('340102',NULL,'瑶海区',NULL,'3401',NULL,NULL,NULL,NULL,NULL,NULL,NULL,NULL),('340103',NULL,'庐阳区',NULL,'3401',NULL,NULL,NULL,NULL,NULL,NULL,NULL,NULL),('340104',NULL,'蜀山区',NULL,'3401',NULL,NULL,NULL,NULL,NULL,NULL,NULL,NULL),('340111',NULL,'包河区',NULL,'3401',NULL,NULL,NULL,NULL,NULL,NULL,NULL,NULL),('340121',NULL,'长丰县',NULL,'3401',NULL,NULL,NULL,NULL,NULL,NULL,NULL,NULL),('340122',NULL,'肥东县',NULL,'3401',NULL,NULL,NULL,NULL,NULL,NULL,NULL,NULL),('340123',NULL,'肥西县',NULL,'3401',NULL,NULL,NULL,NULL,NULL,NULL,NULL,NULL),('340124',NULL,'庐江县',NULL,'3401',NULL,NULL,NULL,NULL,NULL,NULL,NULL,NULL),('340181',NULL,'巢湖市',NULL,'3401',NULL,NULL,NULL,NULL,NULL,NULL,NULL,NULL),('3402',NULL,'芜湖市',NULL,'34',NULL,NULL,NULL,NULL,NULL,NULL,NULL,NULL),('340201',NULL,'市辖区',NULL,'3402',NULL,NULL,NULL,NULL,NULL,NULL,NULL,NULL),('340202',NULL,'镜湖区',NULL,'3402',NULL,NULL,NULL,NULL,NULL,NULL,NULL,NULL),('340203',NULL,'弋江区',NULL,'3402',NULL,NULL,NULL,NULL,NULL,NULL,NULL,NULL),('340207',NULL,'鸠江区',NULL,'3402',NULL,NULL,NULL,NULL,NULL,NULL,NULL,NULL),('340208',NULL,'三山区',NULL,'3402',NULL,NULL,NULL,NULL,NULL,NULL,NULL,NULL),('340221',NULL,'芜湖县',NULL,'3402',NULL,NULL,NULL,NULL,NULL,NULL,NULL,NULL),('340222',NULL,'繁昌县',NULL,'3402',NULL,NULL,NULL,NULL,NULL,NULL,NULL,NULL),('340223',NULL,'南陵县',NULL,'3402',NULL,NULL,NULL,NULL,NULL,NULL,NULL,NULL),('340225',NULL,'无为县',NULL,'3402',NULL,NULL,NULL,NULL,NULL,NULL,NULL,NULL),('3403',NULL,'蚌埠市',NULL,'34',NULL,NULL,NULL,NULL,NULL,NULL,NULL,NULL),('340301',NULL,'市辖区',NULL,'3403',NULL,NULL,NULL,NULL,NULL,NULL,NULL,NULL),('340302',NULL,'龙子湖区',NULL,'3403',NULL,NULL,NULL,NULL,NULL,NULL,NULL,NULL),('340303',NULL,'蚌山区',NULL,'3403',NULL,NULL,NULL,NULL,NULL,NULL,NULL,NULL),('340304',NULL,'禹会区',NULL,'3403',NULL,NULL,NULL,NULL,NULL,NULL,NULL,NULL),('340311',NULL,'淮上区',NULL,'3403',NULL,NULL,NULL,NULL,NULL,NULL,NULL,NULL),('340321',NULL,'怀远县',NULL,'3403',NULL,NULL,NULL,NULL,NULL,NULL,NULL,NULL),('340322',NULL,'五河县',NULL,'3403',NULL,NULL,NULL,NULL,NULL,NULL,NULL,NULL),('340323',NULL,'固镇县',NULL,'3403',NULL,NULL,NULL,NULL,NULL,NULL,NULL,NULL),('3404',NULL,'淮南市',NULL,'34',NULL,NULL,NULL,NULL,NULL,NULL,NULL,NULL),('340401',NULL,'市辖区',NULL,'3404',NULL,NULL,NULL,NULL,NULL,NULL,NULL,NULL),('340402',NULL,'大通区',NULL,'3404',NULL,NULL,NULL,NULL,NULL,NULL,NULL,NULL),('340403',NULL,'田家庵区',NULL,'3404',NULL,NULL,NULL,NULL,NULL,NULL,NULL,NULL),('340404',NULL,'谢家集区',NULL,'3404',NULL,NULL,NULL,NULL,NULL,NULL,NULL,NULL),('340405',NULL,'八公山区',NULL,'3404',NULL,NULL,NULL,NULL,NULL,NULL,NULL,NULL),('340406',NULL,'潘集区',NULL,'3404',NULL,NULL,NULL,NULL,NULL,NULL,NULL,NULL),('340421',NULL,'凤台县',NULL,'3404',NULL,NULL,NULL,NULL,NULL,NULL,NULL,NULL),('3405',NULL,'马鞍山市',NULL,'34',NULL,NULL,NULL,NULL,NULL,NULL,NULL,NULL),('340501',NULL,'市辖区',NULL,'3405',NULL,NULL,NULL,NULL,NULL,NULL,NULL,NULL),('340502',NULL,'金家庄区',NULL,'3405',NULL,NULL,NULL,NULL,NULL,NULL,NULL,NULL),('340503',NULL,'花山区',NULL,'3405',NULL,NULL,NULL,NULL,NULL,NULL,NULL,NULL),('340504',NULL,'雨山区',NULL,'3405',NULL,NULL,NULL,NULL,NULL,NULL,NULL,NULL),('340521',NULL,'当涂县',NULL,'3405',NULL,NULL,NULL,NULL,NULL,NULL,NULL,NULL),('340522',NULL,'含山县',NULL,'3405',NULL,NULL,NULL,NULL,NULL,NULL,NULL,NULL),('340523',NULL,'和县',NULL,'3405',NULL,NULL,NULL,NULL,NULL,NULL,NULL,NULL),('3406',NULL,'淮北市',NULL,'34',NULL,NULL,NULL,NULL,NULL,NULL,NULL,NULL),('340601',NULL,'市辖区',NULL,'3406',NULL,NULL,NULL,NULL,NULL,NULL,NULL,NULL),('340602',NULL,'杜集区',NULL,'3406',NULL,NULL,NULL,NULL,NULL,NULL,NULL,NULL),('340603',NULL,'相山区',NULL,'3406',NULL,NULL,NULL,NULL,NULL,NULL,NULL,NULL),('340604',NULL,'烈山区',NULL,'3406',NULL,NULL,NULL,NULL,NULL,NULL,NULL,NULL),('340621',NULL,'濉溪县',NULL,'3406',NULL,NULL,NULL,NULL,NULL,NULL,NULL,NULL),('3407',NULL,'铜陵市',NULL,'34',NULL,NULL,NULL,NULL,NULL,NULL,NULL,NULL),('340701',NULL,'市辖区',NULL,'3407',NULL,NULL,NULL,NULL,NULL,NULL,NULL,NULL),('340702',NULL,'铜官山区',NULL,'3407',NULL,NULL,NULL,NULL,NULL,NULL,NULL,NULL),('340703',NULL,'狮子山区',NULL,'3407',NULL,NULL,NULL,NULL,NULL,NULL,NULL,NULL),('340711',NULL,'郊区',NULL,'3407',NULL,NULL,NULL,NULL,NULL,NULL,NULL,NULL),('340721',NULL,'铜陵县',NULL,'3407',NULL,NULL,NULL,NULL,NULL,NULL,NULL,NULL),('3408',NULL,'安庆市',NULL,'34',NULL,NULL,NULL,NULL,NULL,NULL,NULL,NULL),('340801',NULL,'市辖区',NULL,'3408',NULL,NULL,NULL,NULL,NULL,NULL,NULL,NULL),('340802',NULL,'迎江区',NULL,'3408',NULL,NULL,NULL,NULL,NULL,NULL,NULL,NULL),('340803',NULL,'大观区',NULL,'3408',NULL,NULL,NULL,NULL,NULL,NULL,NULL,NULL),('340811',NULL,'宜秀区',NULL,'3408',NULL,NULL,NULL,NULL,NULL,NULL,NULL,NULL),('340822',NULL,'怀宁县',NULL,'3408',NULL,NULL,NULL,NULL,NULL,NULL,NULL,NULL),('340823',NULL,'枞阳县',NULL,'3408',NULL,NULL,NULL,NULL,NULL,NULL,NULL,NULL),('340824',NULL,'潜山县',NULL,'3408',NULL,NULL,NULL,NULL,NULL,NULL,NULL,NULL),('340825',NULL,'太湖县',NULL,'3408',NULL,NULL,NULL,NULL,NULL,NULL,NULL,NULL),('340826',NULL,'宿松县',NULL,'3408',NULL,NULL,NULL,NULL,NULL,NULL,NULL,NULL),('340827',NULL,'望江县',NULL,'3408',NULL,NULL,NULL,NULL,NULL,NULL,NULL,NULL),('340828',NULL,'岳西县',NULL,'3408',NULL,NULL,NULL,NULL,NULL,NULL,NULL,NULL),('340881',NULL,'桐城市',NULL,'3408',NULL,NULL,NULL,NULL,NULL,NULL,NULL,NULL),('3410',NULL,'黄山市',NULL,'34',NULL,NULL,NULL,NULL,NULL,NULL,NULL,NULL),('341001',NULL,'市辖区',NULL,'3410',NULL,NULL,NULL,NULL,NULL,NULL,NULL,NULL),('341002',NULL,'屯溪区',NULL,'3410',NULL,NULL,NULL,NULL,NULL,NULL,NULL,NULL),('341003',NULL,'黄山区',NULL,'3410',NULL,NULL,NULL,NULL,NULL,NULL,NULL,NULL),('341004',NULL,'徽州区',NULL,'3410',NULL,NULL,NULL,NULL,NULL,NULL,NULL,NULL),('341021',NULL,'歙县',NULL,'3410',NULL,NULL,NULL,NULL,NULL,NULL,NULL,NULL),('341022',NULL,'休宁县',NULL,'3410',NULL,NULL,NULL,NULL,NULL,NULL,NULL,NULL),('341023',NULL,'黟县',NULL,'3410',NULL,NULL,NULL,NULL,NULL,NULL,NULL,NULL),('341024',NULL,'祁门县',NULL,'3410',NULL,NULL,NULL,NULL,NULL,NULL,NULL,NULL),('3411',NULL,'滁州市',NULL,'34',NULL,NULL,NULL,NULL,NULL,NULL,NULL,NULL),('341101',NULL,'市辖区',NULL,'3411',NULL,NULL,NULL,NULL,NULL,NULL,NULL,NULL),('341102',NULL,'琅琊区',NULL,'3411',NULL,NULL,NULL,NULL,NULL,NULL,NULL,NULL),('341103',NULL,'南谯区',NULL,'3411',NULL,NULL,NULL,NULL,NULL,NULL,NULL,NULL),('341122',NULL,'来安县',NULL,'3411',NULL,NULL,NULL,NULL,NULL,NULL,NULL,NULL),('341124',NULL,'全椒县',NULL,'3411',NULL,NULL,NULL,NULL,NULL,NULL,NULL,NULL),('341125',NULL,'定远县',NULL,'3411',NULL,NULL,NULL,NULL,NULL,NULL,NULL,NULL),('341126',NULL,'凤阳县',NULL,'3411',NULL,NULL,NULL,NULL,NULL,NULL,NULL,NULL),('341181',NULL,'天长市',NULL,'3411',NULL,NULL,NULL,NULL,NULL,NULL,NULL,NULL),('341182',NULL,'明光市',NULL,'3411',NULL,NULL,NULL,NULL,NULL,NULL,NULL,NULL),('3412',NULL,'阜阳市',NULL,'34',NULL,NULL,NULL,NULL,NULL,NULL,NULL,NULL),('341201',NULL,'市辖区',NULL,'3412',NULL,NULL,NULL,NULL,NULL,NULL,NULL,NULL),('341202',NULL,'颍州区',NULL,'3412',NULL,NULL,NULL,NULL,NULL,NULL,NULL,NULL),('341203',NULL,'颍东区',NULL,'3412',NULL,NULL,NULL,NULL,NULL,NULL,NULL,NULL),('341204',NULL,'颍泉区',NULL,'3412',NULL,NULL,NULL,NULL,NULL,NULL,NULL,NULL),('341221',NULL,'临泉县',NULL,'3412',NULL,NULL,NULL,NULL,NULL,NULL,NULL,NULL),('341222',NULL,'太和县',NULL,'3412',NULL,NULL,NULL,NULL,NULL,NULL,NULL,NULL),('341225',NULL,'阜南县',NULL,'3412',NULL,NULL,NULL,NULL,NULL,NULL,NULL,NULL),('341226',NULL,'颍上县',NULL,'3412',NULL,NULL,NULL,NULL,NULL,NULL,NULL,NULL),('341282',NULL,'界首市',NULL,'3412',NULL,NULL,NULL,NULL,NULL,NULL,NULL,NULL),('3413',NULL,'宿州市',NULL,'34',NULL,NULL,NULL,NULL,NULL,NULL,NULL,NULL),('341301',NULL,'市辖区',NULL,'3413',NULL,NULL,NULL,NULL,NULL,NULL,NULL,NULL),('341302',NULL,'埇桥区',NULL,'3413',NULL,NULL,NULL,NULL,NULL,NULL,NULL,NULL),('341321',NULL,'砀山县',NULL,'3413',NULL,NULL,NULL,NULL,NULL,NULL,NULL,NULL),('341322',NULL,'萧县',NULL,'3413',NULL,NULL,NULL,NULL,NULL,NULL,NULL,NULL),('341323',NULL,'灵璧县',NULL,'3413',NULL,NULL,NULL,NULL,NULL,NULL,NULL,NULL),('341324',NULL,'泗县',NULL,'3413',NULL,NULL,NULL,NULL,NULL,NULL,NULL,NULL),('3415',NULL,'六安市',NULL,'34',NULL,NULL,NULL,NULL,NULL,NULL,NULL,NULL),('341501',NULL,'市辖区',NULL,'3415',NULL,NULL,NULL,NULL,NULL,NULL,NULL,NULL),('341502',NULL,'金安区',NULL,'3415',NULL,NULL,NULL,NULL,NULL,NULL,NULL,NULL),('341503',NULL,'裕安区',NULL,'3415',NULL,NULL,NULL,NULL,NULL,NULL,NULL,NULL),('341521',NULL,'寿县',NULL,'3415',NULL,NULL,NULL,NULL,NULL,NULL,NULL,NULL),('341522',NULL,'霍邱县',NULL,'3415',NULL,NULL,NULL,NULL,NULL,NULL,NULL,NULL),('341523',NULL,'舒城县',NULL,'3415',NULL,NULL,NULL,NULL,NULL,NULL,NULL,NULL),('341524',NULL,'金寨县',NULL,'3415',NULL,NULL,NULL,NULL,NULL,NULL,NULL,NULL),('341525',NULL,'霍山县',NULL,'3415',NULL,NULL,NULL,NULL,NULL,NULL,NULL,NULL),('3416',NULL,'亳州市',NULL,'34',NULL,NULL,NULL,NULL,NULL,NULL,NULL,NULL),('341601',NULL,'市辖区',NULL,'3416',NULL,NULL,NULL,NULL,NULL,NULL,NULL,NULL),('341602',NULL,'谯城区',NULL,'3416',NULL,NULL,NULL,NULL,NULL,NULL,NULL,NULL),('341621',NULL,'涡阳县',NULL,'3416',NULL,NULL,NULL,NULL,NULL,NULL,NULL,NULL),('341622',NULL,'蒙城县',NULL,'3416',NULL,NULL,NULL,NULL,NULL,NULL,NULL,NULL),('341623',NULL,'利辛县',NULL,'3416',NULL,NULL,NULL,NULL,NULL,NULL,NULL,NULL),('3417',NULL,'池州市',NULL,'34',NULL,NULL,NULL,NULL,NULL,NULL,NULL,NULL),('341701',NULL,'市辖区',NULL,'3417',NULL,NULL,NULL,NULL,NULL,NULL,NULL,NULL),('341702',NULL,'贵池区',NULL,'3417',NULL,NULL,NULL,NULL,NULL,NULL,NULL,NULL),('341721',NULL,'东至县',NULL,'3417',NULL,NULL,NULL,NULL,NULL,NULL,NULL,NULL),('341722',NULL,'石台县',NULL,'3417',NULL,NULL,NULL,NULL,NULL,NULL,NULL,NULL),('341723',NULL,'青阳县',NULL,'3417',NULL,NULL,NULL,NULL,NULL,NULL,NULL,NULL),('3418',NULL,'宣城市',NULL,'34',NULL,NULL,NULL,NULL,NULL,NULL,NULL,NULL),('341801',NULL,'市辖区',NULL,'3418',NULL,NULL,NULL,NULL,NULL,NULL,NULL,NULL),('341802',NULL,'宣州区',NULL,'3418',NULL,NULL,NULL,NULL,NULL,NULL,NULL,NULL),('341821',NULL,'郎溪县',NULL,'3418',NULL,NULL,NULL,NULL,NULL,NULL,NULL,NULL),('341822',NULL,'广德县',NULL,'3418',NULL,NULL,NULL,NULL,NULL,NULL,NULL,NULL),('341823',NULL,'泾县',NULL,'3418',NULL,NULL,NULL,NULL,NULL,NULL,NULL,NULL),('341824',NULL,'绩溪县',NULL,'3418',NULL,NULL,NULL,NULL,NULL,NULL,NULL,NULL),('341825',NULL,'旌德县',NULL,'3418',NULL,NULL,NULL,NULL,NULL,NULL,NULL,NULL),('341881',NULL,'宁国市',NULL,'3418',NULL,NULL,NULL,NULL,NULL,NULL,NULL,NULL),('35',NULL,'福建省',NULL,NULL,NULL,NULL,NULL,NULL,NULL,NULL,NULL,NULL),('3501',NULL,'福州市',NULL,'35',NULL,NULL,NULL,NULL,NULL,NULL,NULL,NULL),('350101',NULL,'市辖区',NULL,'3501',NULL,NULL,NULL,NULL,NULL,NULL,NULL,NULL),('350102',NULL,'鼓楼区',NULL,'3501',NULL,NULL,NULL,NULL,NULL,NULL,NULL,NULL),('350103',NULL,'台江区',NULL,'3501',NULL,NULL,NULL,NULL,NULL,NULL,NULL,NULL),('350104',NULL,'仓山区',NULL,'3501',NULL,NULL,NULL,NULL,NULL,NULL,NULL,NULL),('350105',NULL,'马尾区',NULL,'3501',NULL,NULL,NULL,NULL,NULL,NULL,NULL,NULL),('350111',NULL,'晋安区',NULL,'3501',NULL,NULL,NULL,NULL,NULL,NULL,NULL,NULL),('350121',NULL,'闽侯县',NULL,'3501',NULL,NULL,NULL,NULL,NULL,NULL,NULL,NULL),('350122',NULL,'连江县',NULL,'3501',NULL,NULL,NULL,NULL,NULL,NULL,NULL,NULL),('350123',NULL,'罗源县',NULL,'3501',NULL,NULL,NULL,NULL,NULL,NULL,NULL,NULL),('350124',NULL,'闽清县',NULL,'3501',NULL,NULL,NULL,NULL,NULL,NULL,NULL,NULL),('350125',NULL,'永泰县',NULL,'3501',NULL,NULL,NULL,NULL,NULL,NULL,NULL,NULL),('350128',NULL,'平潭县',NULL,'3501',NULL,NULL,NULL,NULL,NULL,NULL,NULL,NULL),('350181',NULL,'福清市',NULL,'3501',NULL,NULL,NULL,NULL,NULL,NULL,NULL,NULL),('350182',NULL,'长乐市',NULL,'3501',NULL,NULL,NULL,NULL,NULL,NULL,NULL,NULL),('3502',NULL,'厦门市',NULL,'35',NULL,NULL,NULL,NULL,NULL,NULL,NULL,NULL),('350201',NULL,'市辖区',NULL,'3502',NULL,NULL,NULL,NULL,NULL,NULL,NULL,NULL),('350203',NULL,'思明区',NULL,'3502',NULL,NULL,NULL,NULL,NULL,NULL,NULL,NULL),('350205',NULL,'海沧区',NULL,'3502',NULL,NULL,NULL,NULL,NULL,NULL,NULL,NULL),('350206',NULL,'湖里区',NULL,'3502',NULL,NULL,NULL,NULL,NULL,NULL,NULL,NULL),('350211',NULL,'集美区',NULL,'3502',NULL,NULL,NULL,NULL,NULL,NULL,NULL,NULL),('350212',NULL,'同安区',NULL,'3502',NULL,NULL,NULL,NULL,NULL,NULL,NULL,NULL),('350213',NULL,'翔安区',NULL,'3502',NULL,NULL,NULL,NULL,NULL,NULL,NULL,NULL),('3503',NULL,'莆田市',NULL,'35',NULL,NULL,NULL,NULL,NULL,NULL,NULL,NULL),('350301',NULL,'市辖区',NULL,'3503',NULL,NULL,NULL,NULL,NULL,NULL,NULL,NULL),('350302',NULL,'城厢区',NULL,'3503',NULL,NULL,NULL,NULL,NULL,NULL,NULL,NULL),('350303',NULL,'涵江区',NULL,'3503',NULL,NULL,NULL,NULL,NULL,NULL,NULL,NULL),('350304',NULL,'荔城区',NULL,'3503',NULL,NULL,NULL,NULL,NULL,NULL,NULL,NULL),('350305',NULL,'秀屿区',NULL,'3503',NULL,NULL,NULL,NULL,NULL,NULL,NULL,NULL),('350322',NULL,'仙游县',NULL,'3503',NULL,NULL,NULL,NULL,NULL,NULL,NULL,NULL),('3504',NULL,'三明市',NULL,'35',NULL,NULL,NULL,NULL,NULL,NULL,NULL,NULL),('350401',NULL,'市辖区',NULL,'3504',NULL,NULL,NULL,NULL,NULL,NULL,NULL,NULL),('350402',NULL,'梅列区',NULL,'3504',NULL,NULL,NULL,NULL,NULL,NULL,NULL,NULL),('350403',NULL,'三元区',NULL,'3504',NULL,NULL,NULL,NULL,NULL,NULL,NULL,NULL),('350421',NULL,'明溪县',NULL,'3504',NULL,NULL,NULL,NULL,NULL,NULL,NULL,NULL),('350423',NULL,'清流县',NULL,'3504',NULL,NULL,NULL,NULL,NULL,NULL,NULL,NULL),('350424',NULL,'宁化县',NULL,'3504',NULL,NULL,NULL,NULL,NULL,NULL,NULL,NULL),('350425',NULL,'大田县',NULL,'3504',NULL,NULL,NULL,NULL,NULL,NULL,NULL,NULL),('350426',NULL,'尤溪县',NULL,'3504',NULL,NULL,NULL,NULL,NULL,NULL,NULL,NULL),('350427',NULL,'沙县',NULL,'3504',NULL,NULL,NULL,NULL,NULL,NULL,NULL,NULL),('350428',NULL,'将乐县',NULL,'3504',NULL,NULL,NULL,NULL,NULL,NULL,NULL,NULL),('350429',NULL,'泰宁县',NULL,'3504',NULL,NULL,NULL,NULL,NULL,NULL,NULL,NULL),('350430',NULL,'建宁县',NULL,'3504',NULL,NULL,NULL,NULL,NULL,NULL,NULL,NULL),('350481',NULL,'永安市',NULL,'3504',NULL,NULL,NULL,NULL,NULL,NULL,NULL,NULL),('3505',NULL,'泉州市',NULL,'35',NULL,NULL,NULL,NULL,NULL,NULL,NULL,NULL),('350501',NULL,'市辖区',NULL,'3505',NULL,NULL,NULL,NULL,NULL,NULL,NULL,NULL),('350502',NULL,'鲤城区',NULL,'3505',NULL,NULL,NULL,NULL,NULL,NULL,NULL,NULL),('350503',NULL,'丰泽区',NULL,'3505',NULL,NULL,NULL,NULL,NULL,NULL,NULL,NULL),('350504',NULL,'洛江区',NULL,'3505',NULL,NULL,NULL,NULL,NULL,NULL,NULL,NULL),('350505',NULL,'泉港区',NULL,'3505',NULL,NULL,NULL,NULL,NULL,NULL,NULL,NULL),('350521',NULL,'惠安县',NULL,'3505',NULL,NULL,NULL,NULL,NULL,NULL,NULL,NULL),('350524',NULL,'安溪县',NULL,'3505',NULL,NULL,NULL,NULL,NULL,NULL,NULL,NULL),('350525',NULL,'永春县',NULL,'3505',NULL,NULL,NULL,NULL,NULL,NULL,NULL,NULL),('350526',NULL,'德化县',NULL,'3505',NULL,NULL,NULL,NULL,NULL,NULL,NULL,NULL),('350527',NULL,'金门县',NULL,'3505',NULL,NULL,NULL,NULL,NULL,NULL,NULL,NULL),('350581',NULL,'石狮市',NULL,'3505',NULL,NULL,NULL,NULL,NULL,NULL,NULL,NULL),('350582',NULL,'晋江市',NULL,'3505',NULL,NULL,NULL,NULL,NULL,NULL,NULL,NULL),('350583',NULL,'南安市',NULL,'3505',NULL,NULL,NULL,NULL,NULL,NULL,NULL,NULL),('3506',NULL,'漳州市',NULL,'35',NULL,NULL,NULL,NULL,NULL,NULL,NULL,NULL),('350601',NULL,'市辖区',NULL,'3506',NULL,NULL,NULL,NULL,NULL,NULL,NULL,NULL),('350602',NULL,'芗城区',NULL,'3506',NULL,NULL,NULL,NULL,NULL,NULL,NULL,NULL),('350603',NULL,'龙文区',NULL,'3506',NULL,NULL,NULL,NULL,NULL,NULL,NULL,NULL),('350622',NULL,'云霄县',NULL,'3506',NULL,NULL,NULL,NULL,NULL,NULL,NULL,NULL),('350623',NULL,'漳浦县',NULL,'3506',NULL,NULL,NULL,NULL,NULL,NULL,NULL,NULL),('350624',NULL,'诏安县',NULL,'3506',NULL,NULL,NULL,NULL,NULL,NULL,NULL,NULL),('350625',NULL,'长泰县',NULL,'3506',NULL,NULL,NULL,NULL,NULL,NULL,NULL,NULL),('350626',NULL,'东山县',NULL,'3506',NULL,NULL,NULL,NULL,NULL,NULL,NULL,NULL),('350627',NULL,'南靖县',NULL,'3506',NULL,NULL,NULL,NULL,NULL,NULL,NULL,NULL),('350628',NULL,'平和县',NULL,'3506',NULL,NULL,NULL,NULL,NULL,NULL,NULL,NULL),('350629',NULL,'华安县',NULL,'3506',NULL,NULL,NULL,NULL,NULL,NULL,NULL,NULL),('350681',NULL,'龙海市',NULL,'3506',NULL,NULL,NULL,NULL,NULL,NULL,NULL,NULL),('3507',NULL,'南平市',NULL,'35',NULL,NULL,NULL,NULL,NULL,NULL,NULL,NULL),('350701',NULL,'市辖区',NULL,'3507',NULL,NULL,NULL,NULL,NULL,NULL,NULL,NULL),('350702',NULL,'延平区',NULL,'3507',NULL,NULL,NULL,NULL,NULL,NULL,NULL,NULL),('350721',NULL,'顺昌县',NULL,'3507',NULL,NULL,NULL,NULL,NULL,NULL,NULL,NULL),('350722',NULL,'浦城县',NULL,'3507',NULL,NULL,NULL,NULL,NULL,NULL,NULL,NULL),('350723',NULL,'光泽县',NULL,'3507',NULL,NULL,NULL,NULL,NULL,NULL,NULL,NULL),('350724',NULL,'松溪县',NULL,'3507',NULL,NULL,NULL,NULL,NULL,NULL,NULL,NULL),('350725',NULL,'政和县',NULL,'3507',NULL,NULL,NULL,NULL,NULL,NULL,NULL,NULL),('350781',NULL,'邵武市',NULL,'3507',NULL,NULL,NULL,NULL,NULL,NULL,NULL,NULL),('350782',NULL,'武夷山市',NULL,'3507',NULL,NULL,NULL,NULL,NULL,NULL,NULL,NULL),('350783',NULL,'建瓯市',NULL,'3507',NULL,NULL,NULL,NULL,NULL,NULL,NULL,NULL),('350784',NULL,'建阳市',NULL,'3507',NULL,NULL,NULL,NULL,NULL,NULL,NULL,NULL),('3508',NULL,'龙岩市',NULL,'35',NULL,NULL,NULL,NULL,NULL,NULL,NULL,NULL),('350801',NULL,'市辖区',NULL,'3508',NULL,NULL,NULL,NULL,NULL,NULL,NULL,NULL),('350802',NULL,'新罗区',NULL,'3508',NULL,NULL,NULL,NULL,NULL,NULL,NULL,NULL),('350821',NULL,'长汀县',NULL,'3508',NULL,NULL,NULL,NULL,NULL,NULL,NULL,NULL),('350822',NULL,'永定县',NULL,'3508',NULL,NULL,NULL,NULL,NULL,NULL,NULL,NULL),('350823',NULL,'上杭县',NULL,'3508',NULL,NULL,NULL,NULL,NULL,NULL,NULL,NULL),('350824',NULL,'武平县',NULL,'3508',NULL,NULL,NULL,NULL,NULL,NULL,NULL,NULL),('350825',NULL,'连城县',NULL,'3508',NULL,NULL,NULL,NULL,NULL,NULL,NULL,NULL),('350881',NULL,'漳平市',NULL,'3508',NULL,NULL,NULL,NULL,NULL,NULL,NULL,NULL),('3509',NULL,'宁德市',NULL,'35',NULL,NULL,NULL,NULL,NULL,NULL,NULL,NULL),('350901',NULL,'市辖区',NULL,'3509',NULL,NULL,NULL,NULL,NULL,NULL,NULL,NULL),('350902',NULL,'蕉城区',NULL,'3509',NULL,NULL,NULL,NULL,NULL,NULL,NULL,NULL),('350921',NULL,'霞浦县',NULL,'3509',NULL,NULL,NULL,NULL,NULL,NULL,NULL,NULL),('350922',NULL,'古田县',NULL,'3509',NULL,NULL,NULL,NULL,NULL,NULL,NULL,NULL),('350923',NULL,'屏南县',NULL,'3509',NULL,NULL,NULL,NULL,NULL,NULL,NULL,NULL),('350924',NULL,'寿宁县',NULL,'3509',NULL,NULL,NULL,NULL,NULL,NULL,NULL,NULL),('350925',NULL,'周宁县',NULL,'3509',NULL,NULL,NULL,NULL,NULL,NULL,NULL,NULL),('350926',NULL,'柘荣县',NULL,'3509',NULL,NULL,NULL,NULL,NULL,NULL,NULL,NULL),('350981',NULL,'福安市',NULL,'3509',NULL,NULL,NULL,NULL,NULL,NULL,NULL,NULL),('350982',NULL,'福鼎市',NULL,'3509',NULL,NULL,NULL,NULL,NULL,NULL,NULL,NULL),('36',NULL,'江西省',NULL,NULL,NULL,NULL,NULL,NULL,NULL,NULL,NULL,NULL),('3601',NULL,'南昌市',NULL,'36',NULL,NULL,NULL,NULL,NULL,NULL,NULL,NULL),('360101',NULL,'市辖区',NULL,'3601',NULL,NULL,NULL,NULL,NULL,NULL,NULL,NULL),('360102',NULL,'东湖区',NULL,'3601',NULL,NULL,NULL,NULL,NULL,NULL,NULL,NULL),('360103',NULL,'西湖区',NULL,'3601',NULL,NULL,NULL,NULL,NULL,NULL,NULL,NULL),('360104',NULL,'青云谱区',NULL,'3601',NULL,NULL,NULL,NULL,NULL,NULL,NULL,NULL),('360105',NULL,'湾里区',NULL,'3601',NULL,NULL,NULL,NULL,NULL,NULL,NULL,NULL),('360111',NULL,'青山湖区',NULL,'3601',NULL,NULL,NULL,NULL,NULL,NULL,NULL,NULL),('360121',NULL,'南昌县',NULL,'3601',NULL,NULL,NULL,NULL,NULL,NULL,NULL,NULL),('360122',NULL,'新建县',NULL,'3601',NULL,NULL,NULL,NULL,NULL,NULL,NULL,NULL),('360123',NULL,'安义县',NULL,'3601',NULL,NULL,NULL,NULL,NULL,NULL,NULL,NULL),('360124',NULL,'进贤县',NULL,'3601',NULL,NULL,NULL,NULL,NULL,NULL,NULL,NULL),('3602',NULL,'景德镇市',NULL,'36',NULL,NULL,NULL,NULL,NULL,NULL,NULL,NULL),('360201',NULL,'市辖区',NULL,'3602',NULL,NULL,NULL,NULL,NULL,NULL,NULL,NULL),('360202',NULL,'昌江区',NULL,'3602',NULL,NULL,NULL,NULL,NULL,NULL,NULL,NULL),('360203',NULL,'珠山区',NULL,'3602',NULL,NULL,NULL,NULL,NULL,NULL,NULL,NULL),('360222',NULL,'浮梁县',NULL,'3602',NULL,NULL,NULL,NULL,NULL,NULL,NULL,NULL),('360281',NULL,'乐平市',NULL,'3602',NULL,NULL,NULL,NULL,NULL,NULL,NULL,NULL),('3603',NULL,'萍乡市',NULL,'36',NULL,NULL,NULL,NULL,NULL,NULL,NULL,NULL),('360301',NULL,'市辖区',NULL,'3603',NULL,NULL,NULL,NULL,NULL,NULL,NULL,NULL),('360302',NULL,'安源区',NULL,'3603',NULL,NULL,NULL,NULL,NULL,NULL,NULL,NULL),('360313',NULL,'湘东区',NULL,'3603',NULL,NULL,NULL,NULL,NULL,NULL,NULL,NULL),('360321',NULL,'莲花县',NULL,'3603',NULL,NULL,NULL,NULL,NULL,NULL,NULL,NULL),('360322',NULL,'上栗县',NULL,'3603',NULL,NULL,NULL,NULL,NULL,NULL,NULL,NULL),('360323',NULL,'芦溪县',NULL,'3603',NULL,NULL,NULL,NULL,NULL,NULL,NULL,NULL),('3604',NULL,'九江市',NULL,'36',NULL,NULL,NULL,NULL,NULL,NULL,NULL,NULL),('360401',NULL,'市辖区',NULL,'3604',NULL,NULL,NULL,NULL,NULL,NULL,NULL,NULL),('360402',NULL,'庐山区',NULL,'3604',NULL,NULL,NULL,NULL,NULL,NULL,NULL,NULL),('360403',NULL,'浔阳区',NULL,'3604',NULL,NULL,NULL,NULL,NULL,NULL,NULL,NULL),('360421',NULL,'九江县',NULL,'3604',NULL,NULL,NULL,NULL,NULL,NULL,NULL,NULL),('360423',NULL,'武宁县',NULL,'3604',NULL,NULL,NULL,NULL,NULL,NULL,NULL,NULL),('360424',NULL,'修水县',NULL,'3604',NULL,NULL,NULL,NULL,NULL,NULL,NULL,NULL),('360425',NULL,'永修县',NULL,'3604',NULL,NULL,NULL,NULL,NULL,NULL,NULL,NULL),('360426',NULL,'德安县',NULL,'3604',NULL,NULL,NULL,NULL,NULL,NULL,NULL,NULL),('360427',NULL,'星子县',NULL,'3604',NULL,NULL,NULL,NULL,NULL,NULL,NULL,NULL),('360428',NULL,'都昌县',NULL,'3604',NULL,NULL,NULL,NULL,NULL,NULL,NULL,NULL),('360429',NULL,'湖口县',NULL,'3604',NULL,NULL,NULL,NULL,NULL,NULL,NULL,NULL),('360430',NULL,'彭泽县',NULL,'3604',NULL,NULL,NULL,NULL,NULL,NULL,NULL,NULL),('360481',NULL,'瑞昌市',NULL,'3604',NULL,NULL,NULL,NULL,NULL,NULL,NULL,NULL),('360482',NULL,'共青城市',NULL,'3604',NULL,NULL,NULL,NULL,NULL,NULL,NULL,NULL),('3605',NULL,'新余市',NULL,'36',NULL,NULL,NULL,NULL,NULL,NULL,NULL,NULL),('360501',NULL,'市辖区',NULL,'3605',NULL,NULL,NULL,NULL,NULL,NULL,NULL,NULL),('360502',NULL,'渝水区',NULL,'3605',NULL,NULL,NULL,NULL,NULL,NULL,NULL,NULL),('360521',NULL,'分宜县',NULL,'3605',NULL,NULL,NULL,NULL,NULL,NULL,NULL,NULL),('3606',NULL,'鹰潭市',NULL,'36',NULL,NULL,NULL,NULL,NULL,NULL,NULL,NULL),('360601',NULL,'市辖区',NULL,'3606',NULL,NULL,NULL,NULL,NULL,NULL,NULL,NULL),('360602',NULL,'月湖区',NULL,'3606',NULL,NULL,NULL,NULL,NULL,NULL,NULL,NULL),('360622',NULL,'余江县',NULL,'3606',NULL,NULL,NULL,NULL,NULL,NULL,NULL,NULL),('360681',NULL,'贵溪市',NULL,'3606',NULL,NULL,NULL,NULL,NULL,NULL,NULL,NULL),('3607',NULL,'赣州市',NULL,'36',NULL,NULL,NULL,NULL,NULL,NULL,NULL,NULL),('360701',NULL,'市辖区',NULL,'3607',NULL,NULL,NULL,NULL,NULL,NULL,NULL,NULL),('360702',NULL,'章贡区',NULL,'3607',NULL,NULL,NULL,NULL,NULL,NULL,NULL,NULL),('360721',NULL,'赣县',NULL,'3607',NULL,NULL,NULL,NULL,NULL,NULL,NULL,NULL),('360722',NULL,'信丰县',NULL,'3607',NULL,NULL,NULL,NULL,NULL,NULL,NULL,NULL),('360723',NULL,'大余县',NULL,'3607',NULL,NULL,NULL,NULL,NULL,NULL,NULL,NULL),('360724',NULL,'上犹县',NULL,'3607',NULL,NULL,NULL,NULL,NULL,NULL,NULL,NULL),('360725',NULL,'崇义县',NULL,'3607',NULL,NULL,NULL,NULL,NULL,NULL,NULL,NULL),('360726',NULL,'安远县',NULL,'3607',NULL,NULL,NULL,NULL,NULL,NULL,NULL,NULL),('360727',NULL,'龙南县',NULL,'3607',NULL,NULL,NULL,NULL,NULL,NULL,NULL,NULL),('360728',NULL,'定南县',NULL,'3607',NULL,NULL,NULL,NULL,NULL,NULL,NULL,NULL),('360729',NULL,'全南县',NULL,'3607',NULL,NULL,NULL,NULL,NULL,NULL,NULL,NULL),('360730',NULL,'宁都县',NULL,'3607',NULL,NULL,NULL,NULL,NULL,NULL,NULL,NULL),('360731',NULL,'于都县',NULL,'3607',NULL,NULL,NULL,NULL,NULL,NULL,NULL,NULL),('360732',NULL,'兴国县',NULL,'3607',NULL,NULL,NULL,NULL,NULL,NULL,NULL,NULL),('360733',NULL,'会昌县',NULL,'3607',NULL,NULL,NULL,NULL,NULL,NULL,NULL,NULL),('360734',NULL,'寻乌县',NULL,'3607',NULL,NULL,NULL,NULL,NULL,NULL,NULL,NULL),('360735',NULL,'石城县',NULL,'3607',NULL,NULL,NULL,NULL,NULL,NULL,NULL,NULL),('360781',NULL,'瑞金市',NULL,'3607',NULL,NULL,NULL,NULL,NULL,NULL,NULL,NULL),('360782',NULL,'南康市',NULL,'3607',NULL,NULL,NULL,NULL,NULL,NULL,NULL,NULL),('3608',NULL,'吉安市',NULL,'36',NULL,NULL,NULL,NULL,NULL,NULL,NULL,NULL),('360801',NULL,'市辖区',NULL,'3608',NULL,NULL,NULL,NULL,NULL,NULL,NULL,NULL),('360802',NULL,'吉州区',NULL,'3608',NULL,NULL,NULL,NULL,NULL,NULL,NULL,NULL),('360803',NULL,'青原区',NULL,'3608',NULL,NULL,NULL,NULL,NULL,NULL,NULL,NULL),('360821',NULL,'吉安县',NULL,'3608',NULL,NULL,NULL,NULL,NULL,NULL,NULL,NULL),('360822',NULL,'吉水县',NULL,'3608',NULL,NULL,NULL,NULL,NULL,NULL,NULL,NULL),('360823',NULL,'峡江县',NULL,'3608',NULL,NULL,NULL,NULL,NULL,NULL,NULL,NULL),('360824',NULL,'新干县',NULL,'3608',NULL,NULL,NULL,NULL,NULL,NULL,NULL,NULL),('360825',NULL,'永丰县',NULL,'3608',NULL,NULL,NULL,NULL,NULL,NULL,NULL,NULL),('360826',NULL,'泰和县',NULL,'3608',NULL,NULL,NULL,NULL,NULL,NULL,NULL,NULL),('360827',NULL,'遂川县',NULL,'3608',NULL,NULL,NULL,NULL,NULL,NULL,NULL,NULL),('360828',NULL,'万安县',NULL,'3608',NULL,NULL,NULL,NULL,NULL,NULL,NULL,NULL),('360829',NULL,'安福县',NULL,'3608',NULL,NULL,NULL,NULL,NULL,NULL,NULL,NULL),('360830',NULL,'永新县',NULL,'3608',NULL,NULL,NULL,NULL,NULL,NULL,NULL,NULL),('360881',NULL,'井冈山市',NULL,'3608',NULL,NULL,NULL,NULL,NULL,NULL,NULL,NULL),('3609',NULL,'宜春市',NULL,'36',NULL,NULL,NULL,NULL,NULL,NULL,NULL,NULL),('360901',NULL,'市辖区',NULL,'3609',NULL,NULL,NULL,NULL,NULL,NULL,NULL,NULL),('360902',NULL,'袁州区',NULL,'3609',NULL,NULL,NULL,NULL,NULL,NULL,NULL,NULL),('360921',NULL,'奉新县',NULL,'3609',NULL,NULL,NULL,NULL,NULL,NULL,NULL,NULL),('360922',NULL,'万载县',NULL,'3609',NULL,NULL,NULL,NULL,NULL,NULL,NULL,NULL),('360923',NULL,'上高县',NULL,'3609',NULL,NULL,NULL,NULL,NULL,NULL,NULL,NULL),('360924',NULL,'宜丰县',NULL,'3609',NULL,NULL,NULL,NULL,NULL,NULL,NULL,NULL),('360925',NULL,'靖安县',NULL,'3609',NULL,NULL,NULL,NULL,NULL,NULL,NULL,NULL),('360926',NULL,'铜鼓县',NULL,'3609',NULL,NULL,NULL,NULL,NULL,NULL,NULL,NULL),('360981',NULL,'丰城市',NULL,'3609',NULL,NULL,NULL,NULL,NULL,NULL,NULL,NULL),('360982',NULL,'樟树市',NULL,'3609',NULL,NULL,NULL,NULL,NULL,NULL,NULL,NULL),('360983',NULL,'高安市',NULL,'3609',NULL,NULL,NULL,NULL,NULL,NULL,NULL,NULL),('3610',NULL,'抚州市',NULL,'36',NULL,NULL,NULL,NULL,NULL,NULL,NULL,NULL),('361001',NULL,'市辖区',NULL,'3610',NULL,NULL,NULL,NULL,NULL,NULL,NULL,NULL),('361002',NULL,'临川区',NULL,'3610',NULL,NULL,NULL,NULL,NULL,NULL,NULL,NULL),('361021',NULL,'南城县',NULL,'3610',NULL,NULL,NULL,NULL,NULL,NULL,NULL,NULL),('361022',NULL,'黎川县',NULL,'3610',NULL,NULL,NULL,NULL,NULL,NULL,NULL,NULL),('361023',NULL,'南丰县',NULL,'3610',NULL,NULL,NULL,NULL,NULL,NULL,NULL,NULL),('361024',NULL,'崇仁县',NULL,'3610',NULL,NULL,NULL,NULL,NULL,NULL,NULL,NULL),('361025',NULL,'乐安县',NULL,'3610',NULL,NULL,NULL,NULL,NULL,NULL,NULL,NULL),('361026',NULL,'宜黄县',NULL,'3610',NULL,NULL,NULL,NULL,NULL,NULL,NULL,NULL),('361027',NULL,'金溪县',NULL,'3610',NULL,NULL,NULL,NULL,NULL,NULL,NULL,NULL),('361028',NULL,'资溪县',NULL,'3610',NULL,NULL,NULL,NULL,NULL,NULL,NULL,NULL),('361029',NULL,'东乡县',NULL,'3610',NULL,NULL,NULL,NULL,NULL,NULL,NULL,NULL),('361030',NULL,'广昌县',NULL,'3610',NULL,NULL,NULL,NULL,NULL,NULL,NULL,NULL),('3611',NULL,'上饶市',NULL,'36',NULL,NULL,NULL,NULL,NULL,NULL,NULL,NULL),('361101',NULL,'市辖区',NULL,'3611',NULL,NULL,NULL,NULL,NULL,NULL,NULL,NULL),('361102',NULL,'信州区',NULL,'3611',NULL,NULL,NULL,NULL,NULL,NULL,NULL,NULL),('361121',NULL,'上饶县',NULL,'3611',NULL,NULL,NULL,NULL,NULL,NULL,NULL,NULL),('361122',NULL,'广丰县',NULL,'3611',NULL,NULL,NULL,NULL,NULL,NULL,NULL,NULL),('361123',NULL,'玉山县',NULL,'3611',NULL,NULL,NULL,NULL,NULL,NULL,NULL,NULL),('361124',NULL,'铅山县',NULL,'3611',NULL,NULL,NULL,NULL,NULL,NULL,NULL,NULL),('361125',NULL,'横峰县',NULL,'3611',NULL,NULL,NULL,NULL,NULL,NULL,NULL,NULL),('361126',NULL,'弋阳县',NULL,'3611',NULL,NULL,NULL,NULL,NULL,NULL,NULL,NULL),('361127',NULL,'余干县',NULL,'3611',NULL,NULL,NULL,NULL,NULL,NULL,NULL,NULL),('361128',NULL,'鄱阳县',NULL,'3611',NULL,NULL,NULL,NULL,NULL,NULL,NULL,NULL),('361129',NULL,'万年县',NULL,'3611',NULL,NULL,NULL,NULL,NULL,NULL,NULL,NULL),('361130',NULL,'婺源县',NULL,'3611',NULL,NULL,NULL,NULL,NULL,NULL,NULL,NULL),('361181',NULL,'德兴市',NULL,'3611',NULL,NULL,NULL,NULL,NULL,NULL,NULL,NULL),('37',NULL,'山东省',NULL,NULL,NULL,NULL,NULL,NULL,NULL,NULL,NULL,NULL),('3701',NULL,'济南市',NULL,'37',NULL,NULL,NULL,NULL,NULL,NULL,NULL,NULL),('370101',NULL,'市辖区',NULL,'3701',NULL,NULL,NULL,NULL,NULL,NULL,NULL,NULL),('370102',NULL,'历下区',NULL,'3701',NULL,NULL,NULL,NULL,NULL,NULL,NULL,NULL),('370103',NULL,'市中区',NULL,'3701',NULL,NULL,NULL,NULL,NULL,NULL,NULL,NULL),('370104',NULL,'槐荫区',NULL,'3701',NULL,NULL,NULL,NULL,NULL,NULL,NULL,NULL),('370105',NULL,'天桥区',NULL,'3701',NULL,NULL,NULL,NULL,NULL,NULL,NULL,NULL),('370112',NULL,'历城区',NULL,'3701',NULL,NULL,NULL,NULL,NULL,NULL,NULL,NULL),('370113',NULL,'长清区',NULL,'3701',NULL,NULL,NULL,NULL,NULL,NULL,NULL,NULL),('370124',NULL,'平阴县',NULL,'3701',NULL,NULL,NULL,NULL,NULL,NULL,NULL,NULL),('370125',NULL,'济阳县',NULL,'3701',NULL,NULL,NULL,NULL,NULL,NULL,NULL,NULL),('370126',NULL,'商河县',NULL,'3701',NULL,NULL,NULL,NULL,NULL,NULL,NULL,NULL),('370181',NULL,'章丘市',NULL,'3701',NULL,NULL,NULL,NULL,NULL,NULL,NULL,NULL),('3702',NULL,'青岛市',NULL,'37',NULL,NULL,NULL,NULL,NULL,NULL,NULL,NULL),('370201',NULL,'市辖区',NULL,'3702',NULL,NULL,NULL,NULL,NULL,NULL,NULL,NULL),('370202',NULL,'市南区',NULL,'3702',NULL,NULL,NULL,NULL,NULL,NULL,NULL,NULL),('370203',NULL,'市北区',NULL,'3702',NULL,NULL,NULL,NULL,NULL,NULL,NULL,NULL),('370205',NULL,'四方区',NULL,'3702',NULL,NULL,NULL,NULL,NULL,NULL,NULL,NULL),('370211',NULL,'黄岛区',NULL,'3702',NULL,NULL,NULL,NULL,NULL,NULL,NULL,NULL),('370212',NULL,'崂山区',NULL,'3702',NULL,NULL,NULL,NULL,NULL,NULL,NULL,NULL),('370213',NULL,'李沧区',NULL,'3702',NULL,NULL,NULL,NULL,NULL,NULL,NULL,NULL),('370214',NULL,'城阳区',NULL,'3702',NULL,NULL,NULL,NULL,NULL,NULL,NULL,NULL),('370281',NULL,'胶州市',NULL,'3702',NULL,NULL,NULL,NULL,NULL,NULL,NULL,NULL),('370282',NULL,'即墨市',NULL,'3702',NULL,NULL,NULL,NULL,NULL,NULL,NULL,NULL),('370283',NULL,'平度市',NULL,'3702',NULL,NULL,NULL,NULL,NULL,NULL,NULL,NULL),('370284',NULL,'胶南市',NULL,'3702',NULL,NULL,NULL,NULL,NULL,NULL,NULL,NULL),('370285',NULL,'莱西市',NULL,'3702',NULL,NULL,NULL,NULL,NULL,NULL,NULL,NULL),('3703',NULL,'淄博市',NULL,'37',NULL,NULL,NULL,NULL,NULL,NULL,NULL,NULL),('370301',NULL,'市辖区',NULL,'3703',NULL,NULL,NULL,NULL,NULL,NULL,NULL,NULL),('370302',NULL,'淄川区',NULL,'3703',NULL,NULL,NULL,NULL,NULL,NULL,NULL,NULL),('370303',NULL,'张店区',NULL,'3703',NULL,NULL,NULL,NULL,NULL,NULL,NULL,NULL),('370304',NULL,'博山区',NULL,'3703',NULL,NULL,NULL,NULL,NULL,NULL,NULL,NULL),('370305',NULL,'临淄区',NULL,'3703',NULL,NULL,NULL,NULL,NULL,NULL,NULL,NULL),('370306',NULL,'周村区',NULL,'3703',NULL,NULL,NULL,NULL,NULL,NULL,NULL,NULL),('370321',NULL,'桓台县',NULL,'3703',NULL,NULL,NULL,NULL,NULL,NULL,NULL,NULL),('370322',NULL,'高青县',NULL,'3703',NULL,NULL,NULL,NULL,NULL,NULL,NULL,NULL),('370323',NULL,'沂源县',NULL,'3703',NULL,NULL,NULL,NULL,NULL,NULL,NULL,NULL),('3704',NULL,'枣庄市',NULL,'37',NULL,NULL,NULL,NULL,NULL,NULL,NULL,NULL),('370401',NULL,'市辖区',NULL,'3704',NULL,NULL,NULL,NULL,NULL,NULL,NULL,NULL),('370402',NULL,'市中区',NULL,'3704',NULL,NULL,NULL,NULL,NULL,NULL,NULL,NULL),('370403',NULL,'薛城区',NULL,'3704',NULL,NULL,NULL,NULL,NULL,NULL,NULL,NULL),('370404',NULL,'峄城区',NULL,'3704',NULL,NULL,NULL,NULL,NULL,NULL,NULL,NULL),('370405',NULL,'台儿庄区',NULL,'3704',NULL,NULL,NULL,NULL,NULL,NULL,NULL,NULL),('370406',NULL,'山亭区',NULL,'3704',NULL,NULL,NULL,NULL,NULL,NULL,NULL,NULL),('370481',NULL,'滕州市',NULL,'3704',NULL,NULL,NULL,NULL,NULL,NULL,NULL,NULL),('3705',NULL,'东营市',NULL,'37',NULL,NULL,NULL,NULL,NULL,NULL,NULL,NULL),('370501',NULL,'市辖区',NULL,'3705',NULL,NULL,NULL,NULL,NULL,NULL,NULL,NULL),('370502',NULL,'东营区',NULL,'3705',NULL,NULL,NULL,NULL,NULL,NULL,NULL,NULL),('370503',NULL,'河口区',NULL,'3705',NULL,NULL,NULL,NULL,NULL,NULL,NULL,NULL),('370521',NULL,'垦利县',NULL,'3705',NULL,NULL,NULL,NULL,NULL,NULL,NULL,NULL),('370522',NULL,'利津县',NULL,'3705',NULL,NULL,NULL,NULL,NULL,NULL,NULL,NULL),('370523',NULL,'广饶县',NULL,'3705',NULL,NULL,NULL,NULL,NULL,NULL,NULL,NULL),('3706',NULL,'烟台市',NULL,'37',NULL,NULL,NULL,NULL,NULL,NULL,NULL,NULL),('370601',NULL,'市辖区',NULL,'3706',NULL,NULL,NULL,NULL,NULL,NULL,NULL,NULL),('370602',NULL,'芝罘区',NULL,'3706',NULL,NULL,NULL,NULL,NULL,NULL,NULL,NULL),('370611',NULL,'福山区',NULL,'3706',NULL,NULL,NULL,NULL,NULL,NULL,NULL,NULL),('370612',NULL,'牟平区',NULL,'3706',NULL,NULL,NULL,NULL,NULL,NULL,NULL,NULL),('370613',NULL,'莱山区',NULL,'3706',NULL,NULL,NULL,NULL,NULL,NULL,NULL,NULL),('370634',NULL,'长岛县',NULL,'3706',NULL,NULL,NULL,NULL,NULL,NULL,NULL,NULL),('370681',NULL,'龙口市',NULL,'3706',NULL,NULL,NULL,NULL,NULL,NULL,NULL,NULL),('370682',NULL,'莱阳市',NULL,'3706',NULL,NULL,NULL,NULL,NULL,NULL,NULL,NULL),('370683',NULL,'莱州市',NULL,'3706',NULL,NULL,NULL,NULL,NULL,NULL,NULL,NULL),('370684',NULL,'蓬莱市',NULL,'3706',NULL,NULL,NULL,NULL,NULL,NULL,NULL,NULL),('370685',NULL,'招远市',NULL,'3706',NULL,NULL,NULL,NULL,NULL,NULL,NULL,NULL),('370686',NULL,'栖霞市',NULL,'3706',NULL,NULL,NULL,NULL,NULL,NULL,NULL,NULL),('370687',NULL,'海阳市',NULL,'3706',NULL,NULL,NULL,NULL,NULL,NULL,NULL,NULL),('3707',NULL,'潍坊市',NULL,'37',NULL,NULL,NULL,NULL,NULL,NULL,NULL,NULL),('370701',NULL,'市辖区',NULL,'3707',NULL,NULL,NULL,NULL,NULL,NULL,NULL,NULL),('370702',NULL,'潍城区',NULL,'3707',NULL,NULL,NULL,NULL,NULL,NULL,NULL,NULL),('370703',NULL,'寒亭区',NULL,'3707',NULL,NULL,NULL,NULL,NULL,NULL,NULL,NULL),('370704',NULL,'坊子区',NULL,'3707',NULL,NULL,NULL,NULL,NULL,NULL,NULL,NULL),('370705',NULL,'奎文区',NULL,'3707',NULL,NULL,NULL,NULL,NULL,NULL,NULL,NULL),('370724',NULL,'临朐县',NULL,'3707',NULL,NULL,NULL,NULL,NULL,NULL,NULL,NULL),('370725',NULL,'昌乐县',NULL,'3707',NULL,NULL,NULL,NULL,NULL,NULL,NULL,NULL),('370781',NULL,'青州市',NULL,'3707',NULL,NULL,NULL,NULL,NULL,NULL,NULL,NULL),('370782',NULL,'诸城市',NULL,'3707',NULL,NULL,NULL,NULL,NULL,NULL,NULL,NULL),('370783',NULL,'寿光市',NULL,'3707',NULL,NULL,NULL,NULL,NULL,NULL,NULL,NULL),('370784',NULL,'安丘市',NULL,'3707',NULL,NULL,NULL,NULL,NULL,NULL,NULL,NULL),('370785',NULL,'高密市',NULL,'3707',NULL,NULL,NULL,NULL,NULL,NULL,NULL,NULL),('370786',NULL,'昌邑市',NULL,'3707',NULL,NULL,NULL,NULL,NULL,NULL,NULL,NULL),('3708',NULL,'济宁市',NULL,'37',NULL,NULL,NULL,NULL,NULL,NULL,NULL,NULL),('370801',NULL,'市辖区',NULL,'3708',NULL,NULL,NULL,NULL,NULL,NULL,NULL,NULL),('370802',NULL,'市中区',NULL,'3708',NULL,NULL,NULL,NULL,NULL,NULL,NULL,NULL),('370811',NULL,'任城区',NULL,'3708',NULL,NULL,NULL,NULL,NULL,NULL,NULL,NULL),('370826',NULL,'微山县',NULL,'3708',NULL,NULL,NULL,NULL,NULL,NULL,NULL,NULL),('370827',NULL,'鱼台县',NULL,'3708',NULL,NULL,NULL,NULL,NULL,NULL,NULL,NULL),('370828',NULL,'金乡县',NULL,'3708',NULL,NULL,NULL,NULL,NULL,NULL,NULL,NULL),('370829',NULL,'嘉祥县',NULL,'3708',NULL,NULL,NULL,NULL,NULL,NULL,NULL,NULL),('370830',NULL,'汶上县',NULL,'3708',NULL,NULL,NULL,NULL,NULL,NULL,NULL,NULL),('370831',NULL,'泗水县',NULL,'3708',NULL,NULL,NULL,NULL,NULL,NULL,NULL,NULL),('370832',NULL,'梁山县',NULL,'3708',NULL,NULL,NULL,NULL,NULL,NULL,NULL,NULL),('370881',NULL,'曲阜市',NULL,'3708',NULL,NULL,NULL,NULL,NULL,NULL,NULL,NULL),('370882',NULL,'兖州市',NULL,'3708',NULL,NULL,NULL,NULL,NULL,NULL,NULL,NULL),('370883',NULL,'邹城市',NULL,'3708',NULL,NULL,NULL,NULL,NULL,NULL,NULL,NULL),('3709',NULL,'泰安市',NULL,'37',NULL,NULL,NULL,NULL,NULL,NULL,NULL,NULL),('370901',NULL,'市辖区',NULL,'3709',NULL,NULL,NULL,NULL,NULL,NULL,NULL,NULL),('370902',NULL,'泰山区',NULL,'3709',NULL,NULL,NULL,NULL,NULL,NULL,NULL,NULL),('370911',NULL,'岱岳区',NULL,'3709',NULL,NULL,NULL,NULL,NULL,NULL,NULL,NULL),('370921',NULL,'宁阳县',NULL,'3709',NULL,NULL,NULL,NULL,NULL,NULL,NULL,NULL),('370923',NULL,'东平县',NULL,'3709',NULL,NULL,NULL,NULL,NULL,NULL,NULL,NULL),('370982',NULL,'新泰市',NULL,'3709',NULL,NULL,NULL,NULL,NULL,NULL,NULL,NULL),('370983',NULL,'肥城市',NULL,'3709',NULL,NULL,NULL,NULL,NULL,NULL,NULL,NULL),('3710',NULL,'威海市',NULL,'37',NULL,NULL,NULL,NULL,NULL,NULL,NULL,NULL),('371001',NULL,'市辖区',NULL,'3710',NULL,NULL,NULL,NULL,NULL,NULL,NULL,NULL),('371002',NULL,'环翠区',NULL,'3710',NULL,NULL,NULL,NULL,NULL,NULL,NULL,NULL),('371081',NULL,'文登市',NULL,'3710',NULL,NULL,NULL,NULL,NULL,NULL,NULL,NULL),('371082',NULL,'荣成市',NULL,'3710',NULL,NULL,NULL,NULL,NULL,NULL,NULL,NULL),('371083',NULL,'乳山市',NULL,'3710',NULL,NULL,NULL,NULL,NULL,NULL,NULL,NULL),('3711',NULL,'日照市',NULL,'37',NULL,NULL,NULL,NULL,NULL,NULL,NULL,NULL),('371101',NULL,'市辖区',NULL,'3711',NULL,NULL,NULL,NULL,NULL,NULL,NULL,NULL),('371102',NULL,'东港区',NULL,'3711',NULL,NULL,NULL,NULL,NULL,NULL,NULL,NULL),('371103',NULL,'岚山区',NULL,'3711',NULL,NULL,NULL,NULL,NULL,NULL,NULL,NULL),('371121',NULL,'五莲县',NULL,'3711',NULL,NULL,NULL,NULL,NULL,NULL,NULL,NULL),('371122',NULL,'莒县',NULL,'3711',NULL,NULL,NULL,NULL,NULL,NULL,NULL,NULL),('3712',NULL,'莱芜市',NULL,'37',NULL,NULL,NULL,NULL,NULL,NULL,NULL,NULL),('371201',NULL,'市辖区',NULL,'3712',NULL,NULL,NULL,NULL,NULL,NULL,NULL,NULL),('371202',NULL,'莱城区',NULL,'3712',NULL,NULL,NULL,NULL,NULL,NULL,NULL,NULL),('371203',NULL,'钢城区',NULL,'3712',NULL,NULL,NULL,NULL,NULL,NULL,NULL,NULL),('3713',NULL,'临沂市',NULL,'37',NULL,NULL,NULL,NULL,NULL,NULL,NULL,NULL),('371301',NULL,'市辖区',NULL,'3713',NULL,NULL,NULL,NULL,NULL,NULL,NULL,NULL),('371302',NULL,'兰山区',NULL,'3713',NULL,NULL,NULL,NULL,NULL,NULL,NULL,NULL),('371311',NULL,'罗庄区',NULL,'3713',NULL,NULL,NULL,NULL,NULL,NULL,NULL,NULL),('371312',NULL,'河东区',NULL,'3713',NULL,NULL,NULL,NULL,NULL,NULL,NULL,NULL),('371321',NULL,'沂南县',NULL,'3713',NULL,NULL,NULL,NULL,NULL,NULL,NULL,NULL),('371322',NULL,'郯城县',NULL,'3713',NULL,NULL,NULL,NULL,NULL,NULL,NULL,NULL),('371323',NULL,'沂水县',NULL,'3713',NULL,NULL,NULL,NULL,NULL,NULL,NULL,NULL),('371324',NULL,'苍山县',NULL,'3713',NULL,NULL,NULL,NULL,NULL,NULL,NULL,NULL),('371325',NULL,'费县',NULL,'3713',NULL,NULL,NULL,NULL,NULL,NULL,NULL,NULL),('371326',NULL,'平邑县',NULL,'3713',NULL,NULL,NULL,NULL,NULL,NULL,NULL,NULL),('371327',NULL,'莒南县',NULL,'3713',NULL,NULL,NULL,NULL,NULL,NULL,NULL,NULL),('371328',NULL,'蒙阴县',NULL,'3713',NULL,NULL,NULL,NULL,NULL,NULL,NULL,NULL),('371329',NULL,'临沭县',NULL,'3713',NULL,NULL,NULL,NULL,NULL,NULL,NULL,NULL),('3714',NULL,'德州市',NULL,'37',NULL,NULL,NULL,NULL,NULL,NULL,NULL,NULL),('371401',NULL,'市辖区',NULL,'3714',NULL,NULL,NULL,NULL,NULL,NULL,NULL,NULL),('371402',NULL,'德城区',NULL,'3714',NULL,NULL,NULL,NULL,NULL,NULL,NULL,NULL),('371421',NULL,'陵县',NULL,'3714',NULL,NULL,NULL,NULL,NULL,NULL,NULL,NULL),('371422',NULL,'宁津县',NULL,'3714',NULL,NULL,NULL,NULL,NULL,NULL,NULL,NULL),('371423',NULL,'庆云县',NULL,'3714',NULL,NULL,NULL,NULL,NULL,NULL,NULL,NULL),('371424',NULL,'临邑县',NULL,'3714',NULL,NULL,NULL,NULL,NULL,NULL,NULL,NULL),('371425',NULL,'齐河县',NULL,'3714',NULL,NULL,NULL,NULL,NULL,NULL,NULL,NULL),('371426',NULL,'平原县',NULL,'3714',NULL,NULL,NULL,NULL,NULL,NULL,NULL,NULL),('371427',NULL,'夏津县',NULL,'3714',NULL,NULL,NULL,NULL,NULL,NULL,NULL,NULL),('371428',NULL,'武城县',NULL,'3714',NULL,NULL,NULL,NULL,NULL,NULL,NULL,NULL),('371481',NULL,'乐陵市',NULL,'3714',NULL,NULL,NULL,NULL,NULL,NULL,NULL,NULL),('371482',NULL,'禹城市',NULL,'3714',NULL,NULL,NULL,NULL,NULL,NULL,NULL,NULL),('3715',NULL,'聊城市',NULL,'37',NULL,NULL,NULL,NULL,NULL,NULL,NULL,NULL),('371501',NULL,'市辖区',NULL,'3715',NULL,NULL,NULL,NULL,NULL,NULL,NULL,NULL),('371502',NULL,'东昌府区',NULL,'3715',NULL,NULL,NULL,NULL,NULL,NULL,NULL,NULL),('371521',NULL,'阳谷县',NULL,'3715',NULL,NULL,NULL,NULL,NULL,NULL,NULL,NULL),('371522',NULL,'莘县',NULL,'3715',NULL,NULL,NULL,NULL,NULL,NULL,NULL,NULL),('371523',NULL,'茌平县',NULL,'3715',NULL,NULL,NULL,NULL,NULL,NULL,NULL,NULL),('371524',NULL,'东阿县',NULL,'3715',NULL,NULL,NULL,NULL,NULL,NULL,NULL,NULL),('371525',NULL,'冠县',NULL,'3715',NULL,NULL,NULL,NULL,NULL,NULL,NULL,NULL),('371526',NULL,'高唐县',NULL,'3715',NULL,NULL,NULL,NULL,NULL,NULL,NULL,NULL),('371581',NULL,'临清市',NULL,'3715',NULL,NULL,NULL,NULL,NULL,NULL,NULL,NULL),('3716',NULL,'滨州市',NULL,'37',NULL,NULL,NULL,NULL,NULL,NULL,NULL,NULL),('371601',NULL,'市辖区',NULL,'3716',NULL,NULL,NULL,NULL,NULL,NULL,NULL,NULL),('371602',NULL,'滨城区',NULL,'3716',NULL,NULL,NULL,NULL,NULL,NULL,NULL,NULL),('371621',NULL,'惠民县',NULL,'3716',NULL,NULL,NULL,NULL,NULL,NULL,NULL,NULL),('371622',NULL,'阳信县',NULL,'3716',NULL,NULL,NULL,NULL,NULL,NULL,NULL,NULL),('371623',NULL,'无棣县',NULL,'3716',NULL,NULL,NULL,NULL,NULL,NULL,NULL,NULL),('371624',NULL,'沾化县',NULL,'3716',NULL,NULL,NULL,NULL,NULL,NULL,NULL,NULL),('371625',NULL,'博兴县',NULL,'3716',NULL,NULL,NULL,NULL,NULL,NULL,NULL,NULL),('371626',NULL,'邹平县',NULL,'3716',NULL,NULL,NULL,NULL,NULL,NULL,NULL,NULL),('3717',NULL,'菏泽市',NULL,'37',NULL,NULL,NULL,NULL,NULL,NULL,NULL,NULL),('371701',NULL,'市辖区',NULL,'3717',NULL,NULL,NULL,NULL,NULL,NULL,NULL,NULL),('371702',NULL,'牡丹区',NULL,'3717',NULL,NULL,NULL,NULL,NULL,NULL,NULL,NULL),('371721',NULL,'曹县',NULL,'3717',NULL,NULL,NULL,NULL,NULL,NULL,NULL,NULL),('371722',NULL,'单县',NULL,'3717',NULL,NULL,NULL,NULL,NULL,NULL,NULL,NULL),('371723',NULL,'成武县',NULL,'3717',NULL,NULL,NULL,NULL,NULL,NULL,NULL,NULL),('371724',NULL,'巨野县',NULL,'3717',NULL,NULL,NULL,NULL,NULL,NULL,NULL,NULL),('371725',NULL,'郓城县',NULL,'3717',NULL,NULL,NULL,NULL,NULL,NULL,NULL,NULL),('371726',NULL,'鄄城县',NULL,'3717',NULL,NULL,NULL,NULL,NULL,NULL,NULL,NULL),('371727',NULL,'定陶县',NULL,'3717',NULL,NULL,NULL,NULL,NULL,NULL,NULL,NULL),('371728',NULL,'东明县',NULL,'3717',NULL,NULL,NULL,NULL,NULL,NULL,NULL,NULL),('41',NULL,'河南省',NULL,NULL,NULL,NULL,NULL,NULL,NULL,NULL,NULL,NULL),('4101',NULL,'郑州市',NULL,'41',NULL,NULL,NULL,NULL,NULL,NULL,NULL,NULL),('410101',NULL,'市辖区',NULL,'4101',NULL,NULL,NULL,NULL,NULL,NULL,NULL,NULL),('410102',NULL,'中原区',NULL,'4101',NULL,NULL,NULL,NULL,NULL,NULL,NULL,NULL),('410103',NULL,'二七区',NULL,'4101',NULL,NULL,NULL,NULL,NULL,NULL,NULL,NULL),('410104',NULL,'管城回族区',NULL,'4101',NULL,NULL,NULL,NULL,NULL,NULL,NULL,NULL),('410105',NULL,'金水区',NULL,'4101',NULL,NULL,NULL,NULL,NULL,NULL,NULL,NULL),('410106',NULL,'上街区',NULL,'4101',NULL,NULL,NULL,NULL,NULL,NULL,NULL,NULL),('410108',NULL,'惠济区',NULL,'4101',NULL,NULL,NULL,NULL,NULL,NULL,NULL,NULL),('410122',NULL,'中牟县',NULL,'4101',NULL,NULL,NULL,NULL,NULL,NULL,NULL,NULL),('410181',NULL,'巩义市',NULL,'4101',NULL,NULL,NULL,NULL,NULL,NULL,NULL,NULL),('410182',NULL,'荥阳市',NULL,'4101',NULL,NULL,NULL,NULL,NULL,NULL,NULL,NULL),('410183',NULL,'新密市',NULL,'4101',NULL,NULL,NULL,NULL,NULL,NULL,NULL,NULL),('410184',NULL,'新郑市',NULL,'4101',NULL,NULL,NULL,NULL,NULL,NULL,NULL,NULL),('410185',NULL,'登封市',NULL,'4101',NULL,NULL,NULL,NULL,NULL,NULL,NULL,NULL),('4102',NULL,'开封市',NULL,'41',NULL,NULL,NULL,NULL,NULL,NULL,NULL,NULL),('410201',NULL,'市辖区',NULL,'4102',NULL,NULL,NULL,NULL,NULL,NULL,NULL,NULL),('410202',NULL,'龙亭区',NULL,'4102',NULL,NULL,NULL,NULL,NULL,NULL,NULL,NULL),('410203',NULL,'顺河回族区',NULL,'4102',NULL,NULL,NULL,NULL,NULL,NULL,NULL,NULL),('410204',NULL,'鼓楼区',NULL,'4102',NULL,NULL,NULL,NULL,NULL,NULL,NULL,NULL),('410205',NULL,'禹王台区',NULL,'4102',NULL,NULL,NULL,NULL,NULL,NULL,NULL,NULL),('410211',NULL,'金明区',NULL,'4102',NULL,NULL,NULL,NULL,NULL,NULL,NULL,NULL),('410221',NULL,'杞县',NULL,'4102',NULL,NULL,NULL,NULL,NULL,NULL,NULL,NULL),('410222',NULL,'通许县',NULL,'4102',NULL,NULL,NULL,NULL,NULL,NULL,NULL,NULL),('410223',NULL,'尉氏县',NULL,'4102',NULL,NULL,NULL,NULL,NULL,NULL,NULL,NULL),('410224',NULL,'开封县',NULL,'4102',NULL,NULL,NULL,NULL,NULL,NULL,NULL,NULL),('410225',NULL,'兰考县',NULL,'4102',NULL,NULL,NULL,NULL,NULL,NULL,NULL,NULL),('4103',NULL,'洛阳市',NULL,'41',NULL,NULL,NULL,NULL,NULL,NULL,NULL,NULL),('410301',NULL,'市辖区',NULL,'4103',NULL,NULL,NULL,NULL,NULL,NULL,NULL,NULL),('410302',NULL,'老城区',NULL,'4103',NULL,NULL,NULL,NULL,NULL,NULL,NULL,NULL),('410303',NULL,'西工区',NULL,'4103',NULL,NULL,NULL,NULL,NULL,NULL,NULL,NULL),('410304',NULL,'瀍河回族区',NULL,'4103',NULL,NULL,NULL,NULL,NULL,NULL,NULL,NULL),('410305',NULL,'涧西区',NULL,'4103',NULL,NULL,NULL,NULL,NULL,NULL,NULL,NULL),('410306',NULL,'吉利区',NULL,'4103',NULL,NULL,NULL,NULL,NULL,NULL,NULL,NULL),('410311',NULL,'洛龙区',NULL,'4103',NULL,NULL,NULL,NULL,NULL,NULL,NULL,NULL),('410322',NULL,'孟津县',NULL,'4103',NULL,NULL,NULL,NULL,NULL,NULL,NULL,NULL),('410323',NULL,'新安县',NULL,'4103',NULL,NULL,NULL,NULL,NULL,NULL,NULL,NULL),('410324',NULL,'栾川县',NULL,'4103',NULL,NULL,NULL,NULL,NULL,NULL,NULL,NULL),('410325',NULL,'嵩县',NULL,'4103',NULL,NULL,NULL,NULL,NULL,NULL,NULL,NULL),('410326',NULL,'汝阳县',NULL,'4103',NULL,NULL,NULL,NULL,NULL,NULL,NULL,NULL),('410327',NULL,'宜阳县',NULL,'4103',NULL,NULL,NULL,NULL,NULL,NULL,NULL,NULL),('410328',NULL,'洛宁县',NULL,'4103',NULL,NULL,NULL,NULL,NULL,NULL,NULL,NULL),('410329',NULL,'伊川县',NULL,'4103',NULL,NULL,NULL,NULL,NULL,NULL,NULL,NULL),('410381',NULL,'偃师市',NULL,'4103',NULL,NULL,NULL,NULL,NULL,NULL,NULL,NULL),('4104',NULL,'平顶山市',NULL,'41',NULL,NULL,NULL,NULL,NULL,NULL,NULL,NULL),('410401',NULL,'市辖区',NULL,'4104',NULL,NULL,NULL,NULL,NULL,NULL,NULL,NULL),('410402',NULL,'新华区',NULL,'4104',NULL,NULL,NULL,NULL,NULL,NULL,NULL,NULL),('410403',NULL,'卫东区',NULL,'4104',NULL,NULL,NULL,NULL,NULL,NULL,NULL,NULL),('410404',NULL,'石龙区',NULL,'4104',NULL,NULL,NULL,NULL,NULL,NULL,NULL,NULL),('410411',NULL,'湛河区',NULL,'4104',NULL,NULL,NULL,NULL,NULL,NULL,NULL,NULL),('410421',NULL,'宝丰县',NULL,'4104',NULL,NULL,NULL,NULL,NULL,NULL,NULL,NULL),('410422',NULL,'叶县',NULL,'4104',NULL,NULL,NULL,NULL,NULL,NULL,NULL,NULL),('410423',NULL,'鲁山县',NULL,'4104',NULL,NULL,NULL,NULL,NULL,NULL,NULL,NULL),('410425',NULL,'郏县',NULL,'4104',NULL,NULL,NULL,NULL,NULL,NULL,NULL,NULL),('410481',NULL,'舞钢市',NULL,'4104',NULL,NULL,NULL,NULL,NULL,NULL,NULL,NULL),('410482',NULL,'汝州市',NULL,'4104',NULL,NULL,NULL,NULL,NULL,NULL,NULL,NULL),('4105',NULL,'安阳市',NULL,'41',NULL,NULL,NULL,NULL,NULL,NULL,NULL,NULL),('410501',NULL,'市辖区',NULL,'4105',NULL,NULL,NULL,NULL,NULL,NULL,NULL,NULL),('410502',NULL,'文峰区',NULL,'4105',NULL,NULL,NULL,NULL,NULL,NULL,NULL,NULL),('410503',NULL,'北关区',NULL,'4105',NULL,NULL,NULL,NULL,NULL,NULL,NULL,NULL),('410505',NULL,'殷都区',NULL,'4105',NULL,NULL,NULL,NULL,NULL,NULL,NULL,NULL),('410506',NULL,'龙安区',NULL,'4105',NULL,NULL,NULL,NULL,NULL,NULL,NULL,NULL),('410522',NULL,'安阳县',NULL,'4105',NULL,NULL,NULL,NULL,NULL,NULL,NULL,NULL),('410523',NULL,'汤阴县',NULL,'4105',NULL,NULL,NULL,NULL,NULL,NULL,NULL,NULL),('410526',NULL,'滑县',NULL,'4105',NULL,NULL,NULL,NULL,NULL,NULL,NULL,NULL),('410527',NULL,'内黄县',NULL,'4105',NULL,NULL,NULL,NULL,NULL,NULL,NULL,NULL),('410581',NULL,'林州市',NULL,'4105',NULL,NULL,NULL,NULL,NULL,NULL,NULL,NULL),('4106',NULL,'鹤壁市',NULL,'41',NULL,NULL,NULL,NULL,NULL,NULL,NULL,NULL),('410601',NULL,'市辖区',NULL,'4106',NULL,NULL,NULL,NULL,NULL,NULL,NULL,NULL),('410602',NULL,'鹤山区',NULL,'4106',NULL,NULL,NULL,NULL,NULL,NULL,NULL,NULL),('410603',NULL,'山城区',NULL,'4106',NULL,NULL,NULL,NULL,NULL,NULL,NULL,NULL),('410611',NULL,'淇滨区',NULL,'4106',NULL,NULL,NULL,NULL,NULL,NULL,NULL,NULL),('410621',NULL,'浚县',NULL,'4106',NULL,NULL,NULL,NULL,NULL,NULL,NULL,NULL),('410622',NULL,'淇县',NULL,'4106',NULL,NULL,NULL,NULL,NULL,NULL,NULL,NULL),('4107',NULL,'新乡市',NULL,'41',NULL,NULL,NULL,NULL,NULL,NULL,NULL,NULL),('410701',NULL,'市辖区',NULL,'4107',NULL,NULL,NULL,NULL,NULL,NULL,NULL,NULL),('410702',NULL,'红旗区',NULL,'4107',NULL,NULL,NULL,NULL,NULL,NULL,NULL,NULL),('410703',NULL,'卫滨区',NULL,'4107',NULL,NULL,NULL,NULL,NULL,NULL,NULL,NULL),('410704',NULL,'凤泉区',NULL,'4107',NULL,NULL,NULL,NULL,NULL,NULL,NULL,NULL),('410711',NULL,'牧野区',NULL,'4107',NULL,NULL,NULL,NULL,NULL,NULL,NULL,NULL),('410721',NULL,'新乡县',NULL,'4107',NULL,NULL,NULL,NULL,NULL,NULL,NULL,NULL),('410724',NULL,'获嘉县',NULL,'4107',NULL,NULL,NULL,NULL,NULL,NULL,NULL,NULL),('410725',NULL,'原阳县',NULL,'4107',NULL,NULL,NULL,NULL,NULL,NULL,NULL,NULL),('410726',NULL,'延津县',NULL,'4107',NULL,NULL,NULL,NULL,NULL,NULL,NULL,NULL),('410727',NULL,'封丘县',NULL,'4107',NULL,NULL,NULL,NULL,NULL,NULL,NULL,NULL),('410728',NULL,'长垣县',NULL,'4107',NULL,NULL,NULL,NULL,NULL,NULL,NULL,NULL),('410781',NULL,'卫辉市',NULL,'4107',NULL,NULL,NULL,NULL,NULL,NULL,NULL,NULL),('410782',NULL,'辉县市',NULL,'4107',NULL,NULL,NULL,NULL,NULL,NULL,NULL,NULL),('4108',NULL,'焦作市',NULL,'41',NULL,NULL,NULL,NULL,NULL,NULL,NULL,NULL),('410801',NULL,'市辖区',NULL,'4108',NULL,NULL,NULL,NULL,NULL,NULL,NULL,NULL),('410802',NULL,'解放区',NULL,'4108',NULL,NULL,NULL,NULL,NULL,NULL,NULL,NULL),('410803',NULL,'中站区',NULL,'4108',NULL,NULL,NULL,NULL,NULL,NULL,NULL,NULL),('410804',NULL,'马村区',NULL,'4108',NULL,NULL,NULL,NULL,NULL,NULL,NULL,NULL),('410811',NULL,'山阳区',NULL,'4108',NULL,NULL,NULL,NULL,NULL,NULL,NULL,NULL),('410821',NULL,'修武县',NULL,'4108',NULL,NULL,NULL,NULL,NULL,NULL,NULL,NULL),('410822',NULL,'博爱县',NULL,'4108',NULL,NULL,NULL,NULL,NULL,NULL,NULL,NULL),('410823',NULL,'武陟县',NULL,'4108',NULL,NULL,NULL,NULL,NULL,NULL,NULL,NULL),('410825',NULL,'温县',NULL,'4108',NULL,NULL,NULL,NULL,NULL,NULL,NULL,NULL),('410882',NULL,'沁阳市',NULL,'4108',NULL,NULL,NULL,NULL,NULL,NULL,NULL,NULL),('410883',NULL,'孟州市',NULL,'4108',NULL,NULL,NULL,NULL,NULL,NULL,NULL,NULL),('4109',NULL,'濮阳市',NULL,'41',NULL,NULL,NULL,NULL,NULL,NULL,NULL,NULL),('410901',NULL,'市辖区',NULL,'4109',NULL,NULL,NULL,NULL,NULL,NULL,NULL,NULL),('410902',NULL,'华龙区',NULL,'4109',NULL,NULL,NULL,NULL,NULL,NULL,NULL,NULL),('410922',NULL,'清丰县',NULL,'4109',NULL,NULL,NULL,NULL,NULL,NULL,NULL,NULL),('410923',NULL,'南乐县',NULL,'4109',NULL,NULL,NULL,NULL,NULL,NULL,NULL,NULL),('410926',NULL,'范县',NULL,'4109',NULL,NULL,NULL,NULL,NULL,NULL,NULL,NULL),('410927',NULL,'台前县',NULL,'4109',NULL,NULL,NULL,NULL,NULL,NULL,NULL,NULL),('410928',NULL,'濮阳县',NULL,'4109',NULL,NULL,NULL,NULL,NULL,NULL,NULL,NULL),('4110',NULL,'许昌市',NULL,'41',NULL,NULL,NULL,NULL,NULL,NULL,NULL,NULL),('411001',NULL,'市辖区',NULL,'4110',NULL,NULL,NULL,NULL,NULL,NULL,NULL,NULL),('411002',NULL,'魏都区',NULL,'4110',NULL,NULL,NULL,NULL,NULL,NULL,NULL,NULL),('411023',NULL,'许昌县',NULL,'4110',NULL,NULL,NULL,NULL,NULL,NULL,NULL,NULL),('411024',NULL,'鄢陵县',NULL,'4110',NULL,NULL,NULL,NULL,NULL,NULL,NULL,NULL),('411025',NULL,'襄城县',NULL,'4110',NULL,NULL,NULL,NULL,NULL,NULL,NULL,NULL),('411081',NULL,'禹州市',NULL,'4110',NULL,NULL,NULL,NULL,NULL,NULL,NULL,NULL),('411082',NULL,'长葛市',NULL,'4110',NULL,NULL,NULL,NULL,NULL,NULL,NULL,NULL),('4111',NULL,'漯河市',NULL,'41',NULL,NULL,NULL,NULL,NULL,NULL,NULL,NULL),('411101',NULL,'市辖区',NULL,'4111',NULL,NULL,NULL,NULL,NULL,NULL,NULL,NULL),('411102',NULL,'源汇区',NULL,'4111',NULL,NULL,NULL,NULL,NULL,NULL,NULL,NULL),('411103',NULL,'郾城区',NULL,'4111',NULL,NULL,NULL,NULL,NULL,NULL,NULL,NULL),('411104',NULL,'召陵区',NULL,'4111',NULL,NULL,NULL,NULL,NULL,NULL,NULL,NULL),('411121',NULL,'舞阳县',NULL,'4111',NULL,NULL,NULL,NULL,NULL,NULL,NULL,NULL),('411122',NULL,'临颍县',NULL,'4111',NULL,NULL,NULL,NULL,NULL,NULL,NULL,NULL),('4112',NULL,'三门峡市',NULL,'41',NULL,NULL,NULL,NULL,NULL,NULL,NULL,NULL),('411201',NULL,'市辖区',NULL,'4112',NULL,NULL,NULL,NULL,NULL,NULL,NULL,NULL),('411202',NULL,'湖滨区',NULL,'4112',NULL,NULL,NULL,NULL,NULL,NULL,NULL,NULL),('411221',NULL,'渑池县',NULL,'4112',NULL,NULL,NULL,NULL,NULL,NULL,NULL,NULL),('411222',NULL,'陕县',NULL,'4112',NULL,NULL,NULL,NULL,NULL,NULL,NULL,NULL),('411224',NULL,'卢氏县',NULL,'4112',NULL,NULL,NULL,NULL,NULL,NULL,NULL,NULL),('411281',NULL,'义马市',NULL,'4112',NULL,NULL,NULL,NULL,NULL,NULL,NULL,NULL),('411282',NULL,'灵宝市',NULL,'4112',NULL,NULL,NULL,NULL,NULL,NULL,NULL,NULL),('4113',NULL,'南阳市',NULL,'41',NULL,NULL,NULL,NULL,NULL,NULL,NULL,NULL),('411301',NULL,'市辖区',NULL,'4113',NULL,NULL,NULL,NULL,NULL,NULL,NULL,NULL),('411302',NULL,'宛城区',NULL,'4113',NULL,NULL,NULL,NULL,NULL,NULL,NULL,NULL),('411303',NULL,'卧龙区',NULL,'4113',NULL,NULL,NULL,NULL,NULL,NULL,NULL,NULL),('411321',NULL,'南召县',NULL,'4113',NULL,NULL,NULL,NULL,NULL,NULL,NULL,NULL),('411322',NULL,'方城县',NULL,'4113',NULL,NULL,NULL,NULL,NULL,NULL,NULL,NULL),('411323',NULL,'西峡县',NULL,'4113',NULL,NULL,NULL,NULL,NULL,NULL,NULL,NULL),('411324',NULL,'镇平县',NULL,'4113',NULL,NULL,NULL,NULL,NULL,NULL,NULL,NULL),('411325',NULL,'内乡县',NULL,'4113',NULL,NULL,NULL,NULL,NULL,NULL,NULL,NULL),('411326',NULL,'淅川县',NULL,'4113',NULL,NULL,NULL,NULL,NULL,NULL,NULL,NULL),('411327',NULL,'社旗县',NULL,'4113',NULL,NULL,NULL,NULL,NULL,NULL,NULL,NULL),('411328',NULL,'唐河县',NULL,'4113',NULL,NULL,NULL,NULL,NULL,NULL,NULL,NULL),('411329',NULL,'新野县',NULL,'4113',NULL,NULL,NULL,NULL,NULL,NULL,NULL,NULL),('411330',NULL,'桐柏县',NULL,'4113',NULL,NULL,NULL,NULL,NULL,NULL,NULL,NULL),('411381',NULL,'邓州市',NULL,'4113',NULL,NULL,NULL,NULL,NULL,NULL,NULL,NULL),('4114',NULL,'商丘市',NULL,'41',NULL,NULL,NULL,NULL,NULL,NULL,NULL,NULL),('411401',NULL,'市辖区',NULL,'4114',NULL,NULL,NULL,NULL,NULL,NULL,NULL,NULL),('411402',NULL,'梁园区',NULL,'4114',NULL,NULL,NULL,NULL,NULL,NULL,NULL,NULL),('411403',NULL,'睢阳区',NULL,'4114',NULL,NULL,NULL,NULL,NULL,NULL,NULL,NULL),('411421',NULL,'民权县',NULL,'4114',NULL,NULL,NULL,NULL,NULL,NULL,NULL,NULL),('411422',NULL,'睢县',NULL,'4114',NULL,NULL,NULL,NULL,NULL,NULL,NULL,NULL),('411423',NULL,'宁陵县',NULL,'4114',NULL,NULL,NULL,NULL,NULL,NULL,NULL,NULL),('411424',NULL,'柘城县',NULL,'4114',NULL,NULL,NULL,NULL,NULL,NULL,NULL,NULL),('411425',NULL,'虞城县',NULL,'4114',NULL,NULL,NULL,NULL,NULL,NULL,NULL,NULL),('411426',NULL,'夏邑县',NULL,'4114',NULL,NULL,NULL,NULL,NULL,NULL,NULL,NULL),('411481',NULL,'永城市',NULL,'4114',NULL,NULL,NULL,NULL,NULL,NULL,NULL,NULL),('4115',NULL,'信阳市',NULL,'41',NULL,NULL,NULL,NULL,NULL,NULL,NULL,NULL),('411501',NULL,'市辖区',NULL,'4115',NULL,NULL,NULL,NULL,NULL,NULL,NULL,NULL),('411502',NULL,'浉河区',NULL,'4115',NULL,NULL,NULL,NULL,NULL,NULL,NULL,NULL),('411503',NULL,'平桥区',NULL,'4115',NULL,NULL,NULL,NULL,NULL,NULL,NULL,NULL),('411521',NULL,'罗山县',NULL,'4115',NULL,NULL,NULL,NULL,NULL,NULL,NULL,NULL),('411522',NULL,'光山县',NULL,'4115',NULL,NULL,NULL,NULL,NULL,NULL,NULL,NULL),('411523',NULL,'新县',NULL,'4115',NULL,NULL,NULL,NULL,NULL,NULL,NULL,NULL),('411524',NULL,'商城县',NULL,'4115',NULL,NULL,NULL,NULL,NULL,NULL,NULL,NULL),('411525',NULL,'固始县',NULL,'4115',NULL,NULL,NULL,NULL,NULL,NULL,NULL,NULL),('411526',NULL,'潢川县',NULL,'4115',NULL,NULL,NULL,NULL,NULL,NULL,NULL,NULL),('411527',NULL,'淮滨县',NULL,'4115',NULL,NULL,NULL,NULL,NULL,NULL,NULL,NULL),('411528',NULL,'息县',NULL,'4115',NULL,NULL,NULL,NULL,NULL,NULL,NULL,NULL),('4116',NULL,'周口市',NULL,'41',NULL,NULL,NULL,NULL,NULL,NULL,NULL,NULL),('411601',NULL,'市辖区',NULL,'4116',NULL,NULL,NULL,NULL,NULL,NULL,NULL,NULL),('411602',NULL,'川汇区',NULL,'4116',NULL,NULL,NULL,NULL,NULL,NULL,NULL,NULL),('411621',NULL,'扶沟县',NULL,'4116',NULL,NULL,NULL,NULL,NULL,NULL,NULL,NULL),('411622',NULL,'西华县',NULL,'4116',NULL,NULL,NULL,NULL,NULL,NULL,NULL,NULL),('411623',NULL,'商水县',NULL,'4116',NULL,NULL,NULL,NULL,NULL,NULL,NULL,NULL),('411624',NULL,'沈丘县',NULL,'4116',NULL,NULL,NULL,NULL,NULL,NULL,NULL,NULL),('411625',NULL,'郸城县',NULL,'4116',NULL,NULL,NULL,NULL,NULL,NULL,NULL,NULL),('411626',NULL,'淮阳县',NULL,'4116',NULL,NULL,NULL,NULL,NULL,NULL,NULL,NULL),('411627',NULL,'太康县',NULL,'4116',NULL,NULL,NULL,NULL,NULL,NULL,NULL,NULL),('411628',NULL,'鹿邑县',NULL,'4116',NULL,NULL,NULL,NULL,NULL,NULL,NULL,NULL),('411681',NULL,'项城市',NULL,'4116',NULL,NULL,NULL,NULL,NULL,NULL,NULL,NULL),('4117',NULL,'驻马店市',NULL,'41',NULL,NULL,NULL,NULL,NULL,NULL,NULL,NULL),('411701',NULL,'市辖区',NULL,'4117',NULL,NULL,NULL,NULL,NULL,NULL,NULL,NULL),('411702',NULL,'驿城区',NULL,'4117',NULL,NULL,NULL,NULL,NULL,NULL,NULL,NULL),('411721',NULL,'西平县',NULL,'4117',NULL,NULL,NULL,NULL,NULL,NULL,NULL,NULL),('411722',NULL,'上蔡县',NULL,'4117',NULL,NULL,NULL,NULL,NULL,NULL,NULL,NULL),('411723',NULL,'平舆县',NULL,'4117',NULL,NULL,NULL,NULL,NULL,NULL,NULL,NULL),('411724',NULL,'正阳县',NULL,'4117',NULL,NULL,NULL,NULL,NULL,NULL,NULL,NULL),('411725',NULL,'确山县',NULL,'4117',NULL,NULL,NULL,NULL,NULL,NULL,NULL,NULL),('411726',NULL,'泌阳县',NULL,'4117',NULL,NULL,NULL,NULL,NULL,NULL,NULL,NULL),('411727',NULL,'汝南县',NULL,'4117',NULL,NULL,NULL,NULL,NULL,NULL,NULL,NULL),('411728',NULL,'遂平县',NULL,'4117',NULL,NULL,NULL,NULL,NULL,NULL,NULL,NULL),('411729',NULL,'新蔡县',NULL,'4117',NULL,NULL,NULL,NULL,NULL,NULL,NULL,NULL),('4190',NULL,'省直辖县级行政区划',NULL,'41',NULL,NULL,NULL,NULL,NULL,NULL,NULL,NULL),('419001',NULL,'济源市',NULL,'4190',NULL,NULL,NULL,NULL,NULL,NULL,NULL,NULL),('42',NULL,'湖北省',NULL,NULL,NULL,NULL,NULL,NULL,NULL,NULL,NULL,NULL),('4201',NULL,'武汉市',NULL,'42',NULL,NULL,NULL,NULL,NULL,NULL,NULL,NULL),('420101',NULL,'市辖区',NULL,'4201',NULL,NULL,NULL,NULL,NULL,NULL,NULL,NULL),('420102',NULL,'江岸区',NULL,'4201',NULL,NULL,NULL,NULL,NULL,NULL,NULL,NULL),('420103',NULL,'江汉区',NULL,'4201',NULL,NULL,NULL,NULL,NULL,NULL,NULL,NULL),('420104',NULL,'硚口区',NULL,'4201',NULL,NULL,NULL,NULL,NULL,NULL,NULL,NULL),('420105',NULL,'汉阳区',NULL,'4201',NULL,NULL,NULL,NULL,NULL,NULL,NULL,NULL),('420106',NULL,'武昌区',NULL,'4201',NULL,NULL,NULL,NULL,NULL,NULL,NULL,NULL),('420107',NULL,'青山区',NULL,'4201',NULL,NULL,NULL,NULL,NULL,NULL,NULL,NULL),('420111',NULL,'洪山区',NULL,'4201',NULL,NULL,NULL,NULL,NULL,NULL,NULL,NULL),('420112',NULL,'东西湖区',NULL,'4201',NULL,NULL,NULL,NULL,NULL,NULL,NULL,NULL),('420113',NULL,'汉南区',NULL,'4201',NULL,NULL,NULL,NULL,NULL,NULL,NULL,NULL),('420114',NULL,'蔡甸区',NULL,'4201',NULL,NULL,NULL,NULL,NULL,NULL,NULL,NULL),('420115',NULL,'江夏区',NULL,'4201',NULL,NULL,NULL,NULL,NULL,NULL,NULL,NULL),('420116',NULL,'黄陂区',NULL,'4201',NULL,NULL,NULL,NULL,NULL,NULL,NULL,NULL),('420117',NULL,'新洲区',NULL,'4201',NULL,NULL,NULL,NULL,NULL,NULL,NULL,NULL),('4202',NULL,'黄石市',NULL,'42',NULL,NULL,NULL,NULL,NULL,NULL,NULL,NULL),('420201',NULL,'市辖区',NULL,'4202',NULL,NULL,NULL,NULL,NULL,NULL,NULL,NULL),('420202',NULL,'黄石港区',NULL,'4202',NULL,NULL,NULL,NULL,NULL,NULL,NULL,NULL),('420203',NULL,'西塞山区',NULL,'4202',NULL,NULL,NULL,NULL,NULL,NULL,NULL,NULL),('420204',NULL,'下陆区',NULL,'4202',NULL,NULL,NULL,NULL,NULL,NULL,NULL,NULL),('420205',NULL,'铁山区',NULL,'4202',NULL,NULL,NULL,NULL,NULL,NULL,NULL,NULL),('420222',NULL,'阳新县',NULL,'4202',NULL,NULL,NULL,NULL,NULL,NULL,NULL,NULL),('420281',NULL,'大冶市',NULL,'4202',NULL,NULL,NULL,NULL,NULL,NULL,NULL,NULL),('4203',NULL,'十堰市',NULL,'42',NULL,NULL,NULL,NULL,NULL,NULL,NULL,NULL),('420301',NULL,'市辖区',NULL,'4203',NULL,NULL,NULL,NULL,NULL,NULL,NULL,NULL),('420302',NULL,'茅箭区',NULL,'4203',NULL,NULL,NULL,NULL,NULL,NULL,NULL,NULL),('420303',NULL,'张湾区',NULL,'4203',NULL,NULL,NULL,NULL,NULL,NULL,NULL,NULL),('420321',NULL,'郧县',NULL,'4203',NULL,NULL,NULL,NULL,NULL,NULL,NULL,NULL),('420322',NULL,'郧西县',NULL,'4203',NULL,NULL,NULL,NULL,NULL,NULL,NULL,NULL),('420323',NULL,'竹山县',NULL,'4203',NULL,NULL,NULL,NULL,NULL,NULL,NULL,NULL),('420324',NULL,'竹溪县',NULL,'4203',NULL,NULL,NULL,NULL,NULL,NULL,NULL,NULL),('420325',NULL,'房县',NULL,'4203',NULL,NULL,NULL,NULL,NULL,NULL,NULL,NULL),('420381',NULL,'丹江口市',NULL,'4203',NULL,NULL,NULL,NULL,NULL,NULL,NULL,NULL),('4205',NULL,'宜昌市',NULL,'42',NULL,NULL,NULL,NULL,NULL,NULL,NULL,NULL),('420501',NULL,'市辖区',NULL,'4205',NULL,NULL,NULL,NULL,NULL,NULL,NULL,NULL),('420502',NULL,'西陵区',NULL,'4205',NULL,NULL,NULL,NULL,NULL,NULL,NULL,NULL),('420503',NULL,'伍家岗区',NULL,'4205',NULL,NULL,NULL,NULL,NULL,NULL,NULL,NULL),('420504',NULL,'点军区',NULL,'4205',NULL,NULL,NULL,NULL,NULL,NULL,NULL,NULL),('420505',NULL,'猇亭区',NULL,'4205',NULL,NULL,NULL,NULL,NULL,NULL,NULL,NULL),('420506',NULL,'夷陵区',NULL,'4205',NULL,NULL,NULL,NULL,NULL,NULL,NULL,NULL),('420525',NULL,'远安县',NULL,'4205',NULL,NULL,NULL,NULL,NULL,NULL,NULL,NULL),('420526',NULL,'兴山县',NULL,'4205',NULL,NULL,NULL,NULL,NULL,NULL,NULL,NULL),('420527',NULL,'秭归县',NULL,'4205',NULL,NULL,NULL,NULL,NULL,NULL,NULL,NULL),('420528',NULL,'长阳土家族自治县',NULL,'4205',NULL,NULL,NULL,NULL,NULL,NULL,NULL,NULL),('420529',NULL,'五峰土家族自治县',NULL,'4205',NULL,NULL,NULL,NULL,NULL,NULL,NULL,NULL),('420581',NULL,'宜都市',NULL,'4205',NULL,NULL,NULL,NULL,NULL,NULL,NULL,NULL),('420582',NULL,'当阳市',NULL,'4205',NULL,NULL,NULL,NULL,NULL,NULL,NULL,NULL),('420583',NULL,'枝江市',NULL,'4205',NULL,NULL,NULL,NULL,NULL,NULL,NULL,NULL),('4206',NULL,'襄阳市',NULL,'42',NULL,NULL,NULL,NULL,NULL,NULL,NULL,NULL),('420601',NULL,'市辖区',NULL,'4206',NULL,NULL,NULL,NULL,NULL,NULL,NULL,NULL),('420602',NULL,'襄城区',NULL,'4206',NULL,NULL,NULL,NULL,NULL,NULL,NULL,NULL),('420606',NULL,'樊城区',NULL,'4206',NULL,NULL,NULL,NULL,NULL,NULL,NULL,NULL),('420607',NULL,'襄州区',NULL,'4206',NULL,NULL,NULL,NULL,NULL,NULL,NULL,NULL),('420624',NULL,'南漳县',NULL,'4206',NULL,NULL,NULL,NULL,NULL,NULL,NULL,NULL),('420625',NULL,'谷城县',NULL,'4206',NULL,NULL,NULL,NULL,NULL,NULL,NULL,NULL),('420626',NULL,'保康县',NULL,'4206',NULL,NULL,NULL,NULL,NULL,NULL,NULL,NULL),('420682',NULL,'老河口市',NULL,'4206',NULL,NULL,NULL,NULL,NULL,NULL,NULL,NULL),('420683',NULL,'枣阳市',NULL,'4206',NULL,NULL,NULL,NULL,NULL,NULL,NULL,NULL),('420684',NULL,'宜城市',NULL,'4206',NULL,NULL,NULL,NULL,NULL,NULL,NULL,NULL),('4207',NULL,'鄂州市',NULL,'42',NULL,NULL,NULL,NULL,NULL,NULL,NULL,NULL),('420701',NULL,'市辖区',NULL,'4207',NULL,NULL,NULL,NULL,NULL,NULL,NULL,NULL),('420702',NULL,'梁子湖区',NULL,'4207',NULL,NULL,NULL,NULL,NULL,NULL,NULL,NULL),('420703',NULL,'华容区',NULL,'4207',NULL,NULL,NULL,NULL,NULL,NULL,NULL,NULL),('420704',NULL,'鄂城区',NULL,'4207',NULL,NULL,NULL,NULL,NULL,NULL,NULL,NULL),('4208',NULL,'荆门市',NULL,'42',NULL,NULL,NULL,NULL,NULL,NULL,NULL,NULL),('420801',NULL,'市辖区',NULL,'4208',NULL,NULL,NULL,NULL,NULL,NULL,NULL,NULL),('420802',NULL,'东宝区',NULL,'4208',NULL,NULL,NULL,NULL,NULL,NULL,NULL,NULL),('420804',NULL,'掇刀区',NULL,'4208',NULL,NULL,NULL,NULL,NULL,NULL,NULL,NULL),('420821',NULL,'京山县',NULL,'4208',NULL,NULL,NULL,NULL,NULL,NULL,NULL,NULL),('420822',NULL,'沙洋县',NULL,'4208',NULL,NULL,NULL,NULL,NULL,NULL,NULL,NULL),('420881',NULL,'钟祥市',NULL,'4208',NULL,NULL,NULL,NULL,NULL,NULL,NULL,NULL),('4209',NULL,'孝感市',NULL,'42',NULL,NULL,NULL,NULL,NULL,NULL,NULL,NULL),('420901',NULL,'市辖区',NULL,'4209',NULL,NULL,NULL,NULL,NULL,NULL,NULL,NULL),('420902',NULL,'孝南区',NULL,'4209',NULL,NULL,NULL,NULL,NULL,NULL,NULL,NULL),('420921',NULL,'孝昌县',NULL,'4209',NULL,NULL,NULL,NULL,NULL,NULL,NULL,NULL),('420922',NULL,'大悟县',NULL,'4209',NULL,NULL,NULL,NULL,NULL,NULL,NULL,NULL),('420923',NULL,'云梦县',NULL,'4209',NULL,NULL,NULL,NULL,NULL,NULL,NULL,NULL),('420981',NULL,'应城市',NULL,'4209',NULL,NULL,NULL,NULL,NULL,NULL,NULL,NULL),('420982',NULL,'安陆市',NULL,'4209',NULL,NULL,NULL,NULL,NULL,NULL,NULL,NULL),('420984',NULL,'汉川市',NULL,'4209',NULL,NULL,NULL,NULL,NULL,NULL,NULL,NULL),('4210',NULL,'荆州市',NULL,'42',NULL,NULL,NULL,NULL,NULL,NULL,NULL,NULL),('421001',NULL,'市辖区',NULL,'4210',NULL,NULL,NULL,NULL,NULL,NULL,NULL,NULL),('421002',NULL,'沙市区',NULL,'4210',NULL,NULL,NULL,NULL,NULL,NULL,NULL,NULL),('421003',NULL,'荆州区',NULL,'4210',NULL,NULL,NULL,NULL,NULL,NULL,NULL,NULL),('421022',NULL,'公安县',NULL,'4210',NULL,NULL,NULL,NULL,NULL,NULL,NULL,NULL),('421023',NULL,'监利县',NULL,'4210',NULL,NULL,NULL,NULL,NULL,NULL,NULL,NULL),('421024',NULL,'江陵县',NULL,'4210',NULL,NULL,NULL,NULL,NULL,NULL,NULL,NULL),('421081',NULL,'石首市',NULL,'4210',NULL,NULL,NULL,NULL,NULL,NULL,NULL,NULL),('421083',NULL,'洪湖市',NULL,'4210',NULL,NULL,NULL,NULL,NULL,NULL,NULL,NULL),('421087',NULL,'松滋市',NULL,'4210',NULL,NULL,NULL,NULL,NULL,NULL,NULL,NULL),('4211',NULL,'黄冈市',NULL,'42',NULL,NULL,NULL,NULL,NULL,NULL,NULL,NULL),('421101',NULL,'市辖区',NULL,'4211',NULL,NULL,NULL,NULL,NULL,NULL,NULL,NULL),('421102',NULL,'黄州区',NULL,'4211',NULL,NULL,NULL,NULL,NULL,NULL,NULL,NULL),('421121',NULL,'团风县',NULL,'4211',NULL,NULL,NULL,NULL,NULL,NULL,NULL,NULL),('421122',NULL,'红安县',NULL,'4211',NULL,NULL,NULL,NULL,NULL,NULL,NULL,NULL),('421123',NULL,'罗田县',NULL,'4211',NULL,NULL,NULL,NULL,NULL,NULL,NULL,NULL),('421124',NULL,'英山县',NULL,'4211',NULL,NULL,NULL,NULL,NULL,NULL,NULL,NULL),('421125',NULL,'浠水县',NULL,'4211',NULL,NULL,NULL,NULL,NULL,NULL,NULL,NULL),('421126',NULL,'蕲春县',NULL,'4211',NULL,NULL,NULL,NULL,NULL,NULL,NULL,NULL),('421127',NULL,'黄梅县',NULL,'4211',NULL,NULL,NULL,NULL,NULL,NULL,NULL,NULL),('421181',NULL,'麻城市',NULL,'4211',NULL,NULL,NULL,NULL,NULL,NULL,NULL,NULL),('421182',NULL,'武穴市',NULL,'4211',NULL,NULL,NULL,NULL,NULL,NULL,NULL,NULL),('4212',NULL,'咸宁市',NULL,'42',NULL,NULL,NULL,NULL,NULL,NULL,NULL,NULL),('421201',NULL,'市辖区',NULL,'4212',NULL,NULL,NULL,NULL,NULL,NULL,NULL,NULL),('421202',NULL,'咸安区',NULL,'4212',NULL,NULL,NULL,NULL,NULL,NULL,NULL,NULL),('421221',NULL,'嘉鱼县',NULL,'4212',NULL,NULL,NULL,NULL,NULL,NULL,NULL,NULL),('421222',NULL,'通城县',NULL,'4212',NULL,NULL,NULL,NULL,NULL,NULL,NULL,NULL),('421223',NULL,'崇阳县',NULL,'4212',NULL,NULL,NULL,NULL,NULL,NULL,NULL,NULL),('421224',NULL,'通山县',NULL,'4212',NULL,NULL,NULL,NULL,NULL,NULL,NULL,NULL),('421281',NULL,'赤壁市',NULL,'4212',NULL,NULL,NULL,NULL,NULL,NULL,NULL,NULL),('4213',NULL,'随州市',NULL,'42',NULL,NULL,NULL,NULL,NULL,NULL,NULL,NULL),('421301',NULL,'市辖区',NULL,'4213',NULL,NULL,NULL,NULL,NULL,NULL,NULL,NULL),('421303',NULL,'曾都区',NULL,'4213',NULL,NULL,NULL,NULL,NULL,NULL,NULL,NULL),('421321',NULL,'随县',NULL,'4213',NULL,NULL,NULL,NULL,NULL,NULL,NULL,NULL),('421381',NULL,'广水市',NULL,'4213',NULL,NULL,NULL,NULL,NULL,NULL,NULL,NULL),('4228',NULL,'恩施土家族苗族自治州',NULL,'42',NULL,NULL,NULL,NULL,NULL,NULL,NULL,NULL),('422801',NULL,'恩施市',NULL,'4228',NULL,NULL,NULL,NULL,NULL,NULL,NULL,NULL),('422802',NULL,'利川市',NULL,'4228',NULL,NULL,NULL,NULL,NULL,NULL,NULL,NULL),('422822',NULL,'建始县',NULL,'4228',NULL,NULL,NULL,NULL,NULL,NULL,NULL,NULL),('422823',NULL,'巴东县',NULL,'4228',NULL,NULL,NULL,NULL,NULL,NULL,NULL,NULL),('422825',NULL,'宣恩县',NULL,'4228',NULL,NULL,NULL,NULL,NULL,NULL,NULL,NULL),('422826',NULL,'咸丰县',NULL,'4228',NULL,NULL,NULL,NULL,NULL,NULL,NULL,NULL),('422827',NULL,'来凤县',NULL,'4228',NULL,NULL,NULL,NULL,NULL,NULL,NULL,NULL),('422828',NULL,'鹤峰县',NULL,'4228',NULL,NULL,NULL,NULL,NULL,NULL,NULL,NULL),('4290',NULL,'省直辖县级行政区划',NULL,'42',NULL,NULL,NULL,NULL,NULL,NULL,NULL,NULL),('429004',NULL,'仙桃市',NULL,'4290',NULL,NULL,NULL,NULL,NULL,NULL,NULL,NULL),('429005',NULL,'潜江市',NULL,'4290',NULL,NULL,NULL,NULL,NULL,NULL,NULL,NULL),('429006',NULL,'天门市',NULL,'4290',NULL,NULL,NULL,NULL,NULL,NULL,NULL,NULL),('429021',NULL,'神农架林区',NULL,'4290',NULL,NULL,NULL,NULL,NULL,NULL,NULL,NULL),('43',NULL,'湖南省',NULL,NULL,NULL,NULL,NULL,NULL,NULL,NULL,NULL,NULL),('4301',NULL,'长沙市',NULL,'43',NULL,NULL,NULL,NULL,NULL,NULL,NULL,NULL),('430101',NULL,'市辖区',NULL,'4301',NULL,NULL,NULL,NULL,NULL,NULL,NULL,NULL),('430102',NULL,'芙蓉区',NULL,'4301',NULL,NULL,NULL,NULL,NULL,NULL,NULL,NULL),('430103',NULL,'天心区',NULL,'4301',NULL,NULL,NULL,NULL,NULL,NULL,NULL,NULL),('430104',NULL,'岳麓区',NULL,'4301',NULL,NULL,NULL,NULL,NULL,NULL,NULL,NULL),('430105',NULL,'开福区',NULL,'4301',NULL,NULL,NULL,NULL,NULL,NULL,NULL,NULL),('430111',NULL,'雨花区',NULL,'4301',NULL,NULL,NULL,NULL,NULL,NULL,NULL,NULL),('430112',NULL,'望城区',NULL,'4301',NULL,NULL,NULL,NULL,NULL,NULL,NULL,NULL),('430121',NULL,'长沙县',NULL,'4301',NULL,NULL,NULL,NULL,NULL,NULL,NULL,NULL),('430124',NULL,'宁乡县',NULL,'4301',NULL,NULL,NULL,NULL,NULL,NULL,NULL,NULL),('430181',NULL,'浏阳市',NULL,'4301',NULL,NULL,NULL,NULL,NULL,NULL,NULL,NULL),('4302',NULL,'株洲市',NULL,'43',NULL,NULL,NULL,NULL,NULL,NULL,NULL,NULL),('430201',NULL,'市辖区',NULL,'4302',NULL,NULL,NULL,NULL,NULL,NULL,NULL,NULL),('430202',NULL,'荷塘区',NULL,'4302',NULL,NULL,NULL,NULL,NULL,NULL,NULL,NULL),('430203',NULL,'芦淞区',NULL,'4302',NULL,NULL,NULL,NULL,NULL,NULL,NULL,NULL),('430204',NULL,'石峰区',NULL,'4302',NULL,NULL,NULL,NULL,NULL,NULL,NULL,NULL),('430211',NULL,'天元区',NULL,'4302',NULL,NULL,NULL,NULL,NULL,NULL,NULL,NULL),('430221',NULL,'株洲县',NULL,'4302',NULL,NULL,NULL,NULL,NULL,NULL,NULL,NULL),('430223',NULL,'攸县',NULL,'4302',NULL,NULL,NULL,NULL,NULL,NULL,NULL,NULL),('430224',NULL,'茶陵县',NULL,'4302',NULL,NULL,NULL,NULL,NULL,NULL,NULL,NULL),('430225',NULL,'炎陵县',NULL,'4302',NULL,NULL,NULL,NULL,NULL,NULL,NULL,NULL),('430281',NULL,'醴陵市',NULL,'4302',NULL,NULL,NULL,NULL,NULL,NULL,NULL,NULL),('4303',NULL,'湘潭市',NULL,'43',NULL,NULL,NULL,NULL,NULL,NULL,NULL,NULL),('430301',NULL,'市辖区',NULL,'4303',NULL,NULL,NULL,NULL,NULL,NULL,NULL,NULL),('430302',NULL,'雨湖区',NULL,'4303',NULL,NULL,NULL,NULL,NULL,NULL,NULL,NULL),('430304',NULL,'岳塘区',NULL,'4303',NULL,NULL,NULL,NULL,NULL,NULL,NULL,NULL),('430321',NULL,'湘潭县',NULL,'4303',NULL,NULL,NULL,NULL,NULL,NULL,NULL,NULL),('430381',NULL,'湘乡市',NULL,'4303',NULL,NULL,NULL,NULL,NULL,NULL,NULL,NULL),('430382',NULL,'韶山市',NULL,'4303',NULL,NULL,NULL,NULL,NULL,NULL,NULL,NULL),('4304',NULL,'衡阳市',NULL,'43',NULL,NULL,NULL,NULL,NULL,NULL,NULL,NULL),('430401',NULL,'市辖区',NULL,'4304',NULL,NULL,NULL,NULL,NULL,NULL,NULL,NULL),('430405',NULL,'珠晖区',NULL,'4304',NULL,NULL,NULL,NULL,NULL,NULL,NULL,NULL),('430406',NULL,'雁峰区',NULL,'4304',NULL,NULL,NULL,NULL,NULL,NULL,NULL,NULL),('430407',NULL,'石鼓区',NULL,'4304',NULL,NULL,NULL,NULL,NULL,NULL,NULL,NULL),('430408',NULL,'蒸湘区',NULL,'4304',NULL,NULL,NULL,NULL,NULL,NULL,NULL,NULL),('430412',NULL,'南岳区',NULL,'4304',NULL,NULL,NULL,NULL,NULL,NULL,NULL,NULL),('430421',NULL,'衡阳县',NULL,'4304',NULL,NULL,NULL,NULL,NULL,NULL,NULL,NULL),('430422',NULL,'衡南县',NULL,'4304',NULL,NULL,NULL,NULL,NULL,NULL,NULL,NULL),('430423',NULL,'衡山县',NULL,'4304',NULL,NULL,NULL,NULL,NULL,NULL,NULL,NULL),('430424',NULL,'衡东县',NULL,'4304',NULL,NULL,NULL,NULL,NULL,NULL,NULL,NULL),('430426',NULL,'祁东县',NULL,'4304',NULL,NULL,NULL,NULL,NULL,NULL,NULL,NULL),('430481',NULL,'耒阳市',NULL,'4304',NULL,NULL,NULL,NULL,NULL,NULL,NULL,NULL),('430482',NULL,'常宁市',NULL,'4304',NULL,NULL,NULL,NULL,NULL,NULL,NULL,NULL),('4305',NULL,'邵阳市',NULL,'43',NULL,NULL,NULL,NULL,NULL,NULL,NULL,NULL),('430501',NULL,'市辖区',NULL,'4305',NULL,NULL,NULL,NULL,NULL,NULL,NULL,NULL),('430502',NULL,'双清区',NULL,'4305',NULL,NULL,NULL,NULL,NULL,NULL,NULL,NULL),('430503',NULL,'大祥区',NULL,'4305',NULL,NULL,NULL,NULL,NULL,NULL,NULL,NULL),('430511',NULL,'北塔区',NULL,'4305',NULL,NULL,NULL,NULL,NULL,NULL,NULL,NULL),('430521',NULL,'邵东县',NULL,'4305',NULL,NULL,NULL,NULL,NULL,NULL,NULL,NULL),('430522',NULL,'新邵县',NULL,'4305',NULL,NULL,NULL,NULL,NULL,NULL,NULL,NULL),('430523',NULL,'邵阳县',NULL,'4305',NULL,NULL,NULL,NULL,NULL,NULL,NULL,NULL),('430524',NULL,'隆回县',NULL,'4305',NULL,NULL,NULL,NULL,NULL,NULL,NULL,NULL),('430525',NULL,'洞口县',NULL,'4305',NULL,NULL,NULL,NULL,NULL,NULL,NULL,NULL),('430527',NULL,'绥宁县',NULL,'4305',NULL,NULL,NULL,NULL,NULL,NULL,NULL,NULL),('430528',NULL,'新宁县',NULL,'4305',NULL,NULL,NULL,NULL,NULL,NULL,NULL,NULL),('430529',NULL,'城步苗族自治县',NULL,'4305',NULL,NULL,NULL,NULL,NULL,NULL,NULL,NULL),('430581',NULL,'武冈市',NULL,'4305',NULL,NULL,NULL,NULL,NULL,NULL,NULL,NULL),('4306',NULL,'岳阳市',NULL,'43',NULL,NULL,NULL,NULL,NULL,NULL,NULL,NULL),('430601',NULL,'市辖区',NULL,'4306',NULL,NULL,NULL,NULL,NULL,NULL,NULL,NULL),('430602',NULL,'岳阳楼区',NULL,'4306',NULL,NULL,NULL,NULL,NULL,NULL,NULL,NULL),('430603',NULL,'云溪区',NULL,'4306',NULL,NULL,NULL,NULL,NULL,NULL,NULL,NULL),('430611',NULL,'君山区',NULL,'4306',NULL,NULL,NULL,NULL,NULL,NULL,NULL,NULL),('430621',NULL,'岳阳县',NULL,'4306',NULL,NULL,NULL,NULL,NULL,NULL,NULL,NULL),('430623',NULL,'华容县',NULL,'4306',NULL,NULL,NULL,NULL,NULL,NULL,NULL,NULL),('430624',NULL,'湘阴县',NULL,'4306',NULL,NULL,NULL,NULL,NULL,NULL,NULL,NULL),('430626',NULL,'平江县',NULL,'4306',NULL,NULL,NULL,NULL,NULL,NULL,NULL,NULL),('430681',NULL,'汨罗市',NULL,'4306',NULL,NULL,NULL,NULL,NULL,NULL,NULL,NULL),('430682',NULL,'临湘市',NULL,'4306',NULL,NULL,NULL,NULL,NULL,NULL,NULL,NULL),('4307',NULL,'常德市',NULL,'43',NULL,NULL,NULL,NULL,NULL,NULL,NULL,NULL),('430701',NULL,'市辖区',NULL,'4307',NULL,NULL,NULL,NULL,NULL,NULL,NULL,NULL),('430702',NULL,'武陵区',NULL,'4307',NULL,NULL,NULL,NULL,NULL,NULL,NULL,NULL),('430703',NULL,'鼎城区',NULL,'4307',NULL,NULL,NULL,NULL,NULL,NULL,NULL,NULL),('430721',NULL,'安乡县',NULL,'4307',NULL,NULL,NULL,NULL,NULL,NULL,NULL,NULL),('430722',NULL,'汉寿县',NULL,'4307',NULL,NULL,NULL,NULL,NULL,NULL,NULL,NULL),('430723',NULL,'澧县',NULL,'4307',NULL,NULL,NULL,NULL,NULL,NULL,NULL,NULL),('430724',NULL,'临澧县',NULL,'4307',NULL,NULL,NULL,NULL,NULL,NULL,NULL,NULL),('430725',NULL,'桃源县',NULL,'4307',NULL,NULL,NULL,NULL,NULL,NULL,NULL,NULL),('430726',NULL,'石门县',NULL,'4307',NULL,NULL,NULL,NULL,NULL,NULL,NULL,NULL),('430781',NULL,'津市市',NULL,'4307',NULL,NULL,NULL,NULL,NULL,NULL,NULL,NULL),('4308',NULL,'张家界市',NULL,'43',NULL,NULL,NULL,NULL,NULL,NULL,NULL,NULL),('430801',NULL,'市辖区',NULL,'4308',NULL,NULL,NULL,NULL,NULL,NULL,NULL,NULL),('430802',NULL,'永定区',NULL,'4308',NULL,NULL,NULL,NULL,NULL,NULL,NULL,NULL),('430811',NULL,'武陵源区',NULL,'4308',NULL,NULL,NULL,NULL,NULL,NULL,NULL,NULL),('430821',NULL,'慈利县',NULL,'4308',NULL,NULL,NULL,NULL,NULL,NULL,NULL,NULL),('430822',NULL,'桑植县',NULL,'4308',NULL,NULL,NULL,NULL,NULL,NULL,NULL,NULL),('4309',NULL,'益阳市',NULL,'43',NULL,NULL,NULL,NULL,NULL,NULL,NULL,NULL),('430901',NULL,'市辖区',NULL,'4309',NULL,NULL,NULL,NULL,NULL,NULL,NULL,NULL),('430902',NULL,'资阳区',NULL,'4309',NULL,NULL,NULL,NULL,NULL,NULL,NULL,NULL),('430903',NULL,'赫山区',NULL,'4309',NULL,NULL,NULL,NULL,NULL,NULL,NULL,NULL),('430921',NULL,'南县',NULL,'4309',NULL,NULL,NULL,NULL,NULL,NULL,NULL,NULL),('430922',NULL,'桃江县',NULL,'4309',NULL,NULL,NULL,NULL,NULL,NULL,NULL,NULL),('430923',NULL,'安化县',NULL,'4309',NULL,NULL,NULL,NULL,NULL,NULL,NULL,NULL),('430981',NULL,'沅江市',NULL,'4309',NULL,NULL,NULL,NULL,NULL,NULL,NULL,NULL),('4310',NULL,'郴州市',NULL,'43',NULL,NULL,NULL,NULL,NULL,NULL,NULL,NULL),('431001',NULL,'市辖区',NULL,'4310',NULL,NULL,NULL,NULL,NULL,NULL,NULL,NULL),('431002',NULL,'北湖区',NULL,'4310',NULL,NULL,NULL,NULL,NULL,NULL,NULL,NULL),('431003',NULL,'苏仙区',NULL,'4310',NULL,NULL,NULL,NULL,NULL,NULL,NULL,NULL),('431021',NULL,'桂阳县',NULL,'4310',NULL,NULL,NULL,NULL,NULL,NULL,NULL,NULL),('431022',NULL,'宜章县',NULL,'4310',NULL,NULL,NULL,NULL,NULL,NULL,NULL,NULL),('431023',NULL,'永兴县',NULL,'4310',NULL,NULL,NULL,NULL,NULL,NULL,NULL,NULL),('431024',NULL,'嘉禾县',NULL,'4310',NULL,NULL,NULL,NULL,NULL,NULL,NULL,NULL),('431025',NULL,'临武县',NULL,'4310',NULL,NULL,NULL,NULL,NULL,NULL,NULL,NULL),('431026',NULL,'汝城县',NULL,'4310',NULL,NULL,NULL,NULL,NULL,NULL,NULL,NULL),('431027',NULL,'桂东县',NULL,'4310',NULL,NULL,NULL,NULL,NULL,NULL,NULL,NULL),('431028',NULL,'安仁县',NULL,'4310',NULL,NULL,NULL,NULL,NULL,NULL,NULL,NULL),('431081',NULL,'资兴市',NULL,'4310',NULL,NULL,NULL,NULL,NULL,NULL,NULL,NULL),('4311',NULL,'永州市',NULL,'43',NULL,NULL,NULL,NULL,NULL,NULL,NULL,NULL),('431101',NULL,'市辖区',NULL,'4311',NULL,NULL,NULL,NULL,NULL,NULL,NULL,NULL),('431102',NULL,'零陵区',NULL,'4311',NULL,NULL,NULL,NULL,NULL,NULL,NULL,NULL),('431103',NULL,'冷水滩区',NULL,'4311',NULL,NULL,NULL,NULL,NULL,NULL,NULL,NULL),('431121',NULL,'祁阳县',NULL,'4311',NULL,NULL,NULL,NULL,NULL,NULL,NULL,NULL),('431122',NULL,'东安县',NULL,'4311',NULL,NULL,NULL,NULL,NULL,NULL,NULL,NULL),('431123',NULL,'双牌县',NULL,'4311',NULL,NULL,NULL,NULL,NULL,NULL,NULL,NULL),('431124',NULL,'道县',NULL,'4311',NULL,NULL,NULL,NULL,NULL,NULL,NULL,NULL),('431125',NULL,'江永县',NULL,'4311',NULL,NULL,NULL,NULL,NULL,NULL,NULL,NULL),('431126',NULL,'宁远县',NULL,'4311',NULL,NULL,NULL,NULL,NULL,NULL,NULL,NULL),('431127',NULL,'蓝山县',NULL,'4311',NULL,NULL,NULL,NULL,NULL,NULL,NULL,NULL),('431128',NULL,'新田县',NULL,'4311',NULL,NULL,NULL,NULL,NULL,NULL,NULL,NULL),('431129',NULL,'江华瑶族自治县',NULL,'4311',NULL,NULL,NULL,NULL,NULL,NULL,NULL,NULL),('4312',NULL,'怀化市',NULL,'43',NULL,NULL,NULL,NULL,NULL,NULL,NULL,NULL),('431201',NULL,'市辖区',NULL,'4312',NULL,NULL,NULL,NULL,NULL,NULL,NULL,NULL),('431202',NULL,'鹤城区',NULL,'4312',NULL,NULL,NULL,NULL,NULL,NULL,NULL,NULL),('431221',NULL,'中方县',NULL,'4312',NULL,NULL,NULL,NULL,NULL,NULL,NULL,NULL),('431222',NULL,'沅陵县',NULL,'4312',NULL,NULL,NULL,NULL,NULL,NULL,NULL,NULL),('431223',NULL,'辰溪县',NULL,'4312',NULL,NULL,NULL,NULL,NULL,NULL,NULL,NULL),('431224',NULL,'溆浦县',NULL,'4312',NULL,NULL,NULL,NULL,NULL,NULL,NULL,NULL),('431225',NULL,'会同县',NULL,'4312',NULL,NULL,NULL,NULL,NULL,NULL,NULL,NULL),('431226',NULL,'麻阳苗族自治县',NULL,'4312',NULL,NULL,NULL,NULL,NULL,NULL,NULL,NULL),('431227',NULL,'新晃侗族自治县',NULL,'4312',NULL,NULL,NULL,NULL,NULL,NULL,NULL,NULL),('431228',NULL,'芷江侗族自治县',NULL,'4312',NULL,NULL,NULL,NULL,NULL,NULL,NULL,NULL),('431229',NULL,'靖州苗族侗族自治县',NULL,'4312',NULL,NULL,NULL,NULL,NULL,NULL,NULL,NULL),('431230',NULL,'通道侗族自治县',NULL,'4312',NULL,NULL,NULL,NULL,NULL,NULL,NULL,NULL),('431281',NULL,'洪江市',NULL,'4312',NULL,NULL,NULL,NULL,NULL,NULL,NULL,NULL),('4313',NULL,'娄底市',NULL,'43',NULL,NULL,NULL,NULL,NULL,NULL,NULL,NULL),('431301',NULL,'市辖区',NULL,'4313',NULL,NULL,NULL,NULL,NULL,NULL,NULL,NULL),('431302',NULL,'娄星区',NULL,'4313',NULL,NULL,NULL,NULL,NULL,NULL,NULL,NULL),('431321',NULL,'双峰县',NULL,'4313',NULL,NULL,NULL,NULL,NULL,NULL,NULL,NULL),('431322',NULL,'新化县',NULL,'4313',NULL,NULL,NULL,NULL,NULL,NULL,NULL,NULL),('431381',NULL,'冷水江市',NULL,'4313',NULL,NULL,NULL,NULL,NULL,NULL,NULL,NULL),('431382',NULL,'涟源市',NULL,'4313',NULL,NULL,NULL,NULL,NULL,NULL,NULL,NULL),('4331',NULL,'湘西土家族苗族自治州',NULL,'43',NULL,NULL,NULL,NULL,NULL,NULL,NULL,NULL),('433101',NULL,'吉首市',NULL,'4331',NULL,NULL,NULL,NULL,NULL,NULL,NULL,NULL),('433122',NULL,'泸溪县',NULL,'4331',NULL,NULL,NULL,NULL,NULL,NULL,NULL,NULL),('433123',NULL,'凤凰县',NULL,'4331',NULL,NULL,NULL,NULL,NULL,NULL,NULL,NULL),('433124',NULL,'花垣县',NULL,'4331',NULL,NULL,NULL,NULL,NULL,NULL,NULL,NULL),('433125',NULL,'保靖县',NULL,'4331',NULL,NULL,NULL,NULL,NULL,NULL,NULL,NULL),('433126',NULL,'古丈县',NULL,'4331',NULL,NULL,NULL,NULL,NULL,NULL,NULL,NULL),('433127',NULL,'永顺县',NULL,'4331',NULL,NULL,NULL,NULL,NULL,NULL,NULL,NULL),('433130',NULL,'龙山县',NULL,'4331',NULL,NULL,NULL,NULL,NULL,NULL,NULL,NULL),('44',NULL,'广东省',NULL,NULL,NULL,NULL,NULL,NULL,NULL,NULL,NULL,NULL),('4401',NULL,'广州市',NULL,'44',NULL,NULL,NULL,NULL,NULL,NULL,NULL,NULL),('440101',NULL,'市辖区',NULL,'4401',NULL,NULL,NULL,NULL,NULL,NULL,NULL,NULL),('440103',NULL,'荔湾区',NULL,'4401',NULL,NULL,NULL,NULL,NULL,NULL,NULL,NULL),('440104',NULL,'越秀区',NULL,'4401',NULL,NULL,NULL,NULL,NULL,NULL,NULL,NULL),('440105',NULL,'海珠区',NULL,'4401',NULL,NULL,NULL,NULL,NULL,NULL,NULL,NULL),('440106',NULL,'天河区',NULL,'4401',NULL,NULL,NULL,NULL,NULL,NULL,NULL,NULL),('440111',NULL,'白云区',NULL,'4401',NULL,NULL,NULL,NULL,NULL,NULL,NULL,NULL),('440112',NULL,'黄埔区',NULL,'4401',NULL,NULL,NULL,NULL,NULL,NULL,NULL,NULL),('440113',NULL,'番禺区',NULL,'4401',NULL,NULL,NULL,NULL,NULL,NULL,NULL,NULL),('440114',NULL,'花都区',NULL,'4401',NULL,NULL,NULL,NULL,NULL,NULL,NULL,NULL),('440115',NULL,'南沙区',NULL,'4401',NULL,NULL,NULL,NULL,NULL,NULL,NULL,NULL),('440116',NULL,'萝岗区',NULL,'4401',NULL,NULL,NULL,NULL,NULL,NULL,NULL,NULL),('440183',NULL,'增城市',NULL,'4401',NULL,NULL,NULL,NULL,NULL,NULL,NULL,NULL),('440184',NULL,'从化市',NULL,'4401',NULL,NULL,NULL,NULL,NULL,NULL,NULL,NULL),('4402',NULL,'韶关市',NULL,'44',NULL,NULL,NULL,NULL,NULL,NULL,NULL,NULL),('440201',NULL,'市辖区',NULL,'4402',NULL,NULL,NULL,NULL,NULL,NULL,NULL,NULL),('440203',NULL,'武江区',NULL,'4402',NULL,NULL,NULL,NULL,NULL,NULL,NULL,NULL),('440204',NULL,'浈江区',NULL,'4402',NULL,NULL,NULL,NULL,NULL,NULL,NULL,NULL),('440205',NULL,'曲江区',NULL,'4402',NULL,NULL,NULL,NULL,NULL,NULL,NULL,NULL),('440222',NULL,'始兴县',NULL,'4402',NULL,NULL,NULL,NULL,NULL,NULL,NULL,NULL),('440224',NULL,'仁化县',NULL,'4402',NULL,NULL,NULL,NULL,NULL,NULL,NULL,NULL),('440229',NULL,'翁源县',NULL,'4402',NULL,NULL,NULL,NULL,NULL,NULL,NULL,NULL),('440232',NULL,'乳源瑶族自治县',NULL,'4402',NULL,NULL,NULL,NULL,NULL,NULL,NULL,NULL),('440233',NULL,'新丰县',NULL,'4402',NULL,NULL,NULL,NULL,NULL,NULL,NULL,NULL),('440281',NULL,'乐昌市',NULL,'4402',NULL,NULL,NULL,NULL,NULL,NULL,NULL,NULL),('440282',NULL,'南雄市',NULL,'4402',NULL,NULL,NULL,NULL,NULL,NULL,NULL,NULL),('4403',NULL,'深圳市',NULL,'44',NULL,NULL,NULL,NULL,NULL,NULL,NULL,NULL),('440301',NULL,'市辖区',NULL,'4403',NULL,NULL,NULL,NULL,NULL,NULL,NULL,NULL),('440303',NULL,'罗湖区',NULL,'4403',NULL,NULL,NULL,NULL,NULL,NULL,NULL,NULL),('440304',NULL,'福田区',NULL,'4403',NULL,NULL,NULL,NULL,NULL,NULL,NULL,NULL),('440305',NULL,'南山区',NULL,'4403',NULL,NULL,NULL,NULL,NULL,NULL,NULL,NULL),('440306',NULL,'宝安区',NULL,'4403',NULL,NULL,NULL,NULL,NULL,NULL,NULL,NULL),('440307',NULL,'龙岗区',NULL,'4403',NULL,NULL,NULL,NULL,NULL,NULL,NULL,NULL),('440308',NULL,'盐田区',NULL,'4403',NULL,NULL,NULL,NULL,NULL,NULL,NULL,NULL),('4404',NULL,'珠海市',NULL,'44',NULL,NULL,NULL,NULL,NULL,NULL,NULL,NULL),('440401',NULL,'市辖区',NULL,'4404',NULL,NULL,NULL,NULL,NULL,NULL,NULL,NULL),('440402',NULL,'香洲区',NULL,'4404',NULL,NULL,NULL,NULL,NULL,NULL,NULL,NULL),('440403',NULL,'斗门区',NULL,'4404',NULL,NULL,NULL,NULL,NULL,NULL,NULL,NULL),('440404',NULL,'金湾区',NULL,'4404',NULL,NULL,NULL,NULL,NULL,NULL,NULL,NULL),('4405',NULL,'汕头市',NULL,'44',NULL,NULL,NULL,NULL,NULL,NULL,NULL,NULL),('440501',NULL,'市辖区',NULL,'4405',NULL,NULL,NULL,NULL,NULL,NULL,NULL,NULL),('440507',NULL,'龙湖区',NULL,'4405',NULL,NULL,NULL,NULL,NULL,NULL,NULL,NULL),('440511',NULL,'金平区',NULL,'4405',NULL,NULL,NULL,NULL,NULL,NULL,NULL,NULL),('440512',NULL,'濠江区',NULL,'4405',NULL,NULL,NULL,NULL,NULL,NULL,NULL,NULL),('440513',NULL,'潮阳区',NULL,'4405',NULL,NULL,NULL,NULL,NULL,NULL,NULL,NULL),('440514',NULL,'潮南区',NULL,'4405',NULL,NULL,NULL,NULL,NULL,NULL,NULL,NULL),('440515',NULL,'澄海区',NULL,'4405',NULL,NULL,NULL,NULL,NULL,NULL,NULL,NULL),('440523',NULL,'南澳县',NULL,'4405',NULL,NULL,NULL,NULL,NULL,NULL,NULL,NULL),('4406',NULL,'佛山市',NULL,'44',NULL,NULL,NULL,NULL,NULL,NULL,NULL,NULL),('440601',NULL,'市辖区',NULL,'4406',NULL,NULL,NULL,NULL,NULL,NULL,NULL,NULL),('440604',NULL,'禅城区',NULL,'4406',NULL,NULL,NULL,NULL,NULL,NULL,NULL,NULL),('440605',NULL,'南海区',NULL,'4406',NULL,NULL,NULL,NULL,NULL,NULL,NULL,NULL),('440606',NULL,'顺德区',NULL,'4406',NULL,NULL,NULL,NULL,NULL,NULL,NULL,NULL),('440607',NULL,'三水区',NULL,'4406',NULL,NULL,NULL,NULL,NULL,NULL,NULL,NULL),('440608',NULL,'高明区',NULL,'4406',NULL,NULL,NULL,NULL,NULL,NULL,NULL,NULL),('4407',NULL,'江门市',NULL,'44',NULL,NULL,NULL,NULL,NULL,NULL,NULL,NULL),('440701',NULL,'市辖区',NULL,'4407',NULL,NULL,NULL,NULL,NULL,NULL,NULL,NULL),('440703',NULL,'蓬江区',NULL,'4407',NULL,NULL,NULL,NULL,NULL,NULL,NULL,NULL),('440704',NULL,'江海区',NULL,'4407',NULL,NULL,NULL,NULL,NULL,NULL,NULL,NULL),('440705',NULL,'新会区',NULL,'4407',NULL,NULL,NULL,NULL,NULL,NULL,NULL,NULL),('440781',NULL,'台山市',NULL,'4407',NULL,NULL,NULL,NULL,NULL,NULL,NULL,NULL),('440783',NULL,'开平市',NULL,'4407',NULL,NULL,NULL,NULL,NULL,NULL,NULL,NULL),('440784',NULL,'鹤山市',NULL,'4407',NULL,NULL,NULL,NULL,NULL,NULL,NULL,NULL),('440785',NULL,'恩平市',NULL,'4407',NULL,NULL,NULL,NULL,NULL,NULL,NULL,NULL),('4408',NULL,'湛江市',NULL,'44',NULL,NULL,NULL,NULL,NULL,NULL,NULL,NULL),('440801',NULL,'市辖区',NULL,'4408',NULL,NULL,NULL,NULL,NULL,NULL,NULL,NULL),('440802',NULL,'赤坎区',NULL,'4408',NULL,NULL,NULL,NULL,NULL,NULL,NULL,NULL),('440803',NULL,'霞山区',NULL,'4408',NULL,NULL,NULL,NULL,NULL,NULL,NULL,NULL),('440804',NULL,'坡头区',NULL,'4408',NULL,NULL,NULL,NULL,NULL,NULL,NULL,NULL),('440811',NULL,'麻章区',NULL,'4408',NULL,NULL,NULL,NULL,NULL,NULL,NULL,NULL),('440823',NULL,'遂溪县',NULL,'4408',NULL,NULL,NULL,NULL,NULL,NULL,NULL,NULL),('440825',NULL,'徐闻县',NULL,'4408',NULL,NULL,NULL,NULL,NULL,NULL,NULL,NULL),('440881',NULL,'廉江市',NULL,'4408',NULL,NULL,NULL,NULL,NULL,NULL,NULL,NULL),('440882',NULL,'雷州市',NULL,'4408',NULL,NULL,NULL,NULL,NULL,NULL,NULL,NULL),('440883',NULL,'吴川市',NULL,'4408',NULL,NULL,NULL,NULL,NULL,NULL,NULL,NULL),('4409',NULL,'茂名市',NULL,'44',NULL,NULL,NULL,NULL,NULL,NULL,NULL,NULL),('440901',NULL,'市辖区',NULL,'4409',NULL,NULL,NULL,NULL,NULL,NULL,NULL,NULL),('440902',NULL,'茂南区',NULL,'4409',NULL,NULL,NULL,NULL,NULL,NULL,NULL,NULL),('440903',NULL,'茂港区',NULL,'4409',NULL,NULL,NULL,NULL,NULL,NULL,NULL,NULL),('440923',NULL,'电白县',NULL,'4409',NULL,NULL,NULL,NULL,NULL,NULL,NULL,NULL),('440981',NULL,'高州市',NULL,'4409',NULL,NULL,NULL,NULL,NULL,NULL,NULL,NULL),('440982',NULL,'化州市',NULL,'4409',NULL,NULL,NULL,NULL,NULL,NULL,NULL,NULL),('440983',NULL,'信宜市',NULL,'4409',NULL,NULL,NULL,NULL,NULL,NULL,NULL,NULL),('4412',NULL,'肇庆市',NULL,'44',NULL,NULL,NULL,NULL,NULL,NULL,NULL,NULL),('441201',NULL,'市辖区',NULL,'4412',NULL,NULL,NULL,NULL,NULL,NULL,NULL,NULL),('441202',NULL,'端州区',NULL,'4412',NULL,NULL,NULL,NULL,NULL,NULL,NULL,NULL),('441203',NULL,'鼎湖区',NULL,'4412',NULL,NULL,NULL,NULL,NULL,NULL,NULL,NULL),('441223',NULL,'广宁县',NULL,'4412',NULL,NULL,NULL,NULL,NULL,NULL,NULL,NULL),('441224',NULL,'怀集县',NULL,'4412',NULL,NULL,NULL,NULL,NULL,NULL,NULL,NULL),('441225',NULL,'封开县',NULL,'4412',NULL,NULL,NULL,NULL,NULL,NULL,NULL,NULL),('441226',NULL,'德庆县',NULL,'4412',NULL,NULL,NULL,NULL,NULL,NULL,NULL,NULL),('441283',NULL,'高要市',NULL,'4412',NULL,NULL,NULL,NULL,NULL,NULL,NULL,NULL),('441284',NULL,'四会市',NULL,'4412',NULL,NULL,NULL,NULL,NULL,NULL,NULL,NULL),('4413',NULL,'惠州市',NULL,'44',NULL,NULL,NULL,NULL,NULL,NULL,NULL,NULL),('441301',NULL,'市辖区',NULL,'4413',NULL,NULL,NULL,NULL,NULL,NULL,NULL,NULL),('441302',NULL,'惠城区',NULL,'4413',NULL,NULL,NULL,NULL,NULL,NULL,NULL,NULL),('441303',NULL,'惠阳区',NULL,'4413',NULL,NULL,NULL,NULL,NULL,NULL,NULL,NULL),('441322',NULL,'博罗县',NULL,'4413',NULL,NULL,NULL,NULL,NULL,NULL,NULL,NULL),('441323',NULL,'惠东县',NULL,'4413',NULL,NULL,NULL,NULL,NULL,NULL,NULL,NULL),('441324',NULL,'龙门县',NULL,'4413',NULL,NULL,NULL,NULL,NULL,NULL,NULL,NULL),('4414',NULL,'梅州市',NULL,'44',NULL,NULL,NULL,NULL,NULL,NULL,NULL,NULL),('441401',NULL,'市辖区',NULL,'4414',NULL,NULL,NULL,NULL,NULL,NULL,NULL,NULL),('441402',NULL,'梅江区',NULL,'4414',NULL,NULL,NULL,NULL,NULL,NULL,NULL,NULL),('441421',NULL,'梅县',NULL,'4414',NULL,NULL,NULL,NULL,NULL,NULL,NULL,NULL),('441422',NULL,'大埔县',NULL,'4414',NULL,NULL,NULL,NULL,NULL,NULL,NULL,NULL),('441423',NULL,'丰顺县',NULL,'4414',NULL,NULL,NULL,NULL,NULL,NULL,NULL,NULL),('441424',NULL,'五华县',NULL,'4414',NULL,NULL,NULL,NULL,NULL,NULL,NULL,NULL),('441426',NULL,'平远县',NULL,'4414',NULL,NULL,NULL,NULL,NULL,NULL,NULL,NULL),('441427',NULL,'蕉岭县',NULL,'4414',NULL,NULL,NULL,NULL,NULL,NULL,NULL,NULL),('441481',NULL,'兴宁市',NULL,'4414',NULL,NULL,NULL,NULL,NULL,NULL,NULL,NULL),('4415',NULL,'汕尾市',NULL,'44',NULL,NULL,NULL,NULL,NULL,NULL,NULL,NULL),('441501',NULL,'市辖区',NULL,'4415',NULL,NULL,NULL,NULL,NULL,NULL,NULL,NULL),('441502',NULL,'城区',NULL,'4415',NULL,NULL,NULL,NULL,NULL,NULL,NULL,NULL),('441521',NULL,'海丰县',NULL,'4415',NULL,NULL,NULL,NULL,NULL,NULL,NULL,NULL),('441523',NULL,'陆河县',NULL,'4415',NULL,NULL,NULL,NULL,NULL,NULL,NULL,NULL),('441581',NULL,'陆丰市',NULL,'4415',NULL,NULL,NULL,NULL,NULL,NULL,NULL,NULL),('4416',NULL,'河源市',NULL,'44',NULL,NULL,NULL,NULL,NULL,NULL,NULL,NULL),('441601',NULL,'市辖区',NULL,'4416',NULL,NULL,NULL,NULL,NULL,NULL,NULL,NULL),('441602',NULL,'源城区',NULL,'4416',NULL,NULL,NULL,NULL,NULL,NULL,NULL,NULL),('441621',NULL,'紫金县',NULL,'4416',NULL,NULL,NULL,NULL,NULL,NULL,NULL,NULL),('441622',NULL,'龙川县',NULL,'4416',NULL,NULL,NULL,NULL,NULL,NULL,NULL,NULL),('441623',NULL,'连平县',NULL,'4416',NULL,NULL,NULL,NULL,NULL,NULL,NULL,NULL),('441624',NULL,'和平县',NULL,'4416',NULL,NULL,NULL,NULL,NULL,NULL,NULL,NULL),('441625',NULL,'东源县',NULL,'4416',NULL,NULL,NULL,NULL,NULL,NULL,NULL,NULL),('4417',NULL,'阳江市',NULL,'44',NULL,NULL,NULL,NULL,NULL,NULL,NULL,NULL),('441701',NULL,'市辖区',NULL,'4417',NULL,NULL,NULL,NULL,NULL,NULL,NULL,NULL),('441702',NULL,'江城区',NULL,'4417',NULL,NULL,NULL,NULL,NULL,NULL,NULL,NULL),('441721',NULL,'阳西县',NULL,'4417',NULL,NULL,NULL,NULL,NULL,NULL,NULL,NULL),('441723',NULL,'阳东县',NULL,'4417',NULL,NULL,NULL,NULL,NULL,NULL,NULL,NULL),('441781',NULL,'阳春市',NULL,'4417',NULL,NULL,NULL,NULL,NULL,NULL,NULL,NULL),('4418',NULL,'清远市',NULL,'44',NULL,NULL,NULL,NULL,NULL,NULL,NULL,NULL),('441801',NULL,'市辖区',NULL,'4418',NULL,NULL,NULL,NULL,NULL,NULL,NULL,NULL),('441802',NULL,'清城区',NULL,'4418',NULL,NULL,NULL,NULL,NULL,NULL,NULL,NULL),('441821',NULL,'佛冈县',NULL,'4418',NULL,NULL,NULL,NULL,NULL,NULL,NULL,NULL),('441823',NULL,'阳山县',NULL,'4418',NULL,NULL,NULL,NULL,NULL,NULL,NULL,NULL),('441825',NULL,'连山壮族瑶族自治县',NULL,'4418',NULL,NULL,NULL,NULL,NULL,NULL,NULL,NULL),('441826',NULL,'连南瑶族自治县',NULL,'4418',NULL,NULL,NULL,NULL,NULL,NULL,NULL,NULL),('441827',NULL,'清新县',NULL,'4418',NULL,NULL,NULL,NULL,NULL,NULL,NULL,NULL),('441881',NULL,'英德市',NULL,'4418',NULL,NULL,NULL,NULL,NULL,NULL,NULL,NULL),('441882',NULL,'连州市',NULL,'4418',NULL,NULL,NULL,NULL,NULL,NULL,NULL,NULL),('4419',NULL,'东莞市',NULL,'44',NULL,NULL,NULL,NULL,NULL,NULL,NULL,NULL),('4420',NULL,'中山市',NULL,'44',NULL,NULL,NULL,NULL,NULL,NULL,NULL,NULL),('4451',NULL,'潮州市',NULL,'44',NULL,NULL,NULL,NULL,NULL,NULL,NULL,NULL),('445101',NULL,'市辖区',NULL,'4451',NULL,NULL,NULL,NULL,NULL,NULL,NULL,NULL),('445102',NULL,'湘桥区',NULL,'4451',NULL,NULL,NULL,NULL,NULL,NULL,NULL,NULL),('445121',NULL,'潮安县',NULL,'4451',NULL,NULL,NULL,NULL,NULL,NULL,NULL,NULL),('445122',NULL,'饶平县',NULL,'4451',NULL,NULL,NULL,NULL,NULL,NULL,NULL,NULL),('4452',NULL,'揭阳市',NULL,'44',NULL,NULL,NULL,NULL,NULL,NULL,NULL,NULL),('445201',NULL,'市辖区',NULL,'4452',NULL,NULL,NULL,NULL,NULL,NULL,NULL,NULL),('445202',NULL,'榕城区',NULL,'4452',NULL,NULL,NULL,NULL,NULL,NULL,NULL,NULL),('445221',NULL,'揭东县',NULL,'4452',NULL,NULL,NULL,NULL,NULL,NULL,NULL,NULL),('445222',NULL,'揭西县',NULL,'4452',NULL,NULL,NULL,NULL,NULL,NULL,NULL,NULL),('445224',NULL,'惠来县',NULL,'4452',NULL,NULL,NULL,NULL,NULL,NULL,NULL,NULL),('445281',NULL,'普宁市',NULL,'4452',NULL,NULL,NULL,NULL,NULL,NULL,NULL,NULL),('4453',NULL,'云浮市',NULL,'44',NULL,NULL,NULL,NULL,NULL,NULL,NULL,NULL),('445301',NULL,'市辖区',NULL,'4453',NULL,NULL,NULL,NULL,NULL,NULL,NULL,NULL),('445302',NULL,'云城区',NULL,'4453',NULL,NULL,NULL,NULL,NULL,NULL,NULL,NULL),('445321',NULL,'新兴县',NULL,'4453',NULL,NULL,NULL,NULL,NULL,NULL,NULL,NULL),('445322',NULL,'郁南县',NULL,'4453',NULL,NULL,NULL,NULL,NULL,NULL,NULL,NULL),('445323',NULL,'云安县',NULL,'4453',NULL,NULL,NULL,NULL,NULL,NULL,NULL,NULL),('445381',NULL,'罗定市',NULL,'4453',NULL,NULL,NULL,NULL,NULL,NULL,NULL,NULL),('45',NULL,'广西壮族自治区',NULL,NULL,NULL,NULL,NULL,NULL,NULL,NULL,NULL,NULL),('4501',NULL,'南宁市',NULL,'45',NULL,NULL,NULL,NULL,NULL,NULL,NULL,NULL),('450101',NULL,'市辖区',NULL,'4501',NULL,NULL,NULL,NULL,NULL,NULL,NULL,NULL),('450102',NULL,'兴宁区',NULL,'4501',NULL,NULL,NULL,NULL,NULL,NULL,NULL,NULL),('450103',NULL,'青秀区',NULL,'4501',NULL,NULL,NULL,NULL,NULL,NULL,NULL,NULL),('450105',NULL,'江南区',NULL,'4501',NULL,NULL,NULL,NULL,NULL,NULL,NULL,NULL),('450107',NULL,'西乡塘区',NULL,'4501',NULL,NULL,NULL,NULL,NULL,NULL,NULL,NULL),('450108',NULL,'良庆区',NULL,'4501',NULL,NULL,NULL,NULL,NULL,NULL,NULL,NULL),('450109',NULL,'邕宁区',NULL,'4501',NULL,NULL,NULL,NULL,NULL,NULL,NULL,NULL),('450122',NULL,'武鸣县',NULL,'4501',NULL,NULL,NULL,NULL,NULL,NULL,NULL,NULL),('450123',NULL,'隆安县',NULL,'4501',NULL,NULL,NULL,NULL,NULL,NULL,NULL,NULL),('450124',NULL,'马山县',NULL,'4501',NULL,NULL,NULL,NULL,NULL,NULL,NULL,NULL),('450125',NULL,'上林县',NULL,'4501',NULL,NULL,NULL,NULL,NULL,NULL,NULL,NULL),('450126',NULL,'宾阳县',NULL,'4501',NULL,NULL,NULL,NULL,NULL,NULL,NULL,NULL),('450127',NULL,'横县',NULL,'4501',NULL,NULL,NULL,NULL,NULL,NULL,NULL,NULL),('4502',NULL,'柳州市',NULL,'45',NULL,NULL,NULL,NULL,NULL,NULL,NULL,NULL),('450201',NULL,'市辖区',NULL,'4502',NULL,NULL,NULL,NULL,NULL,NULL,NULL,NULL),('450202',NULL,'城中区',NULL,'4502',NULL,NULL,NULL,NULL,NULL,NULL,NULL,NULL),('450203',NULL,'鱼峰区',NULL,'4502',NULL,NULL,NULL,NULL,NULL,NULL,NULL,NULL),('450204',NULL,'柳南区',NULL,'4502',NULL,NULL,NULL,NULL,NULL,NULL,NULL,NULL),('450205',NULL,'柳北区',NULL,'4502',NULL,NULL,NULL,NULL,NULL,NULL,NULL,NULL),('450221',NULL,'柳江县',NULL,'4502',NULL,NULL,NULL,NULL,NULL,NULL,NULL,NULL),('450222',NULL,'柳城县',NULL,'4502',NULL,NULL,NULL,NULL,NULL,NULL,NULL,NULL),('450223',NULL,'鹿寨县',NULL,'4502',NULL,NULL,NULL,NULL,NULL,NULL,NULL,NULL),('450224',NULL,'融安县',NULL,'4502',NULL,NULL,NULL,NULL,NULL,NULL,NULL,NULL),('450225',NULL,'融水苗族自治县',NULL,'4502',NULL,NULL,NULL,NULL,NULL,NULL,NULL,NULL),('450226',NULL,'三江侗族自治县',NULL,'4502',NULL,NULL,NULL,NULL,NULL,NULL,NULL,NULL),('4503',NULL,'桂林市',NULL,'45',NULL,NULL,NULL,NULL,NULL,NULL,NULL,NULL),('450301',NULL,'市辖区',NULL,'4503',NULL,NULL,NULL,NULL,NULL,NULL,NULL,NULL),('450302',NULL,'秀峰区',NULL,'4503',NULL,NULL,NULL,NULL,NULL,NULL,NULL,NULL),('450303',NULL,'叠彩区',NULL,'4503',NULL,NULL,NULL,NULL,NULL,NULL,NULL,NULL),('450304',NULL,'象山区',NULL,'4503',NULL,NULL,NULL,NULL,NULL,NULL,NULL,NULL),('450305',NULL,'七星区',NULL,'4503',NULL,NULL,NULL,NULL,NULL,NULL,NULL,NULL),('450311',NULL,'雁山区',NULL,'4503',NULL,NULL,NULL,NULL,NULL,NULL,NULL,NULL),('450321',NULL,'阳朔县',NULL,'4503',NULL,NULL,NULL,NULL,NULL,NULL,NULL,NULL),('450322',NULL,'临桂县',NULL,'4503',NULL,NULL,NULL,NULL,NULL,NULL,NULL,NULL),('450323',NULL,'灵川县',NULL,'4503',NULL,NULL,NULL,NULL,NULL,NULL,NULL,NULL),('450324',NULL,'全州县',NULL,'4503',NULL,NULL,NULL,NULL,NULL,NULL,NULL,NULL),('450325',NULL,'兴安县',NULL,'4503',NULL,NULL,NULL,NULL,NULL,NULL,NULL,NULL),('450326',NULL,'永福县',NULL,'4503',NULL,NULL,NULL,NULL,NULL,NULL,NULL,NULL),('450327',NULL,'灌阳县',NULL,'4503',NULL,NULL,NULL,NULL,NULL,NULL,NULL,NULL),('450328',NULL,'龙胜各族自治县',NULL,'4503',NULL,NULL,NULL,NULL,NULL,NULL,NULL,NULL),('450329',NULL,'资源县',NULL,'4503',NULL,NULL,NULL,NULL,NULL,NULL,NULL,NULL),('450330',NULL,'平乐县',NULL,'4503',NULL,NULL,NULL,NULL,NULL,NULL,NULL,NULL),('450331',NULL,'荔蒲县',NULL,'4503',NULL,NULL,NULL,NULL,NULL,NULL,NULL,NULL),('450332',NULL,'恭城瑶族自治县',NULL,'4503',NULL,NULL,NULL,NULL,NULL,NULL,NULL,NULL),('4504',NULL,'梧州市',NULL,'45',NULL,NULL,NULL,NULL,NULL,NULL,NULL,NULL),('450401',NULL,'市辖区',NULL,'4504',NULL,NULL,NULL,NULL,NULL,NULL,NULL,NULL),('450403',NULL,'万秀区',NULL,'4504',NULL,NULL,NULL,NULL,NULL,NULL,NULL,NULL),('450404',NULL,'蝶山区',NULL,'4504',NULL,NULL,NULL,NULL,NULL,NULL,NULL,NULL),('450405',NULL,'长洲区',NULL,'4504',NULL,NULL,NULL,NULL,NULL,NULL,NULL,NULL),('450421',NULL,'苍梧县',NULL,'4504',NULL,NULL,NULL,NULL,NULL,NULL,NULL,NULL),('450422',NULL,'藤县',NULL,'4504',NULL,NULL,NULL,NULL,NULL,NULL,NULL,NULL),('450423',NULL,'蒙山县',NULL,'4504',NULL,NULL,NULL,NULL,NULL,NULL,NULL,NULL),('450481',NULL,'岑溪市',NULL,'4504',NULL,NULL,NULL,NULL,NULL,NULL,NULL,NULL),('4505',NULL,'北海市',NULL,'45',NULL,NULL,NULL,NULL,NULL,NULL,NULL,NULL),('450501',NULL,'市辖区',NULL,'4505',NULL,NULL,NULL,NULL,NULL,NULL,NULL,NULL),('450502',NULL,'海城区',NULL,'4505',NULL,NULL,NULL,NULL,NULL,NULL,NULL,NULL),('450503',NULL,'银海区',NULL,'4505',NULL,NULL,NULL,NULL,NULL,NULL,NULL,NULL),('450512',NULL,'铁山港区',NULL,'4505',NULL,NULL,NULL,NULL,NULL,NULL,NULL,NULL),('450521',NULL,'合浦县',NULL,'4505',NULL,NULL,NULL,NULL,NULL,NULL,NULL,NULL),('4506',NULL,'防城港市',NULL,'45',NULL,NULL,NULL,NULL,NULL,NULL,NULL,NULL),('450601',NULL,'市辖区',NULL,'4506',NULL,NULL,NULL,NULL,NULL,NULL,NULL,NULL),('450602',NULL,'港口区',NULL,'4506',NULL,NULL,NULL,NULL,NULL,NULL,NULL,NULL),('450603',NULL,'防城区',NULL,'4506',NULL,NULL,NULL,NULL,NULL,NULL,NULL,NULL),('450621',NULL,'上思县',NULL,'4506',NULL,NULL,NULL,NULL,NULL,NULL,NULL,NULL),('450681',NULL,'东兴市',NULL,'4506',NULL,NULL,NULL,NULL,NULL,NULL,NULL,NULL),('4507',NULL,'钦州市',NULL,'45',NULL,NULL,NULL,NULL,NULL,NULL,NULL,NULL),('450701',NULL,'市辖区',NULL,'4507',NULL,NULL,NULL,NULL,NULL,NULL,NULL,NULL),('450702',NULL,'钦南区',NULL,'4507',NULL,NULL,NULL,NULL,NULL,NULL,NULL,NULL),('450703',NULL,'钦北区',NULL,'4507',NULL,NULL,NULL,NULL,NULL,NULL,NULL,NULL),('450721',NULL,'灵山县',NULL,'4507',NULL,NULL,NULL,NULL,NULL,NULL,NULL,NULL),('450722',NULL,'浦北县',NULL,'4507',NULL,NULL,NULL,NULL,NULL,NULL,NULL,NULL),('4508',NULL,'贵港市',NULL,'45',NULL,NULL,NULL,NULL,NULL,NULL,NULL,NULL),('450801',NULL,'市辖区',NULL,'4508',NULL,NULL,NULL,NULL,NULL,NULL,NULL,NULL),('450802',NULL,'港北区',NULL,'4508',NULL,NULL,NULL,NULL,NULL,NULL,NULL,NULL),('450803',NULL,'港南区',NULL,'4508',NULL,NULL,NULL,NULL,NULL,NULL,NULL,NULL),('450804',NULL,'覃塘区',NULL,'4508',NULL,NULL,NULL,NULL,NULL,NULL,NULL,NULL),('450821',NULL,'平南县',NULL,'4508',NULL,NULL,NULL,NULL,NULL,NULL,NULL,NULL),('450881',NULL,'桂平市',NULL,'4508',NULL,NULL,NULL,NULL,NULL,NULL,NULL,NULL),('4509',NULL,'玉林市',NULL,'45',NULL,NULL,NULL,NULL,NULL,NULL,NULL,NULL),('450901',NULL,'市辖区',NULL,'4509',NULL,NULL,NULL,NULL,NULL,NULL,NULL,NULL),('450902',NULL,'玉州区',NULL,'4509',NULL,NULL,NULL,NULL,NULL,NULL,NULL,NULL),('450921',NULL,'容县',NULL,'4509',NULL,NULL,NULL,NULL,NULL,NULL,NULL,NULL),('450922',NULL,'陆川县',NULL,'4509',NULL,NULL,NULL,NULL,NULL,NULL,NULL,NULL),('450923',NULL,'博白县',NULL,'4509',NULL,NULL,NULL,NULL,NULL,NULL,NULL,NULL),('450924',NULL,'兴业县',NULL,'4509',NULL,NULL,NULL,NULL,NULL,NULL,NULL,NULL),('450981',NULL,'北流市',NULL,'4509',NULL,NULL,NULL,NULL,NULL,NULL,NULL,NULL),('4510',NULL,'百色市',NULL,'45',NULL,NULL,NULL,NULL,NULL,NULL,NULL,NULL),('451001',NULL,'市辖区',NULL,'4510',NULL,NULL,NULL,NULL,NULL,NULL,NULL,NULL),('451002',NULL,'右江区',NULL,'4510',NULL,NULL,NULL,NULL,NULL,NULL,NULL,NULL),('451021',NULL,'田阳县',NULL,'4510',NULL,NULL,NULL,NULL,NULL,NULL,NULL,NULL),('451022',NULL,'田东县',NULL,'4510',NULL,NULL,NULL,NULL,NULL,NULL,NULL,NULL),('451023',NULL,'平果县',NULL,'4510',NULL,NULL,NULL,NULL,NULL,NULL,NULL,NULL),('451024',NULL,'德保县',NULL,'4510',NULL,NULL,NULL,NULL,NULL,NULL,NULL,NULL),('451025',NULL,'靖西县',NULL,'4510',NULL,NULL,NULL,NULL,NULL,NULL,NULL,NULL),('451026',NULL,'那坡县',NULL,'4510',NULL,NULL,NULL,NULL,NULL,NULL,NULL,NULL),('451027',NULL,'凌云县',NULL,'4510',NULL,NULL,NULL,NULL,NULL,NULL,NULL,NULL),('451028',NULL,'乐业县',NULL,'4510',NULL,NULL,NULL,NULL,NULL,NULL,NULL,NULL),('451029',NULL,'田林县',NULL,'4510',NULL,NULL,NULL,NULL,NULL,NULL,NULL,NULL),('451030',NULL,'西林县',NULL,'4510',NULL,NULL,NULL,NULL,NULL,NULL,NULL,NULL),('451031',NULL,'隆林各族自治县',NULL,'4510',NULL,NULL,NULL,NULL,NULL,NULL,NULL,NULL),('4511',NULL,'贺州市',NULL,'45',NULL,NULL,NULL,NULL,NULL,NULL,NULL,NULL),('451101',NULL,'市辖区',NULL,'4511',NULL,NULL,NULL,NULL,NULL,NULL,NULL,NULL),('451102',NULL,'八步区',NULL,'4511',NULL,NULL,NULL,NULL,NULL,NULL,NULL,NULL),('451121',NULL,'昭平县',NULL,'4511',NULL,NULL,NULL,NULL,NULL,NULL,NULL,NULL),('451122',NULL,'钟山县',NULL,'4511',NULL,NULL,NULL,NULL,NULL,NULL,NULL,NULL),('451123',NULL,'富川瑶族自治县',NULL,'4511',NULL,NULL,NULL,NULL,NULL,NULL,NULL,NULL),('4512',NULL,'河池市',NULL,'45',NULL,NULL,NULL,NULL,NULL,NULL,NULL,NULL),('451201',NULL,'市辖区',NULL,'4512',NULL,NULL,NULL,NULL,NULL,NULL,NULL,NULL),('451202',NULL,'金城江区',NULL,'4512',NULL,NULL,NULL,NULL,NULL,NULL,NULL,NULL),('451221',NULL,'南丹县',NULL,'4512',NULL,NULL,NULL,NULL,NULL,NULL,NULL,NULL),('451222',NULL,'天峨县',NULL,'4512',NULL,NULL,NULL,NULL,NULL,NULL,NULL,NULL),('451223',NULL,'凤山县',NULL,'4512',NULL,NULL,NULL,NULL,NULL,NULL,NULL,NULL),('451224',NULL,'东兰县',NULL,'4512',NULL,NULL,NULL,NULL,NULL,NULL,NULL,NULL),('451225',NULL,'罗城仫佬族自治县',NULL,'4512',NULL,NULL,NULL,NULL,NULL,NULL,NULL,NULL),('451226',NULL,'环江毛南族自治县',NULL,'4512',NULL,NULL,NULL,NULL,NULL,NULL,NULL,NULL),('451227',NULL,'巴马瑶族自治县',NULL,'4512',NULL,NULL,NULL,NULL,NULL,NULL,NULL,NULL),('451228',NULL,'都安瑶族自治县',NULL,'4512',NULL,NULL,NULL,NULL,NULL,NULL,NULL,NULL),('451229',NULL,'大化瑶族自治县',NULL,'4512',NULL,NULL,NULL,NULL,NULL,NULL,NULL,NULL),('451281',NULL,'宜州市',NULL,'4512',NULL,NULL,NULL,NULL,NULL,NULL,NULL,NULL),('4513',NULL,'来宾市',NULL,'45',NULL,NULL,NULL,NULL,NULL,NULL,NULL,NULL),('451301',NULL,'市辖区',NULL,'4513',NULL,NULL,NULL,NULL,NULL,NULL,NULL,NULL),('451302',NULL,'兴宾区',NULL,'4513',NULL,NULL,NULL,NULL,NULL,NULL,NULL,NULL),('451321',NULL,'忻城县',NULL,'4513',NULL,NULL,NULL,NULL,NULL,NULL,NULL,NULL),('451322',NULL,'象州县',NULL,'4513',NULL,NULL,NULL,NULL,NULL,NULL,NULL,NULL),('451323',NULL,'武宣县',NULL,'4513',NULL,NULL,NULL,NULL,NULL,NULL,NULL,NULL),('451324',NULL,'金秀瑶族自治县',NULL,'4513',NULL,NULL,NULL,NULL,NULL,NULL,NULL,NULL),('451381',NULL,'合山市',NULL,'4513',NULL,NULL,NULL,NULL,NULL,NULL,NULL,NULL),('4514',NULL,'崇左市',NULL,'45',NULL,NULL,NULL,NULL,NULL,NULL,NULL,NULL),('451401',NULL,'市辖区',NULL,'4514',NULL,NULL,NULL,NULL,NULL,NULL,NULL,NULL),('451402',NULL,'江洲区',NULL,'4514',NULL,NULL,NULL,NULL,NULL,NULL,NULL,NULL),('451421',NULL,'扶绥县',NULL,'4514',NULL,NULL,NULL,NULL,NULL,NULL,NULL,NULL),('451422',NULL,'宁明县',NULL,'4514',NULL,NULL,NULL,NULL,NULL,NULL,NULL,NULL),('451423',NULL,'龙州县',NULL,'4514',NULL,NULL,NULL,NULL,NULL,NULL,NULL,NULL),('451424',NULL,'大新县',NULL,'4514',NULL,NULL,NULL,NULL,NULL,NULL,NULL,NULL),('451425',NULL,'天等县',NULL,'4514',NULL,NULL,NULL,NULL,NULL,NULL,NULL,NULL),('451481',NULL,'凭祥市',NULL,'4514',NULL,NULL,NULL,NULL,NULL,NULL,NULL,NULL),('46',NULL,'海南省',NULL,NULL,NULL,NULL,NULL,NULL,NULL,NULL,NULL,NULL),('4601',NULL,'海口市',NULL,'46',NULL,NULL,NULL,NULL,NULL,NULL,NULL,NULL),('460101',NULL,'市辖区',NULL,'4601',NULL,NULL,NULL,NULL,NULL,NULL,NULL,NULL),('460105',NULL,'秀英区',NULL,'4601',NULL,NULL,NULL,NULL,NULL,NULL,NULL,NULL),('460106',NULL,'龙华区',NULL,'4601',NULL,NULL,NULL,NULL,NULL,NULL,NULL,NULL),('460107',NULL,'琼山区',NULL,'4601',NULL,NULL,NULL,NULL,NULL,NULL,NULL,NULL),('460108',NULL,'美兰区',NULL,'4601',NULL,NULL,NULL,NULL,NULL,NULL,NULL,NULL),('4602',NULL,'三亚市',NULL,'46',NULL,NULL,NULL,NULL,NULL,NULL,NULL,NULL),('460201',NULL,'市辖区',NULL,'4602',NULL,NULL,NULL,NULL,NULL,NULL,NULL,NULL),('4690',NULL,'省直辖县级行政区划',NULL,'46',NULL,NULL,NULL,NULL,NULL,NULL,NULL,NULL),('469001',NULL,'五指山市',NULL,'4690',NULL,NULL,NULL,NULL,NULL,NULL,NULL,NULL),('469002',NULL,'琼海市',NULL,'4690',NULL,NULL,NULL,NULL,NULL,NULL,NULL,NULL),('469003',NULL,'儋州市',NULL,'4690',NULL,NULL,NULL,NULL,NULL,NULL,NULL,NULL),('469005',NULL,'文昌市',NULL,'4690',NULL,NULL,NULL,NULL,NULL,NULL,NULL,NULL),('469006',NULL,'万宁市',NULL,'4690',NULL,NULL,NULL,NULL,NULL,NULL,NULL,NULL),('469007',NULL,'东方市',NULL,'4690',NULL,NULL,NULL,NULL,NULL,NULL,NULL,NULL),('469021',NULL,'定安县',NULL,'4690',NULL,NULL,NULL,NULL,NULL,NULL,NULL,NULL),('469022',NULL,'屯昌县',NULL,'4690',NULL,NULL,NULL,NULL,NULL,NULL,NULL,NULL),('469023',NULL,'澄迈县',NULL,'4690',NULL,NULL,NULL,NULL,NULL,NULL,NULL,NULL),('469024',NULL,'临高县',NULL,'4690',NULL,NULL,NULL,NULL,NULL,NULL,NULL,NULL),('469025',NULL,'白沙黎族自治县',NULL,'4690',NULL,NULL,NULL,NULL,NULL,NULL,NULL,NULL),('469026',NULL,'昌江黎族自治县',NULL,'4690',NULL,NULL,NULL,NULL,NULL,NULL,NULL,NULL),('469027',NULL,'乐东黎族自治县',NULL,'4690',NULL,NULL,NULL,NULL,NULL,NULL,NULL,NULL),('469028',NULL,'陵水黎族自治县',NULL,'4690',NULL,NULL,NULL,NULL,NULL,NULL,NULL,NULL),('469029',NULL,'保亭黎族苗族自治县',NULL,'4690',NULL,NULL,NULL,NULL,NULL,NULL,NULL,NULL),('469030',NULL,'琼中黎族苗族自治县',NULL,'4690',NULL,NULL,NULL,NULL,NULL,NULL,NULL,NULL),('469031',NULL,'西沙群岛',NULL,'4690',NULL,NULL,NULL,NULL,NULL,NULL,NULL,NULL),('469032',NULL,'南沙群岛',NULL,'4690',NULL,NULL,NULL,NULL,NULL,NULL,NULL,NULL),('469033',NULL,'中沙群岛的岛礁及其海域',NULL,'4690',NULL,NULL,NULL,NULL,NULL,NULL,NULL,NULL),('50',NULL,'重庆市',NULL,NULL,NULL,NULL,NULL,NULL,NULL,NULL,NULL,NULL),('5001',NULL,'市辖区',NULL,'50',NULL,NULL,NULL,NULL,NULL,NULL,NULL,NULL),('500101',NULL,'万州区',NULL,'5001',NULL,NULL,NULL,NULL,NULL,NULL,NULL,NULL),('500102',NULL,'涪陵区',NULL,'5001',NULL,NULL,NULL,NULL,NULL,NULL,NULL,NULL),('500103',NULL,'渝中区',NULL,'5001',NULL,NULL,NULL,NULL,NULL,NULL,NULL,NULL),('500104',NULL,'大渡口区',NULL,'5001',NULL,NULL,NULL,NULL,NULL,NULL,NULL,NULL),('500105',NULL,'江北区',NULL,'5001',NULL,NULL,NULL,NULL,NULL,NULL,NULL,NULL),('500106',NULL,'沙坪坝区',NULL,'5001',NULL,NULL,NULL,NULL,NULL,NULL,NULL,NULL),('500107',NULL,'九龙坡区',NULL,'5001',NULL,NULL,NULL,NULL,NULL,NULL,NULL,NULL),('500108',NULL,'南岸区',NULL,'5001',NULL,NULL,NULL,NULL,NULL,NULL,NULL,NULL),('500109',NULL,'北碚区',NULL,'5001',NULL,NULL,NULL,NULL,NULL,NULL,NULL,NULL),('500110',NULL,'綦江区',NULL,'5001',NULL,NULL,NULL,NULL,NULL,NULL,NULL,NULL),('500111',NULL,'大足区',NULL,'5001',NULL,NULL,NULL,NULL,NULL,NULL,NULL,NULL),('500112',NULL,'渝北区',NULL,'5001',NULL,NULL,NULL,NULL,NULL,NULL,NULL,NULL),('500113',NULL,'巴南区',NULL,'5001',NULL,NULL,NULL,NULL,NULL,NULL,NULL,NULL),('500114',NULL,'黔江区',NULL,'5001',NULL,NULL,NULL,NULL,NULL,NULL,NULL,NULL),('500115',NULL,'长寿区',NULL,'5001',NULL,NULL,NULL,NULL,NULL,NULL,NULL,NULL),('500116',NULL,'江津区',NULL,'5001',NULL,NULL,NULL,NULL,NULL,NULL,NULL,NULL),('500117',NULL,'合川区',NULL,'5001',NULL,NULL,NULL,NULL,NULL,NULL,NULL,NULL),('500118',NULL,'永川区',NULL,'5001',NULL,NULL,NULL,NULL,NULL,NULL,NULL,NULL),('500119',NULL,'南川区',NULL,'5001',NULL,NULL,NULL,NULL,NULL,NULL,NULL,NULL),('5002',NULL,'县',NULL,'50',NULL,NULL,NULL,NULL,NULL,NULL,NULL,NULL),('500223',NULL,'潼南县',NULL,'5002',NULL,NULL,NULL,NULL,NULL,NULL,NULL,NULL),('500224',NULL,'铜梁县',NULL,'5002',NULL,NULL,NULL,NULL,NULL,NULL,NULL,NULL),('500226',NULL,'荣昌县',NULL,'5002',NULL,NULL,NULL,NULL,NULL,NULL,NULL,NULL),('500227',NULL,'璧山县',NULL,'5002',NULL,NULL,NULL,NULL,NULL,NULL,NULL,NULL),('500228',NULL,'梁平县',NULL,'5002',NULL,NULL,NULL,NULL,NULL,NULL,NULL,NULL),('500229',NULL,'城口县',NULL,'5002',NULL,NULL,NULL,NULL,NULL,NULL,NULL,NULL),('500230',NULL,'丰都县',NULL,'5002',NULL,NULL,NULL,NULL,NULL,NULL,NULL,NULL),('500231',NULL,'垫江县',NULL,'5002',NULL,NULL,NULL,NULL,NULL,NULL,NULL,NULL),('500232',NULL,'武隆县',NULL,'5002',NULL,NULL,NULL,NULL,NULL,NULL,NULL,NULL),('500233',NULL,'忠县',NULL,'5002',NULL,NULL,NULL,NULL,NULL,NULL,NULL,NULL),('500234',NULL,'开县',NULL,'5002',NULL,NULL,NULL,NULL,NULL,NULL,NULL,NULL),('500235',NULL,'云阳县',NULL,'5002',NULL,NULL,NULL,NULL,NULL,NULL,NULL,NULL),('500236',NULL,'奉节县',NULL,'5002',NULL,NULL,NULL,NULL,NULL,NULL,NULL,NULL),('500237',NULL,'巫山县',NULL,'5002',NULL,NULL,NULL,NULL,NULL,NULL,NULL,NULL),('500238',NULL,'巫溪县',NULL,'5002',NULL,NULL,NULL,NULL,NULL,NULL,NULL,NULL),('500240',NULL,'石柱土家族自治县',NULL,'5002',NULL,NULL,NULL,NULL,NULL,NULL,NULL,NULL),('500241',NULL,'秀山土家族苗族自治县',NULL,'5002',NULL,NULL,NULL,NULL,NULL,NULL,NULL,NULL),('500242',NULL,'酉阳土家族苗族自治县',NULL,'5002',NULL,NULL,NULL,NULL,NULL,NULL,NULL,NULL),('500243',NULL,'彭水苗族土家族自治县',NULL,'5002',NULL,NULL,NULL,NULL,NULL,NULL,NULL,NULL),('51',NULL,'四川省',NULL,NULL,NULL,NULL,NULL,NULL,NULL,NULL,NULL,NULL),('5101',NULL,'成都市',NULL,'51',NULL,NULL,NULL,NULL,NULL,NULL,NULL,NULL),('510101',NULL,'市辖区',NULL,'5101',NULL,NULL,NULL,NULL,NULL,NULL,NULL,NULL),('510104',NULL,'锦江区',NULL,'5101',NULL,NULL,NULL,NULL,NULL,NULL,NULL,NULL),('510105',NULL,'青羊区',NULL,'5101',NULL,NULL,NULL,NULL,NULL,NULL,NULL,NULL),('510106',NULL,'金牛区',NULL,'5101',NULL,NULL,NULL,NULL,NULL,NULL,NULL,NULL),('510107',NULL,'武侯区',NULL,'5101',NULL,NULL,NULL,NULL,NULL,NULL,NULL,NULL),('510108',NULL,'成华区',NULL,'5101',NULL,NULL,NULL,NULL,NULL,NULL,NULL,NULL),('510112',NULL,'龙泉驿区',NULL,'5101',NULL,NULL,NULL,NULL,NULL,NULL,NULL,NULL),('510113',NULL,'青白江区',NULL,'5101',NULL,NULL,NULL,NULL,NULL,NULL,NULL,NULL),('510114',NULL,'新都区',NULL,'5101',NULL,NULL,NULL,NULL,NULL,NULL,NULL,NULL),('510115',NULL,'温江区',NULL,'5101',NULL,NULL,NULL,NULL,NULL,NULL,NULL,NULL),('510121',NULL,'金堂县',NULL,'5101',NULL,NULL,NULL,NULL,NULL,NULL,NULL,NULL),('510122',NULL,'双流县',NULL,'5101',NULL,NULL,NULL,NULL,NULL,NULL,NULL,NULL),('510124',NULL,'郫县',NULL,'5101',NULL,NULL,NULL,NULL,NULL,NULL,NULL,NULL),('510129',NULL,'大邑县',NULL,'5101',NULL,NULL,NULL,NULL,NULL,NULL,NULL,NULL),('510131',NULL,'蒲江县',NULL,'5101',NULL,NULL,NULL,NULL,NULL,NULL,NULL,NULL),('510132',NULL,'新津县',NULL,'5101',NULL,NULL,NULL,NULL,NULL,NULL,NULL,NULL),('510181',NULL,'都江堰市',NULL,'5101',NULL,NULL,NULL,NULL,NULL,NULL,NULL,NULL),('510182',NULL,'彭州市',NULL,'5101',NULL,NULL,NULL,NULL,NULL,NULL,NULL,NULL),('510183',NULL,'邛崃市',NULL,'5101',NULL,NULL,NULL,NULL,NULL,NULL,NULL,NULL),('510184',NULL,'崇州市',NULL,'5101',NULL,NULL,NULL,NULL,NULL,NULL,NULL,NULL),('5103',NULL,'自贡市',NULL,'51',NULL,NULL,NULL,NULL,NULL,NULL,NULL,NULL),('510301',NULL,'市辖区',NULL,'5103',NULL,NULL,NULL,NULL,NULL,NULL,NULL,NULL),('510302',NULL,'自流井区',NULL,'5103',NULL,NULL,NULL,NULL,NULL,NULL,NULL,NULL),('510303',NULL,'贡井区',NULL,'5103',NULL,NULL,NULL,NULL,NULL,NULL,NULL,NULL),('510304',NULL,'大安区',NULL,'5103',NULL,NULL,NULL,NULL,NULL,NULL,NULL,NULL),('510311',NULL,'沿滩区',NULL,'5103',NULL,NULL,NULL,NULL,NULL,NULL,NULL,NULL),('510321',NULL,'荣县',NULL,'5103',NULL,NULL,NULL,NULL,NULL,NULL,NULL,NULL),('510322',NULL,'富顺县',NULL,'5103',NULL,NULL,NULL,NULL,NULL,NULL,NULL,NULL),('5104',NULL,'攀枝花市',NULL,'51',NULL,NULL,NULL,NULL,NULL,NULL,NULL,NULL),('510401',NULL,'市辖区',NULL,'5104',NULL,NULL,NULL,NULL,NULL,NULL,NULL,NULL),('510402',NULL,'东区',NULL,'5104',NULL,NULL,NULL,NULL,NULL,NULL,NULL,NULL),('510403',NULL,'西区',NULL,'5104',NULL,NULL,NULL,NULL,NULL,NULL,NULL,NULL),('510411',NULL,'仁和区',NULL,'5104',NULL,NULL,NULL,NULL,NULL,NULL,NULL,NULL),('510421',NULL,'米易县',NULL,'5104',NULL,NULL,NULL,NULL,NULL,NULL,NULL,NULL),('510422',NULL,'盐边县',NULL,'5104',NULL,NULL,NULL,NULL,NULL,NULL,NULL,NULL),('5105',NULL,'泸州市',NULL,'51',NULL,NULL,NULL,NULL,NULL,NULL,NULL,NULL),('510501',NULL,'市辖区',NULL,'5105',NULL,NULL,NULL,NULL,NULL,NULL,NULL,NULL),('510502',NULL,'江阳区',NULL,'5105',NULL,NULL,NULL,NULL,NULL,NULL,NULL,NULL),('510503',NULL,'纳溪区',NULL,'5105',NULL,NULL,NULL,NULL,NULL,NULL,NULL,NULL),('510504',NULL,'龙马潭区',NULL,'5105',NULL,NULL,NULL,NULL,NULL,NULL,NULL,NULL),('510521',NULL,'泸县',NULL,'5105',NULL,NULL,NULL,NULL,NULL,NULL,NULL,NULL),('510522',NULL,'合江县',NULL,'5105',NULL,NULL,NULL,NULL,NULL,NULL,NULL,NULL),('510524',NULL,'叙永县',NULL,'5105',NULL,NULL,NULL,NULL,NULL,NULL,NULL,NULL),('510525',NULL,'古蔺县',NULL,'5105',NULL,NULL,NULL,NULL,NULL,NULL,NULL,NULL),('5106',NULL,'德阳市',NULL,'51',NULL,NULL,NULL,NULL,NULL,NULL,NULL,NULL),('510601',NULL,'市辖区',NULL,'5106',NULL,NULL,NULL,NULL,NULL,NULL,NULL,NULL),('510603',NULL,'旌阳区',NULL,'5106',NULL,NULL,NULL,NULL,NULL,NULL,NULL,NULL),('510623',NULL,'中江县',NULL,'5106',NULL,NULL,NULL,NULL,NULL,NULL,NULL,NULL),('510626',NULL,'罗江县',NULL,'5106',NULL,NULL,NULL,NULL,NULL,NULL,NULL,NULL),('510681',NULL,'广汉市',NULL,'5106',NULL,NULL,NULL,NULL,NULL,NULL,NULL,NULL),('510682',NULL,'什邡市',NULL,'5106',NULL,NULL,NULL,NULL,NULL,NULL,NULL,NULL),('510683',NULL,'绵竹市',NULL,'5106',NULL,NULL,NULL,NULL,NULL,NULL,NULL,NULL),('5107',NULL,'绵阳市',NULL,'51',NULL,NULL,NULL,NULL,NULL,NULL,NULL,NULL),('510701',NULL,'市辖区',NULL,'5107',NULL,NULL,NULL,NULL,NULL,NULL,NULL,NULL),('510703',NULL,'涪城区',NULL,'5107',NULL,NULL,NULL,NULL,NULL,NULL,NULL,NULL),('510704',NULL,'游仙区',NULL,'5107',NULL,NULL,NULL,NULL,NULL,NULL,NULL,NULL),('510722',NULL,'三台县',NULL,'5107',NULL,NULL,NULL,NULL,NULL,NULL,NULL,NULL),('510723',NULL,'盐亭县',NULL,'5107',NULL,NULL,NULL,NULL,NULL,NULL,NULL,NULL),('510724',NULL,'安县',NULL,'5107',NULL,NULL,NULL,NULL,NULL,NULL,NULL,NULL),('510725',NULL,'梓潼县',NULL,'5107',NULL,NULL,NULL,NULL,NULL,NULL,NULL,NULL),('510726',NULL,'北川羌族自治县',NULL,'5107',NULL,NULL,NULL,NULL,NULL,NULL,NULL,NULL),('510727',NULL,'平武县',NULL,'5107',NULL,NULL,NULL,NULL,NULL,NULL,NULL,NULL),('510781',NULL,'江油市',NULL,'5107',NULL,NULL,NULL,NULL,NULL,NULL,NULL,NULL),('5108',NULL,'广元市',NULL,'51',NULL,NULL,NULL,NULL,NULL,NULL,NULL,NULL),('510801',NULL,'市辖区',NULL,'5108',NULL,NULL,NULL,NULL,NULL,NULL,NULL,NULL),('510802',NULL,'利州区',NULL,'5108',NULL,NULL,NULL,NULL,NULL,NULL,NULL,NULL),('510811',NULL,'元坝区',NULL,'5108',NULL,NULL,NULL,NULL,NULL,NULL,NULL,NULL),('510812',NULL,'朝天区',NULL,'5108',NULL,NULL,NULL,NULL,NULL,NULL,NULL,NULL),('510821',NULL,'旺苍县',NULL,'5108',NULL,NULL,NULL,NULL,NULL,NULL,NULL,NULL),('510822',NULL,'青川县',NULL,'5108',NULL,NULL,NULL,NULL,NULL,NULL,NULL,NULL),('510823',NULL,'剑阁县',NULL,'5108',NULL,NULL,NULL,NULL,NULL,NULL,NULL,NULL),('510824',NULL,'苍溪县',NULL,'5108',NULL,NULL,NULL,NULL,NULL,NULL,NULL,NULL),('5109',NULL,'遂宁市',NULL,'51',NULL,NULL,NULL,NULL,NULL,NULL,NULL,NULL),('510901',NULL,'市辖区',NULL,'5109',NULL,NULL,NULL,NULL,NULL,NULL,NULL,NULL),('510903',NULL,'船山区',NULL,'5109',NULL,NULL,NULL,NULL,NULL,NULL,NULL,NULL),('510904',NULL,'安居区',NULL,'5109',NULL,NULL,NULL,NULL,NULL,NULL,NULL,NULL),('510921',NULL,'蓬溪县',NULL,'5109',NULL,NULL,NULL,NULL,NULL,NULL,NULL,NULL),('510922',NULL,'射洪县',NULL,'5109',NULL,NULL,NULL,NULL,NULL,NULL,NULL,NULL),('510923',NULL,'大英县',NULL,'5109',NULL,NULL,NULL,NULL,NULL,NULL,NULL,NULL),('5110',NULL,'内江市',NULL,'51',NULL,NULL,NULL,NULL,NULL,NULL,NULL,NULL),('511001',NULL,'市辖区',NULL,'5110',NULL,NULL,NULL,NULL,NULL,NULL,NULL,NULL),('511002',NULL,'市中区',NULL,'5110',NULL,NULL,NULL,NULL,NULL,NULL,NULL,NULL),('511011',NULL,'东兴区',NULL,'5110',NULL,NULL,NULL,NULL,NULL,NULL,NULL,NULL),('511024',NULL,'威远县',NULL,'5110',NULL,NULL,NULL,NULL,NULL,NULL,NULL,NULL),('511025',NULL,'资中县',NULL,'5110',NULL,NULL,NULL,NULL,NULL,NULL,NULL,NULL),('511028',NULL,'隆昌县',NULL,'5110',NULL,NULL,NULL,NULL,NULL,NULL,NULL,NULL),('5111',NULL,'乐山市',NULL,'51',NULL,NULL,NULL,NULL,NULL,NULL,NULL,NULL),('511101',NULL,'市辖区',NULL,'5111',NULL,NULL,NULL,NULL,NULL,NULL,NULL,NULL),('511102',NULL,'市中区',NULL,'5111',NULL,NULL,NULL,NULL,NULL,NULL,NULL,NULL),('511111',NULL,'沙湾区',NULL,'5111',NULL,NULL,NULL,NULL,NULL,NULL,NULL,NULL),('511112',NULL,'五通桥区',NULL,'5111',NULL,NULL,NULL,NULL,NULL,NULL,NULL,NULL),('511113',NULL,'金口河区',NULL,'5111',NULL,NULL,NULL,NULL,NULL,NULL,NULL,NULL),('511123',NULL,'犍为县',NULL,'5111',NULL,NULL,NULL,NULL,NULL,NULL,NULL,NULL),('511124',NULL,'井研县',NULL,'5111',NULL,NULL,NULL,NULL,NULL,NULL,NULL,NULL),('511126',NULL,'夹江县',NULL,'5111',NULL,NULL,NULL,NULL,NULL,NULL,NULL,NULL),('511129',NULL,'沐川县',NULL,'5111',NULL,NULL,NULL,NULL,NULL,NULL,NULL,NULL),('511132',NULL,'峨边彝族自治县',NULL,'5111',NULL,NULL,NULL,NULL,NULL,NULL,NULL,NULL),('511133',NULL,'马边彝族自治县',NULL,'5111',NULL,NULL,NULL,NULL,NULL,NULL,NULL,NULL),('511181',NULL,'峨眉山市',NULL,'5111',NULL,NULL,NULL,NULL,NULL,NULL,NULL,NULL),('5113',NULL,'南充市',NULL,'51',NULL,NULL,NULL,NULL,NULL,NULL,NULL,NULL),('511301',NULL,'市辖区',NULL,'5113',NULL,NULL,NULL,NULL,NULL,NULL,NULL,NULL),('511302',NULL,'顺庆区',NULL,'5113',NULL,NULL,NULL,NULL,NULL,NULL,NULL,NULL),('511303',NULL,'高坪区',NULL,'5113',NULL,NULL,NULL,NULL,NULL,NULL,NULL,NULL),('511304',NULL,'嘉陵区',NULL,'5113',NULL,NULL,NULL,NULL,NULL,NULL,NULL,NULL),('511321',NULL,'南部县',NULL,'5113',NULL,NULL,NULL,NULL,NULL,NULL,NULL,NULL),('511322',NULL,'营山县',NULL,'5113',NULL,NULL,NULL,NULL,NULL,NULL,NULL,NULL),('511323',NULL,'蓬安县',NULL,'5113',NULL,NULL,NULL,NULL,NULL,NULL,NULL,NULL),('511324',NULL,'仪陇县',NULL,'5113',NULL,NULL,NULL,NULL,NULL,NULL,NULL,NULL),('511325',NULL,'西充县',NULL,'5113',NULL,NULL,NULL,NULL,NULL,NULL,NULL,NULL),('511381',NULL,'阆中市',NULL,'5113',NULL,NULL,NULL,NULL,NULL,NULL,NULL,NULL),('5114',NULL,'眉山市',NULL,'51',NULL,NULL,NULL,NULL,NULL,NULL,NULL,NULL),('511401',NULL,'市辖区',NULL,'5114',NULL,NULL,NULL,NULL,NULL,NULL,NULL,NULL),('511402',NULL,'东坡区',NULL,'5114',NULL,NULL,NULL,NULL,NULL,NULL,NULL,NULL),('511421',NULL,'仁寿县',NULL,'5114',NULL,NULL,NULL,NULL,NULL,NULL,NULL,NULL),('511422',NULL,'彭山县',NULL,'5114',NULL,NULL,NULL,NULL,NULL,NULL,NULL,NULL),('511423',NULL,'洪雅县',NULL,'5114',NULL,NULL,NULL,NULL,NULL,NULL,NULL,NULL),('511424',NULL,'丹棱县',NULL,'5114',NULL,NULL,NULL,NULL,NULL,NULL,NULL,NULL),('511425',NULL,'青神县',NULL,'5114',NULL,NULL,NULL,NULL,NULL,NULL,NULL,NULL),('5115',NULL,'宜宾市',NULL,'51',NULL,NULL,NULL,NULL,NULL,NULL,NULL,NULL),('511501',NULL,'市辖区',NULL,'5115',NULL,NULL,NULL,NULL,NULL,NULL,NULL,NULL),('511502',NULL,'翠屏区',NULL,'5115',NULL,NULL,NULL,NULL,NULL,NULL,NULL,NULL),('511503',NULL,'南溪区',NULL,'5115',NULL,NULL,NULL,NULL,NULL,NULL,NULL,NULL),('511521',NULL,'宜宾县',NULL,'5115',NULL,NULL,NULL,NULL,NULL,NULL,NULL,NULL),('511523',NULL,'江安县',NULL,'5115',NULL,NULL,NULL,NULL,NULL,NULL,NULL,NULL),('511524',NULL,'长宁县',NULL,'5115',NULL,NULL,NULL,NULL,NULL,NULL,NULL,NULL),('511525',NULL,'高县',NULL,'5115',NULL,NULL,NULL,NULL,NULL,NULL,NULL,NULL),('511526',NULL,'珙县',NULL,'5115',NULL,NULL,NULL,NULL,NULL,NULL,NULL,NULL),('511527',NULL,'筠连县',NULL,'5115',NULL,NULL,NULL,NULL,NULL,NULL,NULL,NULL),('511528',NULL,'兴文县',NULL,'5115',NULL,NULL,NULL,NULL,NULL,NULL,NULL,NULL),('511529',NULL,'屏山县',NULL,'5115',NULL,NULL,NULL,NULL,NULL,NULL,NULL,NULL),('5116',NULL,'广安市',NULL,'51',NULL,NULL,NULL,NULL,NULL,NULL,NULL,NULL),('511601',NULL,'市辖区',NULL,'5116',NULL,NULL,NULL,NULL,NULL,NULL,NULL,NULL),('511602',NULL,'广安区',NULL,'5116',NULL,NULL,NULL,NULL,NULL,NULL,NULL,NULL),('511621',NULL,'岳池县',NULL,'5116',NULL,NULL,NULL,NULL,NULL,NULL,NULL,NULL),('511622',NULL,'武胜县',NULL,'5116',NULL,NULL,NULL,NULL,NULL,NULL,NULL,NULL),('511623',NULL,'邻水县',NULL,'5116',NULL,NULL,NULL,NULL,NULL,NULL,NULL,NULL),('511681',NULL,'华蓥市',NULL,'5116',NULL,NULL,NULL,NULL,NULL,NULL,NULL,NULL),('5117',NULL,'达州市',NULL,'51',NULL,NULL,NULL,NULL,NULL,NULL,NULL,NULL),('511701',NULL,'市辖区',NULL,'5117',NULL,NULL,NULL,NULL,NULL,NULL,NULL,NULL),('511702',NULL,'通川区',NULL,'5117',NULL,NULL,NULL,NULL,NULL,NULL,NULL,NULL),('511721',NULL,'达县',NULL,'5117',NULL,NULL,NULL,NULL,NULL,NULL,NULL,NULL),('511722',NULL,'宣汉县',NULL,'5117',NULL,NULL,NULL,NULL,NULL,NULL,NULL,NULL),('511723',NULL,'开江县',NULL,'5117',NULL,NULL,NULL,NULL,NULL,NULL,NULL,NULL),('511724',NULL,'大竹县',NULL,'5117',NULL,NULL,NULL,NULL,NULL,NULL,NULL,NULL),('511725',NULL,'渠县',NULL,'5117',NULL,NULL,NULL,NULL,NULL,NULL,NULL,NULL),('511781',NULL,'万源市',NULL,'5117',NULL,NULL,NULL,NULL,NULL,NULL,NULL,NULL),('5118',NULL,'雅安市',NULL,'51',NULL,NULL,NULL,NULL,NULL,NULL,NULL,NULL),('511801',NULL,'市辖区',NULL,'5118',NULL,NULL,NULL,NULL,NULL,NULL,NULL,NULL),('511802',NULL,'雨城区',NULL,'5118',NULL,NULL,NULL,NULL,NULL,NULL,NULL,NULL),('511821',NULL,'名山县',NULL,'5118',NULL,NULL,NULL,NULL,NULL,NULL,NULL,NULL),('511822',NULL,'荥经县',NULL,'5118',NULL,NULL,NULL,NULL,NULL,NULL,NULL,NULL),('511823',NULL,'汉源县',NULL,'5118',NULL,NULL,NULL,NULL,NULL,NULL,NULL,NULL),('511824',NULL,'石棉县',NULL,'5118',NULL,NULL,NULL,NULL,NULL,NULL,NULL,NULL),('511825',NULL,'天全县',NULL,'5118',NULL,NULL,NULL,NULL,NULL,NULL,NULL,NULL),('511826',NULL,'芦山县',NULL,'5118',NULL,NULL,NULL,NULL,NULL,NULL,NULL,NULL),('511827',NULL,'宝兴县',NULL,'5118',NULL,NULL,NULL,NULL,NULL,NULL,NULL,NULL),('5119',NULL,'巴中市',NULL,'51',NULL,NULL,NULL,NULL,NULL,NULL,NULL,NULL),('511901',NULL,'市辖区',NULL,'5119',NULL,NULL,NULL,NULL,NULL,NULL,NULL,NULL),('511902',NULL,'巴州区',NULL,'5119',NULL,NULL,NULL,NULL,NULL,NULL,NULL,NULL),('511921',NULL,'通江县',NULL,'5119',NULL,NULL,NULL,NULL,NULL,NULL,NULL,NULL),('511922',NULL,'南江县',NULL,'5119',NULL,NULL,NULL,NULL,NULL,NULL,NULL,NULL),('511923',NULL,'平昌县',NULL,'5119',NULL,NULL,NULL,NULL,NULL,NULL,NULL,NULL),('5120',NULL,'资阳市',NULL,'51',NULL,NULL,NULL,NULL,NULL,NULL,NULL,NULL),('512001',NULL,'市辖区',NULL,'5120',NULL,NULL,NULL,NULL,NULL,NULL,NULL,NULL),('512002',NULL,'雁江区',NULL,'5120',NULL,NULL,NULL,NULL,NULL,NULL,NULL,NULL),('512021',NULL,'安岳县',NULL,'5120',NULL,NULL,NULL,NULL,NULL,NULL,NULL,NULL),('512022',NULL,'乐至县',NULL,'5120',NULL,NULL,NULL,NULL,NULL,NULL,NULL,NULL),('512081',NULL,'简阳市',NULL,'5120',NULL,NULL,NULL,NULL,NULL,NULL,NULL,NULL),('5132',NULL,'阿坝藏族羌族自治州',NULL,'51',NULL,NULL,NULL,NULL,NULL,NULL,NULL,NULL),('513221',NULL,'汶川县',NULL,'5132',NULL,NULL,NULL,NULL,NULL,NULL,NULL,NULL),('513222',NULL,'理县',NULL,'5132',NULL,NULL,NULL,NULL,NULL,NULL,NULL,NULL),('513223',NULL,'茂县',NULL,'5132',NULL,NULL,NULL,NULL,NULL,NULL,NULL,NULL),('513224',NULL,'松潘县',NULL,'5132',NULL,NULL,NULL,NULL,NULL,NULL,NULL,NULL),('513225',NULL,'九寨沟县',NULL,'5132',NULL,NULL,NULL,NULL,NULL,NULL,NULL,NULL),('513226',NULL,'金川县',NULL,'5132',NULL,NULL,NULL,NULL,NULL,NULL,NULL,NULL),('513227',NULL,'小金县',NULL,'5132',NULL,NULL,NULL,NULL,NULL,NULL,NULL,NULL),('513228',NULL,'黑水县',NULL,'5132',NULL,NULL,NULL,NULL,NULL,NULL,NULL,NULL),('513229',NULL,'马尔康县',NULL,'5132',NULL,NULL,NULL,NULL,NULL,NULL,NULL,NULL),('513230',NULL,'壤塘县',NULL,'5132',NULL,NULL,NULL,NULL,NULL,NULL,NULL,NULL),('513231',NULL,'阿坝县',NULL,'5132',NULL,NULL,NULL,NULL,NULL,NULL,NULL,NULL),('513232',NULL,'若尔盖县',NULL,'5132',NULL,NULL,NULL,NULL,NULL,NULL,NULL,NULL),('513233',NULL,'红原县',NULL,'5132',NULL,NULL,NULL,NULL,NULL,NULL,NULL,NULL),('5133',NULL,'甘孜藏族自治州',NULL,'51',NULL,NULL,NULL,NULL,NULL,NULL,NULL,NULL),('513321',NULL,'康定县',NULL,'5133',NULL,NULL,NULL,NULL,NULL,NULL,NULL,NULL),('513322',NULL,'泸定县',NULL,'5133',NULL,NULL,NULL,NULL,NULL,NULL,NULL,NULL),('513323',NULL,'丹巴县',NULL,'5133',NULL,NULL,NULL,NULL,NULL,NULL,NULL,NULL),('513324',NULL,'九龙县',NULL,'5133',NULL,NULL,NULL,NULL,NULL,NULL,NULL,NULL),('513325',NULL,'雅江县',NULL,'5133',NULL,NULL,NULL,NULL,NULL,NULL,NULL,NULL),('513326',NULL,'道孚县',NULL,'5133',NULL,NULL,NULL,NULL,NULL,NULL,NULL,NULL),('513327',NULL,'炉霍县',NULL,'5133',NULL,NULL,NULL,NULL,NULL,NULL,NULL,NULL),('513328',NULL,'甘孜县',NULL,'5133',NULL,NULL,NULL,NULL,NULL,NULL,NULL,NULL),('513329',NULL,'新龙县',NULL,'5133',NULL,NULL,NULL,NULL,NULL,NULL,NULL,NULL),('513330',NULL,'德格县',NULL,'5133',NULL,NULL,NULL,NULL,NULL,NULL,NULL,NULL),('513331',NULL,'白玉县',NULL,'5133',NULL,NULL,NULL,NULL,NULL,NULL,NULL,NULL),('513332',NULL,'石渠县',NULL,'5133',NULL,NULL,NULL,NULL,NULL,NULL,NULL,NULL),('513333',NULL,'色达县',NULL,'5133',NULL,NULL,NULL,NULL,NULL,NULL,NULL,NULL),('513334',NULL,'理塘县',NULL,'5133',NULL,NULL,NULL,NULL,NULL,NULL,NULL,NULL),('513335',NULL,'巴塘县',NULL,'5133',NULL,NULL,NULL,NULL,NULL,NULL,NULL,NULL),('513336',NULL,'乡城县',NULL,'5133',NULL,NULL,NULL,NULL,NULL,NULL,NULL,NULL),('513337',NULL,'稻城县',NULL,'5133',NULL,NULL,NULL,NULL,NULL,NULL,NULL,NULL),('513338',NULL,'得荣县',NULL,'5133',NULL,NULL,NULL,NULL,NULL,NULL,NULL,NULL),('5134',NULL,'凉山彝族自治州',NULL,'51',NULL,NULL,NULL,NULL,NULL,NULL,NULL,NULL),('513401',NULL,'西昌市',NULL,'5134',NULL,NULL,NULL,NULL,NULL,NULL,NULL,NULL),('513422',NULL,'木里藏族自治县',NULL,'5134',NULL,NULL,NULL,NULL,NULL,NULL,NULL,NULL),('513423',NULL,'盐源县',NULL,'5134',NULL,NULL,NULL,NULL,NULL,NULL,NULL,NULL),('513424',NULL,'德昌县',NULL,'5134',NULL,NULL,NULL,NULL,NULL,NULL,NULL,NULL),('513425',NULL,'会理县',NULL,'5134',NULL,NULL,NULL,NULL,NULL,NULL,NULL,NULL),('513426',NULL,'会东县',NULL,'5134',NULL,NULL,NULL,NULL,NULL,NULL,NULL,NULL),('513427',NULL,'宁南县',NULL,'5134',NULL,NULL,NULL,NULL,NULL,NULL,NULL,NULL),('513428',NULL,'普格县',NULL,'5134',NULL,NULL,NULL,NULL,NULL,NULL,NULL,NULL),('513429',NULL,'布拖县',NULL,'5134',NULL,NULL,NULL,NULL,NULL,NULL,NULL,NULL),('513430',NULL,'金阳县',NULL,'5134',NULL,NULL,NULL,NULL,NULL,NULL,NULL,NULL),('513431',NULL,'昭觉县',NULL,'5134',NULL,NULL,NULL,NULL,NULL,NULL,NULL,NULL),('513432',NULL,'喜德县',NULL,'5134',NULL,NULL,NULL,NULL,NULL,NULL,NULL,NULL),('513433',NULL,'冕宁县',NULL,'5134',NULL,NULL,NULL,NULL,NULL,NULL,NULL,NULL),('513434',NULL,'越西县',NULL,'5134',NULL,NULL,NULL,NULL,NULL,NULL,NULL,NULL),('513435',NULL,'甘洛县',NULL,'5134',NULL,NULL,NULL,NULL,NULL,NULL,NULL,NULL),('513436',NULL,'美姑县',NULL,'5134',NULL,NULL,NULL,NULL,NULL,NULL,NULL,NULL),('513437',NULL,'雷波县',NULL,'5134',NULL,NULL,NULL,NULL,NULL,NULL,NULL,NULL),('52',NULL,'贵州省',NULL,NULL,NULL,NULL,NULL,NULL,NULL,NULL,NULL,NULL),('5201',NULL,'贵阳市',NULL,'52',NULL,NULL,NULL,NULL,NULL,NULL,NULL,NULL),('520101',NULL,'市辖区',NULL,'5201',NULL,NULL,NULL,NULL,NULL,NULL,NULL,NULL),('520102',NULL,'南明区',NULL,'5201',NULL,NULL,NULL,NULL,NULL,NULL,NULL,NULL),('520103',NULL,'云岩区',NULL,'5201',NULL,NULL,NULL,NULL,NULL,NULL,NULL,NULL),('520111',NULL,'花溪区',NULL,'5201',NULL,NULL,NULL,NULL,NULL,NULL,NULL,NULL),('520112',NULL,'乌当区',NULL,'5201',NULL,NULL,NULL,NULL,NULL,NULL,NULL,NULL),('520113',NULL,'白云区',NULL,'5201',NULL,NULL,NULL,NULL,NULL,NULL,NULL,NULL),('520114',NULL,'小河区',NULL,'5201',NULL,NULL,NULL,NULL,NULL,NULL,NULL,NULL),('520121',NULL,'开阳县',NULL,'5201',NULL,NULL,NULL,NULL,NULL,NULL,NULL,NULL),('520122',NULL,'息烽县',NULL,'5201',NULL,NULL,NULL,NULL,NULL,NULL,NULL,NULL),('520123',NULL,'修文县',NULL,'5201',NULL,NULL,NULL,NULL,NULL,NULL,NULL,NULL),('520181',NULL,'清镇市',NULL,'5201',NULL,NULL,NULL,NULL,NULL,NULL,NULL,NULL),('5202',NULL,'六盘水市',NULL,'52',NULL,NULL,NULL,NULL,NULL,NULL,NULL,NULL),('520201',NULL,'钟山区',NULL,'5202',NULL,NULL,NULL,NULL,NULL,NULL,NULL,NULL),('520203',NULL,'六枝特区',NULL,'5202',NULL,NULL,NULL,NULL,NULL,NULL,NULL,NULL),('520221',NULL,'水城县',NULL,'5202',NULL,NULL,NULL,NULL,NULL,NULL,NULL,NULL),('520222',NULL,'盘县',NULL,'5202',NULL,NULL,NULL,NULL,NULL,NULL,NULL,NULL),('5203',NULL,'遵义市',NULL,'52',NULL,NULL,NULL,NULL,NULL,NULL,NULL,NULL),('520301',NULL,'市辖区',NULL,'5203',NULL,NULL,NULL,NULL,NULL,NULL,NULL,NULL),('520302',NULL,'红花岗区',NULL,'5203',NULL,NULL,NULL,NULL,NULL,NULL,NULL,NULL),('520303',NULL,'汇川区',NULL,'5203',NULL,NULL,NULL,NULL,NULL,NULL,NULL,NULL),('520321',NULL,'遵义县',NULL,'5203',NULL,NULL,NULL,NULL,NULL,NULL,NULL,NULL),('520322',NULL,'桐梓县',NULL,'5203',NULL,NULL,NULL,NULL,NULL,NULL,NULL,NULL),('520323',NULL,'绥阳县',NULL,'5203',NULL,NULL,NULL,NULL,NULL,NULL,NULL,NULL),('520324',NULL,'正安县',NULL,'5203',NULL,NULL,NULL,NULL,NULL,NULL,NULL,NULL),('520325',NULL,'道真仡佬族苗族自治县',NULL,'5203',NULL,NULL,NULL,NULL,NULL,NULL,NULL,NULL),('520326',NULL,'务川仡佬族苗族自治县',NULL,'5203',NULL,NULL,NULL,NULL,NULL,NULL,NULL,NULL),('520327',NULL,'凤冈县',NULL,'5203',NULL,NULL,NULL,NULL,NULL,NULL,NULL,NULL),('520328',NULL,'湄潭县',NULL,'5203',NULL,NULL,NULL,NULL,NULL,NULL,NULL,NULL),('520329',NULL,'余庆县',NULL,'5203',NULL,NULL,NULL,NULL,NULL,NULL,NULL,NULL),('520330',NULL,'习水县',NULL,'5203',NULL,NULL,NULL,NULL,NULL,NULL,NULL,NULL),('520381',NULL,'赤水市',NULL,'5203',NULL,NULL,NULL,NULL,NULL,NULL,NULL,NULL),('520382',NULL,'仁怀市',NULL,'5203',NULL,NULL,NULL,NULL,NULL,NULL,NULL,NULL),('5204',NULL,'安顺市',NULL,'52',NULL,NULL,NULL,NULL,NULL,NULL,NULL,NULL),('520401',NULL,'市辖区',NULL,'5204',NULL,NULL,NULL,NULL,NULL,NULL,NULL,NULL),('520402',NULL,'西秀区',NULL,'5204',NULL,NULL,NULL,NULL,NULL,NULL,NULL,NULL),('520421',NULL,'平坝县',NULL,'5204',NULL,NULL,NULL,NULL,NULL,NULL,NULL,NULL),('520422',NULL,'普定县',NULL,'5204',NULL,NULL,NULL,NULL,NULL,NULL,NULL,NULL),('520423',NULL,'镇宁布依族苗族自治县',NULL,'5204',NULL,NULL,NULL,NULL,NULL,NULL,NULL,NULL),('520424',NULL,'关岭布依族苗族自治县',NULL,'5204',NULL,NULL,NULL,NULL,NULL,NULL,NULL,NULL),('520425',NULL,'紫云苗族布依族自治县',NULL,'5204',NULL,NULL,NULL,NULL,NULL,NULL,NULL,NULL),('5205',NULL,'毕节市',NULL,'52',NULL,NULL,NULL,NULL,NULL,NULL,NULL,NULL),('520501',NULL,'市辖区',NULL,'5205',NULL,NULL,NULL,NULL,NULL,NULL,NULL,NULL),('520502',NULL,'七星关区',NULL,'5205',NULL,NULL,NULL,NULL,NULL,NULL,NULL,NULL),('520521',NULL,'大方县',NULL,'5205',NULL,NULL,NULL,NULL,NULL,NULL,NULL,NULL),('520522',NULL,'黔西县',NULL,'5205',NULL,NULL,NULL,NULL,NULL,NULL,NULL,NULL),('520523',NULL,'金沙县',NULL,'5205',NULL,NULL,NULL,NULL,NULL,NULL,NULL,NULL),('520524',NULL,'织金县',NULL,'5205',NULL,NULL,NULL,NULL,NULL,NULL,NULL,NULL),('520525',NULL,'纳雍县',NULL,'5205',NULL,NULL,NULL,NULL,NULL,NULL,NULL,NULL),('520526',NULL,'威宁彝族回族苗族自治县',NULL,'5205',NULL,NULL,NULL,NULL,NULL,NULL,NULL,NULL),('520527',NULL,'赫章县',NULL,'5205',NULL,NULL,NULL,NULL,NULL,NULL,NULL,NULL),('5206',NULL,'铜仁市',NULL,'52',NULL,NULL,NULL,NULL,NULL,NULL,NULL,NULL),('520601',NULL,'市辖区 ',NULL,'5206',NULL,NULL,NULL,NULL,NULL,NULL,NULL,NULL),('520602',NULL,'碧江区',NULL,'5206',NULL,NULL,NULL,NULL,NULL,NULL,NULL,NULL),('520603',NULL,'万山区',NULL,'5206',NULL,NULL,NULL,NULL,NULL,NULL,NULL,NULL),('520621',NULL,'江口县',NULL,'5206',NULL,NULL,NULL,NULL,NULL,NULL,NULL,NULL),('520622',NULL,'玉屏侗族自治县',NULL,'5206',NULL,NULL,NULL,NULL,NULL,NULL,NULL,NULL),('520623',NULL,'石阡县',NULL,'5206',NULL,NULL,NULL,NULL,NULL,NULL,NULL,NULL),('520624',NULL,'思南县',NULL,'5206',NULL,NULL,NULL,NULL,NULL,NULL,NULL,NULL),('520625',NULL,'印江土家族苗族自治县',NULL,'5206',NULL,NULL,NULL,NULL,NULL,NULL,NULL,NULL),('520626',NULL,'德江县',NULL,'5206',NULL,NULL,NULL,NULL,NULL,NULL,NULL,NULL),('520627',NULL,'沿河土家族自治县',NULL,'5206',NULL,NULL,NULL,NULL,NULL,NULL,NULL,NULL),('520628',NULL,'松桃苗族自治县',NULL,'5206',NULL,NULL,NULL,NULL,NULL,NULL,NULL,NULL),('5223',NULL,'黔西南布依族苗族自治州',NULL,'52',NULL,NULL,NULL,NULL,NULL,NULL,NULL,NULL),('522301',NULL,'兴义市',NULL,'5223',NULL,NULL,NULL,NULL,NULL,NULL,NULL,NULL),('522322',NULL,'兴仁县',NULL,'5223',NULL,NULL,NULL,NULL,NULL,NULL,NULL,NULL),('522323',NULL,'普安县',NULL,'5223',NULL,NULL,NULL,NULL,NULL,NULL,NULL,NULL),('522324',NULL,'晴隆县',NULL,'5223',NULL,NULL,NULL,NULL,NULL,NULL,NULL,NULL),('522325',NULL,'贞丰县',NULL,'5223',NULL,NULL,NULL,NULL,NULL,NULL,NULL,NULL),('522326',NULL,'望谟县',NULL,'5223',NULL,NULL,NULL,NULL,NULL,NULL,NULL,NULL),('522327',NULL,'册亨县',NULL,'5223',NULL,NULL,NULL,NULL,NULL,NULL,NULL,NULL),('522328',NULL,'安龙县',NULL,'5223',NULL,NULL,NULL,NULL,NULL,NULL,NULL,NULL),('5226',NULL,'黔东南苗族侗族自治州',NULL,'52',NULL,NULL,NULL,NULL,NULL,NULL,NULL,NULL),('522601',NULL,'凯里市',NULL,'5226',NULL,NULL,NULL,NULL,NULL,NULL,NULL,NULL),('522622',NULL,'黄平县',NULL,'5226',NULL,NULL,NULL,NULL,NULL,NULL,NULL,NULL),('522623',NULL,'施秉县',NULL,'5226',NULL,NULL,NULL,NULL,NULL,NULL,NULL,NULL),('522624',NULL,'三穗县',NULL,'5226',NULL,NULL,NULL,NULL,NULL,NULL,NULL,NULL),('522625',NULL,'镇远县',NULL,'5226',NULL,NULL,NULL,NULL,NULL,NULL,NULL,NULL),('522626',NULL,'岑巩县',NULL,'5226',NULL,NULL,NULL,NULL,NULL,NULL,NULL,NULL),('522627',NULL,'天柱县',NULL,'5226',NULL,NULL,NULL,NULL,NULL,NULL,NULL,NULL),('522628',NULL,'锦屏县',NULL,'5226',NULL,NULL,NULL,NULL,NULL,NULL,NULL,NULL),('522629',NULL,'剑河县',NULL,'5226',NULL,NULL,NULL,NULL,NULL,NULL,NULL,NULL),('522630',NULL,'台江县',NULL,'5226',NULL,NULL,NULL,NULL,NULL,NULL,NULL,NULL),('522631',NULL,'黎平县',NULL,'5226',NULL,NULL,NULL,NULL,NULL,NULL,NULL,NULL),('522632',NULL,'榕江县',NULL,'5226',NULL,NULL,NULL,NULL,NULL,NULL,NULL,NULL),('522633',NULL,'从江县',NULL,'5226',NULL,NULL,NULL,NULL,NULL,NULL,NULL,NULL),('522634',NULL,'雷山县',NULL,'5226',NULL,NULL,NULL,NULL,NULL,NULL,NULL,NULL),('522635',NULL,'麻江县',NULL,'5226',NULL,NULL,NULL,NULL,NULL,NULL,NULL,NULL),('522636',NULL,'丹寨县',NULL,'5226',NULL,NULL,NULL,NULL,NULL,NULL,NULL,NULL),('5227',NULL,'黔南布依族苗族自治州',NULL,'52',NULL,NULL,NULL,NULL,NULL,NULL,NULL,NULL),('522701',NULL,'都匀市',NULL,'5227',NULL,NULL,NULL,NULL,NULL,NULL,NULL,NULL),('522702',NULL,'福泉市',NULL,'5227',NULL,NULL,NULL,NULL,NULL,NULL,NULL,NULL),('522722',NULL,'荔波县',NULL,'5227',NULL,NULL,NULL,NULL,NULL,NULL,NULL,NULL),('522723',NULL,'贵定县',NULL,'5227',NULL,NULL,NULL,NULL,NULL,NULL,NULL,NULL),('522725',NULL,'瓮安县',NULL,'5227',NULL,NULL,NULL,NULL,NULL,NULL,NULL,NULL),('522726',NULL,'独山县',NULL,'5227',NULL,NULL,NULL,NULL,NULL,NULL,NULL,NULL),('522727',NULL,'平塘县',NULL,'5227',NULL,NULL,NULL,NULL,NULL,NULL,NULL,NULL),('522728',NULL,'罗甸县',NULL,'5227',NULL,NULL,NULL,NULL,NULL,NULL,NULL,NULL),('522729',NULL,'长顺县',NULL,'5227',NULL,NULL,NULL,NULL,NULL,NULL,NULL,NULL),('522730',NULL,'龙里县',NULL,'5227',NULL,NULL,NULL,NULL,NULL,NULL,NULL,NULL),('522731',NULL,'惠水县',NULL,'5227',NULL,NULL,NULL,NULL,NULL,NULL,NULL,NULL),('522732',NULL,'三都水族自治县',NULL,'5227',NULL,NULL,NULL,NULL,NULL,NULL,NULL,NULL),('53',NULL,'云南省',NULL,NULL,NULL,NULL,NULL,NULL,NULL,NULL,NULL,NULL),('5301',NULL,'昆明市',NULL,'53',NULL,NULL,NULL,NULL,NULL,NULL,NULL,NULL),('530101',NULL,'市辖区',NULL,'5301',NULL,NULL,NULL,NULL,NULL,NULL,NULL,NULL),('530102',NULL,'五华区',NULL,'5301',NULL,NULL,NULL,NULL,NULL,NULL,NULL,NULL),('530103',NULL,'盘龙区',NULL,'5301',NULL,NULL,NULL,NULL,NULL,NULL,NULL,NULL),('530111',NULL,'官渡区',NULL,'5301',NULL,NULL,NULL,NULL,NULL,NULL,NULL,NULL),('530112',NULL,'西山区',NULL,'5301',NULL,NULL,NULL,NULL,NULL,NULL,NULL,NULL),('530113',NULL,'东川区',NULL,'5301',NULL,NULL,NULL,NULL,NULL,NULL,NULL,NULL),('530114',NULL,'呈贡区',NULL,'5301',NULL,NULL,NULL,NULL,NULL,NULL,NULL,NULL),('530122',NULL,'晋宁县',NULL,'5301',NULL,NULL,NULL,NULL,NULL,NULL,NULL,NULL),('530124',NULL,'富民县',NULL,'5301',NULL,NULL,NULL,NULL,NULL,NULL,NULL,NULL),('530125',NULL,'宜良县',NULL,'5301',NULL,NULL,NULL,NULL,NULL,NULL,NULL,NULL),('530126',NULL,'石林彝族自治县',NULL,'5301',NULL,NULL,NULL,NULL,NULL,NULL,NULL,NULL),('530127',NULL,'嵩明县',NULL,'5301',NULL,NULL,NULL,NULL,NULL,NULL,NULL,NULL),('530128',NULL,'禄劝彝族苗族自治县',NULL,'5301',NULL,NULL,NULL,NULL,NULL,NULL,NULL,NULL),('530129',NULL,'寻甸回族彝族自治县',NULL,'5301',NULL,NULL,NULL,NULL,NULL,NULL,NULL,NULL),('530181',NULL,'安宁市',NULL,'5301',NULL,NULL,NULL,NULL,NULL,NULL,NULL,NULL),('5303',NULL,'曲靖市',NULL,'53',NULL,NULL,NULL,NULL,NULL,NULL,NULL,NULL),('530301',NULL,'市辖区',NULL,'5303',NULL,NULL,NULL,NULL,NULL,NULL,NULL,NULL),('530302',NULL,'麒麟区',NULL,'5303',NULL,NULL,NULL,NULL,NULL,NULL,NULL,NULL),('530321',NULL,'马龙县',NULL,'5303',NULL,NULL,NULL,NULL,NULL,NULL,NULL,NULL),('530322',NULL,'陆良县',NULL,'5303',NULL,NULL,NULL,NULL,NULL,NULL,NULL,NULL),('530323',NULL,'师宗县',NULL,'5303',NULL,NULL,NULL,NULL,NULL,NULL,NULL,NULL),('530324',NULL,'罗平县',NULL,'5303',NULL,NULL,NULL,NULL,NULL,NULL,NULL,NULL),('530325',NULL,'富源县',NULL,'5303',NULL,NULL,NULL,NULL,NULL,NULL,NULL,NULL),('530326',NULL,'会泽县',NULL,'5303',NULL,NULL,NULL,NULL,NULL,NULL,NULL,NULL),('530328',NULL,'沾益县',NULL,'5303',NULL,NULL,NULL,NULL,NULL,NULL,NULL,NULL),('530381',NULL,'宣威市',NULL,'5303',NULL,NULL,NULL,NULL,NULL,NULL,NULL,NULL),('5304',NULL,'玉溪市',NULL,'53',NULL,NULL,NULL,NULL,NULL,NULL,NULL,NULL),('530401',NULL,'市辖区',NULL,'5304',NULL,NULL,NULL,NULL,NULL,NULL,NULL,NULL),('530402',NULL,'红塔区',NULL,'5304',NULL,NULL,NULL,NULL,NULL,NULL,NULL,NULL),('530421',NULL,'江川县',NULL,'5304',NULL,NULL,NULL,NULL,NULL,NULL,NULL,NULL),('530422',NULL,'澄江县',NULL,'5304',NULL,NULL,NULL,NULL,NULL,NULL,NULL,NULL),('530423',NULL,'通海县',NULL,'5304',NULL,NULL,NULL,NULL,NULL,NULL,NULL,NULL),('530424',NULL,'华宁县',NULL,'5304',NULL,NULL,NULL,NULL,NULL,NULL,NULL,NULL),('530425',NULL,'易门县',NULL,'5304',NULL,NULL,NULL,NULL,NULL,NULL,NULL,NULL),('530426',NULL,'峨山彝族自治县',NULL,'5304',NULL,NULL,NULL,NULL,NULL,NULL,NULL,NULL),('530427',NULL,'新平彝族傣族自治县',NULL,'5304',NULL,NULL,NULL,NULL,NULL,NULL,NULL,NULL),('530428',NULL,'元江哈尼族彝族傣族自治县',NULL,'5304',NULL,NULL,NULL,NULL,NULL,NULL,NULL,NULL),('5305',NULL,'保山市',NULL,'53',NULL,NULL,NULL,NULL,NULL,NULL,NULL,NULL),('530501',NULL,'市辖区',NULL,'5305',NULL,NULL,NULL,NULL,NULL,NULL,NULL,NULL),('530502',NULL,'隆阳区',NULL,'5305',NULL,NULL,NULL,NULL,NULL,NULL,NULL,NULL),('530521',NULL,'施甸县',NULL,'5305',NULL,NULL,NULL,NULL,NULL,NULL,NULL,NULL),('530522',NULL,'腾冲县',NULL,'5305',NULL,NULL,NULL,NULL,NULL,NULL,NULL,NULL),('530523',NULL,'龙陵县',NULL,'5305',NULL,NULL,NULL,NULL,NULL,NULL,NULL,NULL),('530524',NULL,'昌宁县',NULL,'5305',NULL,NULL,NULL,NULL,NULL,NULL,NULL,NULL),('5306',NULL,'昭通市',NULL,'53',NULL,NULL,NULL,NULL,NULL,NULL,NULL,NULL),('530601',NULL,'市辖区',NULL,'5306',NULL,NULL,NULL,NULL,NULL,NULL,NULL,NULL),('530602',NULL,'昭阳区',NULL,'5306',NULL,NULL,NULL,NULL,NULL,NULL,NULL,NULL),('530621',NULL,'鲁甸县',NULL,'5306',NULL,NULL,NULL,NULL,NULL,NULL,NULL,NULL),('530622',NULL,'巧家县',NULL,'5306',NULL,NULL,NULL,NULL,NULL,NULL,NULL,NULL),('530623',NULL,'盐津县',NULL,'5306',NULL,NULL,NULL,NULL,NULL,NULL,NULL,NULL),('530624',NULL,'大关县',NULL,'5306',NULL,NULL,NULL,NULL,NULL,NULL,NULL,NULL),('530625',NULL,'永善县',NULL,'5306',NULL,NULL,NULL,NULL,NULL,NULL,NULL,NULL),('530626',NULL,'绥江县',NULL,'5306',NULL,NULL,NULL,NULL,NULL,NULL,NULL,NULL),('530627',NULL,'镇雄县',NULL,'5306',NULL,NULL,NULL,NULL,NULL,NULL,NULL,NULL),('530628',NULL,'彝良县',NULL,'5306',NULL,NULL,NULL,NULL,NULL,NULL,NULL,NULL),('530629',NULL,'威信县',NULL,'5306',NULL,NULL,NULL,NULL,NULL,NULL,NULL,NULL),('530630',NULL,'水富县',NULL,'5306',NULL,NULL,NULL,NULL,NULL,NULL,NULL,NULL),('5307',NULL,'丽江市',NULL,'53',NULL,NULL,NULL,NULL,NULL,NULL,NULL,NULL),('530701',NULL,'市辖区',NULL,'5307',NULL,NULL,NULL,NULL,NULL,NULL,NULL,NULL),('530702',NULL,'古城区',NULL,'5307',NULL,NULL,NULL,NULL,NULL,NULL,NULL,NULL),('530721',NULL,'玉龙纳西族自治县',NULL,'5307',NULL,NULL,NULL,NULL,NULL,NULL,NULL,NULL),('530722',NULL,'永胜县',NULL,'5307',NULL,NULL,NULL,NULL,NULL,NULL,NULL,NULL),('530723',NULL,'华坪县',NULL,'5307',NULL,NULL,NULL,NULL,NULL,NULL,NULL,NULL),('530724',NULL,'宁蒗彝族自治县',NULL,'5307',NULL,NULL,NULL,NULL,NULL,NULL,NULL,NULL),('5308',NULL,'普洱市',NULL,'53',NULL,NULL,NULL,NULL,NULL,NULL,NULL,NULL),('530801',NULL,'市辖区',NULL,'5308',NULL,NULL,NULL,NULL,NULL,NULL,NULL,NULL),('530802',NULL,'思茅区',NULL,'5308',NULL,NULL,NULL,NULL,NULL,NULL,NULL,NULL),('530821',NULL,'宁洱哈尼族彝族自治县',NULL,'5308',NULL,NULL,NULL,NULL,NULL,NULL,NULL,NULL),('530822',NULL,'墨江哈尼族自治县',NULL,'5308',NULL,NULL,NULL,NULL,NULL,NULL,NULL,NULL),('530823',NULL,'景东彝族自治县',NULL,'5308',NULL,NULL,NULL,NULL,NULL,NULL,NULL,NULL),('530824',NULL,'景谷傣族彝族自治县',NULL,'5308',NULL,NULL,NULL,NULL,NULL,NULL,NULL,NULL),('530825',NULL,'镇沅彝族哈尼族拉祜族自治县',NULL,'5308',NULL,NULL,NULL,NULL,NULL,NULL,NULL,NULL),('530826',NULL,'江城哈尼族彝族自治县',NULL,'5308',NULL,NULL,NULL,NULL,NULL,NULL,NULL,NULL),('530827',NULL,'孟连傣族拉祜族佤族自治县',NULL,'5308',NULL,NULL,NULL,NULL,NULL,NULL,NULL,NULL),('530828',NULL,'澜沧拉祜族自治县',NULL,'5308',NULL,NULL,NULL,NULL,NULL,NULL,NULL,NULL),('530829',NULL,'西盟佤族自治县',NULL,'5308',NULL,NULL,NULL,NULL,NULL,NULL,NULL,NULL),('5309',NULL,'临沧市',NULL,'53',NULL,NULL,NULL,NULL,NULL,NULL,NULL,NULL),('530901',NULL,'市辖区',NULL,'5309',NULL,NULL,NULL,NULL,NULL,NULL,NULL,NULL),('530902',NULL,'临翔区',NULL,'5309',NULL,NULL,NULL,NULL,NULL,NULL,NULL,NULL),('530921',NULL,'凤庆县',NULL,'5309',NULL,NULL,NULL,NULL,NULL,NULL,NULL,NULL),('530922',NULL,'云县',NULL,'5309',NULL,NULL,NULL,NULL,NULL,NULL,NULL,NULL),('530923',NULL,'永德县',NULL,'5309',NULL,NULL,NULL,NULL,NULL,NULL,NULL,NULL),('530924',NULL,'镇康县',NULL,'5309',NULL,NULL,NULL,NULL,NULL,NULL,NULL,NULL),('530925',NULL,'双江拉祜族佤族布朗族傣族自治县',NULL,'5309',NULL,NULL,NULL,NULL,NULL,NULL,NULL,NULL),('530926',NULL,'耿马傣族佤族自治县',NULL,'5309',NULL,NULL,NULL,NULL,NULL,NULL,NULL,NULL),('530927',NULL,'沧源佤族自治县',NULL,'5309',NULL,NULL,NULL,NULL,NULL,NULL,NULL,NULL),('5323',NULL,'楚雄彝族自治州',NULL,'53',NULL,NULL,NULL,NULL,NULL,NULL,NULL,NULL),('532301',NULL,'楚雄市',NULL,'5323',NULL,NULL,NULL,NULL,NULL,NULL,NULL,NULL),('532322',NULL,'双柏县',NULL,'5323',NULL,NULL,NULL,NULL,NULL,NULL,NULL,NULL),('532323',NULL,'牟定县',NULL,'5323',NULL,NULL,NULL,NULL,NULL,NULL,NULL,NULL),('532324',NULL,'南华县',NULL,'5323',NULL,NULL,NULL,NULL,NULL,NULL,NULL,NULL),('532325',NULL,'姚安县',NULL,'5323',NULL,NULL,NULL,NULL,NULL,NULL,NULL,NULL),('532326',NULL,'大姚县',NULL,'5323',NULL,NULL,NULL,NULL,NULL,NULL,NULL,NULL),('532327',NULL,'永仁县',NULL,'5323',NULL,NULL,NULL,NULL,NULL,NULL,NULL,NULL),('532328',NULL,'元谋县',NULL,'5323',NULL,NULL,NULL,NULL,NULL,NULL,NULL,NULL),('532329',NULL,'武定县',NULL,'5323',NULL,NULL,NULL,NULL,NULL,NULL,NULL,NULL),('532331',NULL,'禄丰县',NULL,'5323',NULL,NULL,NULL,NULL,NULL,NULL,NULL,NULL),('5325',NULL,'红河哈尼族彝族自治州',NULL,'53',NULL,NULL,NULL,NULL,NULL,NULL,NULL,NULL),('532501',NULL,'个旧市',NULL,'5325',NULL,NULL,NULL,NULL,NULL,NULL,NULL,NULL),('532502',NULL,'开远市',NULL,'5325',NULL,NULL,NULL,NULL,NULL,NULL,NULL,NULL),('532503',NULL,'蒙自市',NULL,'5325',NULL,NULL,NULL,NULL,NULL,NULL,NULL,NULL),('532523',NULL,'屏边苗族自治县',NULL,'5325',NULL,NULL,NULL,NULL,NULL,NULL,NULL,NULL),('532524',NULL,'建水县',NULL,'5325',NULL,NULL,NULL,NULL,NULL,NULL,NULL,NULL),('532525',NULL,'石屏县',NULL,'5325',NULL,NULL,NULL,NULL,NULL,NULL,NULL,NULL),('532526',NULL,'弥勒县',NULL,'5325',NULL,NULL,NULL,NULL,NULL,NULL,NULL,NULL),('532527',NULL,'泸西县',NULL,'5325',NULL,NULL,NULL,NULL,NULL,NULL,NULL,NULL),('532528',NULL,'元阳县',NULL,'5325',NULL,NULL,NULL,NULL,NULL,NULL,NULL,NULL),('532529',NULL,'红河县',NULL,'5325',NULL,NULL,NULL,NULL,NULL,NULL,NULL,NULL),('532530',NULL,'金平苗族瑶族傣族自治县',NULL,'5325',NULL,NULL,NULL,NULL,NULL,NULL,NULL,NULL),('532531',NULL,'绿春县',NULL,'5325',NULL,NULL,NULL,NULL,NULL,NULL,NULL,NULL),('532532',NULL,'河口瑶族自治县',NULL,'5325',NULL,NULL,NULL,NULL,NULL,NULL,NULL,NULL),('5326',NULL,'文山壮族苗族自治州',NULL,'53',NULL,NULL,NULL,NULL,NULL,NULL,NULL,NULL),('532601',NULL,'文山市',NULL,'5326',NULL,NULL,NULL,NULL,NULL,NULL,NULL,NULL),('532622',NULL,'砚山县',NULL,'5326',NULL,NULL,NULL,NULL,NULL,NULL,NULL,NULL),('532623',NULL,'西畴县',NULL,'5326',NULL,NULL,NULL,NULL,NULL,NULL,NULL,NULL),('532624',NULL,'麻栗坡县',NULL,'5326',NULL,NULL,NULL,NULL,NULL,NULL,NULL,NULL),('532625',NULL,'马关县',NULL,'5326',NULL,NULL,NULL,NULL,NULL,NULL,NULL,NULL),('532626',NULL,'丘北县',NULL,'5326',NULL,NULL,NULL,NULL,NULL,NULL,NULL,NULL),('532627',NULL,'广南县',NULL,'5326',NULL,NULL,NULL,NULL,NULL,NULL,NULL,NULL),('532628',NULL,'富宁县',NULL,'5326',NULL,NULL,NULL,NULL,NULL,NULL,NULL,NULL),('5328',NULL,'西双版纳傣族自治州',NULL,'53',NULL,NULL,NULL,NULL,NULL,NULL,NULL,NULL),('532801',NULL,'景洪市',NULL,'5328',NULL,NULL,NULL,NULL,NULL,NULL,NULL,NULL),('532822',NULL,'勐海县',NULL,'5328',NULL,NULL,NULL,NULL,NULL,NULL,NULL,NULL),('532823',NULL,'勐腊县',NULL,'5328',NULL,NULL,NULL,NULL,NULL,NULL,NULL,NULL),('5329',NULL,'大理白族自治州',NULL,'53',NULL,NULL,NULL,NULL,NULL,NULL,NULL,NULL),('532901',NULL,'大理市',NULL,'5329',NULL,NULL,NULL,NULL,NULL,NULL,NULL,NULL),('532922',NULL,'漾濞彝族自治县',NULL,'5329',NULL,NULL,NULL,NULL,NULL,NULL,NULL,NULL),('532923',NULL,'祥云县',NULL,'5329',NULL,NULL,NULL,NULL,NULL,NULL,NULL,NULL),('532924',NULL,'宾川县',NULL,'5329',NULL,NULL,NULL,NULL,NULL,NULL,NULL,NULL),('532925',NULL,'弥渡县',NULL,'5329',NULL,NULL,NULL,NULL,NULL,NULL,NULL,NULL),('532926',NULL,'南涧彝族自治县',NULL,'5329',NULL,NULL,NULL,NULL,NULL,NULL,NULL,NULL),('532927',NULL,'巍山彝族回族自治县',NULL,'5329',NULL,NULL,NULL,NULL,NULL,NULL,NULL,NULL),('532928',NULL,'永平县',NULL,'5329',NULL,NULL,NULL,NULL,NULL,NULL,NULL,NULL),('532929',NULL,'云龙县',NULL,'5329',NULL,NULL,NULL,NULL,NULL,NULL,NULL,NULL),('532930',NULL,'洱源县',NULL,'5329',NULL,NULL,NULL,NULL,NULL,NULL,NULL,NULL),('532931',NULL,'剑川县',NULL,'5329',NULL,NULL,NULL,NULL,NULL,NULL,NULL,NULL),('532932',NULL,'鹤庆县',NULL,'5329',NULL,NULL,NULL,NULL,NULL,NULL,NULL,NULL),('5331',NULL,'德宏傣族景颇族自治州',NULL,'53',NULL,NULL,NULL,NULL,NULL,NULL,NULL,NULL),('533102',NULL,'瑞丽市',NULL,'5331',NULL,NULL,NULL,NULL,NULL,NULL,NULL,NULL),('533103',NULL,'芒市',NULL,'5331',NULL,NULL,NULL,NULL,NULL,NULL,NULL,NULL),('533122',NULL,'梁河县',NULL,'5331',NULL,NULL,NULL,NULL,NULL,NULL,NULL,NULL),('533123',NULL,'盈江县',NULL,'5331',NULL,NULL,NULL,NULL,NULL,NULL,NULL,NULL),('533124',NULL,'陇川县',NULL,'5331',NULL,NULL,NULL,NULL,NULL,NULL,NULL,NULL),('5333',NULL,'怒江傈僳族自治州',NULL,'53',NULL,NULL,NULL,NULL,NULL,NULL,NULL,NULL),('533321',NULL,'泸水县',NULL,'5333',NULL,NULL,NULL,NULL,NULL,NULL,NULL,NULL),('533323',NULL,'福贡县',NULL,'5333',NULL,NULL,NULL,NULL,NULL,NULL,NULL,NULL),('533324',NULL,'贡山独龙族怒族自治县',NULL,'5333',NULL,NULL,NULL,NULL,NULL,NULL,NULL,NULL),('533325',NULL,'兰坪白族普米族自治县',NULL,'5333',NULL,NULL,NULL,NULL,NULL,NULL,NULL,NULL),('5334',NULL,'迪庆藏族自治州',NULL,'53',NULL,NULL,NULL,NULL,NULL,NULL,NULL,NULL),('533421',NULL,'香格里拉县',NULL,'5334',NULL,NULL,NULL,NULL,NULL,NULL,NULL,NULL),('533422',NULL,'德钦县',NULL,'5334',NULL,NULL,NULL,NULL,NULL,NULL,NULL,NULL),('533423',NULL,'维西傈僳族自治县',NULL,'5334',NULL,NULL,NULL,NULL,NULL,NULL,NULL,NULL),('54',NULL,'西藏自治区',NULL,NULL,NULL,NULL,NULL,NULL,NULL,NULL,NULL,NULL),('5401',NULL,'拉萨市',NULL,'54',NULL,NULL,NULL,NULL,NULL,NULL,NULL,NULL),('540101',NULL,'市辖区',NULL,'5401',NULL,NULL,NULL,NULL,NULL,NULL,NULL,NULL),('540102',NULL,'城关区',NULL,'5401',NULL,NULL,NULL,NULL,NULL,NULL,NULL,NULL),('540121',NULL,'林周县',NULL,'5401',NULL,NULL,NULL,NULL,NULL,NULL,NULL,NULL),('540122',NULL,'当雄县',NULL,'5401',NULL,NULL,NULL,NULL,NULL,NULL,NULL,NULL),('540123',NULL,'尼木县',NULL,'5401',NULL,NULL,NULL,NULL,NULL,NULL,NULL,NULL),('540124',NULL,'曲水县',NULL,'5401',NULL,NULL,NULL,NULL,NULL,NULL,NULL,NULL),('540125',NULL,'堆龙德庆县',NULL,'5401',NULL,NULL,NULL,NULL,NULL,NULL,NULL,NULL),('540126',NULL,'达孜县',NULL,'5401',NULL,NULL,NULL,NULL,NULL,NULL,NULL,NULL),('540127',NULL,'墨竹工卡县',NULL,'5401',NULL,NULL,NULL,NULL,NULL,NULL,NULL,NULL),('5421',NULL,'昌都地区',NULL,'54',NULL,NULL,NULL,NULL,NULL,NULL,NULL,NULL),('542121',NULL,'昌都县',NULL,'5421',NULL,NULL,NULL,NULL,NULL,NULL,NULL,NULL),('542122',NULL,'江达县',NULL,'5421',NULL,NULL,NULL,NULL,NULL,NULL,NULL,NULL),('542123',NULL,'贡觉县',NULL,'5421',NULL,NULL,NULL,NULL,NULL,NULL,NULL,NULL),('542124',NULL,'类乌齐县',NULL,'5421',NULL,NULL,NULL,NULL,NULL,NULL,NULL,NULL),('542125',NULL,'丁青县',NULL,'5421',NULL,NULL,NULL,NULL,NULL,NULL,NULL,NULL),('542126',NULL,'察雅县',NULL,'5421',NULL,NULL,NULL,NULL,NULL,NULL,NULL,NULL),('542127',NULL,'八宿县',NULL,'5421',NULL,NULL,NULL,NULL,NULL,NULL,NULL,NULL),('542128',NULL,'左贡县',NULL,'5421',NULL,NULL,NULL,NULL,NULL,NULL,NULL,NULL),('542129',NULL,'芒康县',NULL,'5421',NULL,NULL,NULL,NULL,NULL,NULL,NULL,NULL),('542132',NULL,'洛隆县',NULL,'5421',NULL,NULL,NULL,NULL,NULL,NULL,NULL,NULL),('542133',NULL,'边坝县',NULL,'5421',NULL,NULL,NULL,NULL,NULL,NULL,NULL,NULL),('5422',NULL,'山南地区',NULL,'54',NULL,NULL,NULL,NULL,NULL,NULL,NULL,NULL),('542221',NULL,'乃东县',NULL,'5422',NULL,NULL,NULL,NULL,NULL,NULL,NULL,NULL),('542222',NULL,'扎囊县',NULL,'5422',NULL,NULL,NULL,NULL,NULL,NULL,NULL,NULL),('542223',NULL,'贡嘎县',NULL,'5422',NULL,NULL,NULL,NULL,NULL,NULL,NULL,NULL),('542224',NULL,'桑日县',NULL,'5422',NULL,NULL,NULL,NULL,NULL,NULL,NULL,NULL),('542225',NULL,'琼结县',NULL,'5422',NULL,NULL,NULL,NULL,NULL,NULL,NULL,NULL),('542226',NULL,'曲松县',NULL,'5422',NULL,NULL,NULL,NULL,NULL,NULL,NULL,NULL),('542227',NULL,'措美县',NULL,'5422',NULL,NULL,NULL,NULL,NULL,NULL,NULL,NULL),('542228',NULL,'洛扎县',NULL,'5422',NULL,NULL,NULL,NULL,NULL,NULL,NULL,NULL),('542229',NULL,'加查县',NULL,'5422',NULL,NULL,NULL,NULL,NULL,NULL,NULL,NULL),('542231',NULL,'隆子县',NULL,'5422',NULL,NULL,NULL,NULL,NULL,NULL,NULL,NULL),('542232',NULL,'错那县',NULL,'5422',NULL,NULL,NULL,NULL,NULL,NULL,NULL,NULL),('542233',NULL,'浪卡子县',NULL,'5422',NULL,NULL,NULL,NULL,NULL,NULL,NULL,NULL),('5423',NULL,'日喀则地区',NULL,'54',NULL,NULL,NULL,NULL,NULL,NULL,NULL,NULL),('542301',NULL,'日喀则市',NULL,'5423',NULL,NULL,NULL,NULL,NULL,NULL,NULL,NULL),('542322',NULL,'南木林县',NULL,'5423',NULL,NULL,NULL,NULL,NULL,NULL,NULL,NULL),('542323',NULL,'江孜县',NULL,'5423',NULL,NULL,NULL,NULL,NULL,NULL,NULL,NULL),('542324',NULL,'定日县',NULL,'5423',NULL,NULL,NULL,NULL,NULL,NULL,NULL,NULL),('542325',NULL,'萨迦县',NULL,'5423',NULL,NULL,NULL,NULL,NULL,NULL,NULL,NULL),('542326',NULL,'拉孜县',NULL,'5423',NULL,NULL,NULL,NULL,NULL,NULL,NULL,NULL),('542327',NULL,'昂仁县',NULL,'5423',NULL,NULL,NULL,NULL,NULL,NULL,NULL,NULL),('542328',NULL,'谢通门县',NULL,'5423',NULL,NULL,NULL,NULL,NULL,NULL,NULL,NULL),('542329',NULL,'白朗县',NULL,'5423',NULL,NULL,NULL,NULL,NULL,NULL,NULL,NULL),('542330',NULL,'仁布县',NULL,'5423',NULL,NULL,NULL,NULL,NULL,NULL,NULL,NULL),('542331',NULL,'康马县',NULL,'5423',NULL,NULL,NULL,NULL,NULL,NULL,NULL,NULL),('542332',NULL,'定结县',NULL,'5423',NULL,NULL,NULL,NULL,NULL,NULL,NULL,NULL),('542333',NULL,'仲巴县',NULL,'5423',NULL,NULL,NULL,NULL,NULL,NULL,NULL,NULL),('542334',NULL,'亚东县',NULL,'5423',NULL,NULL,NULL,NULL,NULL,NULL,NULL,NULL),('542335',NULL,'吉隆县',NULL,'5423',NULL,NULL,NULL,NULL,NULL,NULL,NULL,NULL),('542336',NULL,'聂拉木县',NULL,'5423',NULL,NULL,NULL,NULL,NULL,NULL,NULL,NULL),('542337',NULL,'萨嘎县',NULL,'5423',NULL,NULL,NULL,NULL,NULL,NULL,NULL,NULL),('542338',NULL,'岗巴县',NULL,'5423',NULL,NULL,NULL,NULL,NULL,NULL,NULL,NULL),('5424',NULL,'那曲地区',NULL,'54',NULL,NULL,NULL,NULL,NULL,NULL,NULL,NULL),('542421',NULL,'那曲县',NULL,'5424',NULL,NULL,NULL,NULL,NULL,NULL,NULL,NULL),('542422',NULL,'嘉黎县',NULL,'5424',NULL,NULL,NULL,NULL,NULL,NULL,NULL,NULL),('542423',NULL,'比如县',NULL,'5424',NULL,NULL,NULL,NULL,NULL,NULL,NULL,NULL),('542424',NULL,'聂荣县',NULL,'5424',NULL,NULL,NULL,NULL,NULL,NULL,NULL,NULL),('542425',NULL,'安多县',NULL,'5424',NULL,NULL,NULL,NULL,NULL,NULL,NULL,NULL),('542426',NULL,'申扎县',NULL,'5424',NULL,NULL,NULL,NULL,NULL,NULL,NULL,NULL),('542427',NULL,'索县',NULL,'5424',NULL,NULL,NULL,NULL,NULL,NULL,NULL,NULL),('542428',NULL,'班戈县',NULL,'5424',NULL,NULL,NULL,NULL,NULL,NULL,NULL,NULL),('542429',NULL,'巴青县',NULL,'5424',NULL,NULL,NULL,NULL,NULL,NULL,NULL,NULL),('542430',NULL,'尼玛县',NULL,'5424',NULL,NULL,NULL,NULL,NULL,NULL,NULL,NULL),('5425',NULL,'阿里地区',NULL,'54',NULL,NULL,NULL,NULL,NULL,NULL,NULL,NULL),('542521',NULL,'普兰县',NULL,'5425',NULL,NULL,NULL,NULL,NULL,NULL,NULL,NULL),('542522',NULL,'札达县',NULL,'5425',NULL,NULL,NULL,NULL,NULL,NULL,NULL,NULL),('542523',NULL,'噶尔县',NULL,'5425',NULL,NULL,NULL,NULL,NULL,NULL,NULL,NULL),('542524',NULL,'日土县',NULL,'5425',NULL,NULL,NULL,NULL,NULL,NULL,NULL,NULL),('542525',NULL,'革吉县',NULL,'5425',NULL,NULL,NULL,NULL,NULL,NULL,NULL,NULL),('542526',NULL,'改则县',NULL,'5425',NULL,NULL,NULL,NULL,NULL,NULL,NULL,NULL),('542527',NULL,'措勤县',NULL,'5425',NULL,NULL,NULL,NULL,NULL,NULL,NULL,NULL),('5426',NULL,'林芝地区',NULL,'54',NULL,NULL,NULL,NULL,NULL,NULL,NULL,NULL),('542621',NULL,'林芝县',NULL,'5426',NULL,NULL,NULL,NULL,NULL,NULL,NULL,NULL),('542622',NULL,'工布江达县',NULL,'5426',NULL,NULL,NULL,NULL,NULL,NULL,NULL,NULL),('542623',NULL,'米林县',NULL,'5426',NULL,NULL,NULL,NULL,NULL,NULL,NULL,NULL),('542624',NULL,'墨脱县',NULL,'5426',NULL,NULL,NULL,NULL,NULL,NULL,NULL,NULL),('542625',NULL,'波密县',NULL,'5426',NULL,NULL,NULL,NULL,NULL,NULL,NULL,NULL),('542626',NULL,'察隅县',NULL,'5426',NULL,NULL,NULL,NULL,NULL,NULL,NULL,NULL),('542627',NULL,'朗县',NULL,'5426',NULL,NULL,NULL,NULL,NULL,NULL,NULL,NULL),('61',NULL,'陕西省',NULL,NULL,NULL,NULL,NULL,NULL,NULL,NULL,NULL,NULL),('6101',NULL,'西安市',NULL,'61',NULL,NULL,NULL,NULL,NULL,NULL,NULL,NULL),('610101',NULL,'市辖区',NULL,'6101',NULL,NULL,NULL,NULL,NULL,NULL,NULL,NULL),('610102',NULL,'新城区',NULL,'6101',NULL,NULL,NULL,NULL,NULL,NULL,NULL,NULL),('610103',NULL,'碑林区',NULL,'6101',NULL,NULL,NULL,NULL,NULL,NULL,NULL,NULL),('610104',NULL,'莲湖区',NULL,'6101',NULL,NULL,NULL,NULL,NULL,NULL,NULL,NULL),('610111',NULL,'灞桥区',NULL,'6101',NULL,NULL,NULL,NULL,NULL,NULL,NULL,NULL),('610112',NULL,'未央区',NULL,'6101',NULL,NULL,NULL,NULL,NULL,NULL,NULL,NULL),('610113',NULL,'雁塔区',NULL,'6101',NULL,NULL,NULL,NULL,NULL,NULL,NULL,NULL),('610114',NULL,'阎良区',NULL,'6101',NULL,NULL,NULL,NULL,NULL,NULL,NULL,NULL),('610115',NULL,'临潼区',NULL,'6101',NULL,NULL,NULL,NULL,NULL,NULL,NULL,NULL),('610116',NULL,'长安区',NULL,'6101',NULL,NULL,NULL,NULL,NULL,NULL,NULL,NULL),('610122',NULL,'蓝田县',NULL,'6101',NULL,NULL,NULL,NULL,NULL,NULL,NULL,NULL),('610124',NULL,'周至县',NULL,'6101',NULL,NULL,NULL,NULL,NULL,NULL,NULL,NULL),('610125',NULL,'户县',NULL,'6101',NULL,NULL,NULL,NULL,NULL,NULL,NULL,NULL),('610126',NULL,'高陵县',NULL,'6101',NULL,NULL,NULL,NULL,NULL,NULL,NULL,NULL),('6102',NULL,'铜川市',NULL,'61',NULL,NULL,NULL,NULL,NULL,NULL,NULL,NULL),('610201',NULL,'市辖区',NULL,'6102',NULL,NULL,NULL,NULL,NULL,NULL,NULL,NULL),('610202',NULL,'王益区',NULL,'6102',NULL,NULL,NULL,NULL,NULL,NULL,NULL,NULL),('610203',NULL,'印台区',NULL,'6102',NULL,NULL,NULL,NULL,NULL,NULL,NULL,NULL),('610204',NULL,'耀州区',NULL,'6102',NULL,NULL,NULL,NULL,NULL,NULL,NULL,NULL),('610222',NULL,'宜君县',NULL,'6102',NULL,NULL,NULL,NULL,NULL,NULL,NULL,NULL),('6103',NULL,'宝鸡市',NULL,'61',NULL,NULL,NULL,NULL,NULL,NULL,NULL,NULL),('610301',NULL,'市辖区',NULL,'6103',NULL,NULL,NULL,NULL,NULL,NULL,NULL,NULL),('610302',NULL,'渭滨区',NULL,'6103',NULL,NULL,NULL,NULL,NULL,NULL,NULL,NULL),('610303',NULL,'金台区',NULL,'6103',NULL,NULL,NULL,NULL,NULL,NULL,NULL,NULL),('610304',NULL,'陈仓区',NULL,'6103',NULL,NULL,NULL,NULL,NULL,NULL,NULL,NULL),('610322',NULL,'凤翔县',NULL,'6103',NULL,NULL,NULL,NULL,NULL,NULL,NULL,NULL),('610323',NULL,'岐山县',NULL,'6103',NULL,NULL,NULL,NULL,NULL,NULL,NULL,NULL),('610324',NULL,'扶风县',NULL,'6103',NULL,NULL,NULL,NULL,NULL,NULL,NULL,NULL),('610326',NULL,'眉县',NULL,'6103',NULL,NULL,NULL,NULL,NULL,NULL,NULL,NULL),('610327',NULL,'陇县',NULL,'6103',NULL,NULL,NULL,NULL,NULL,NULL,NULL,NULL),('610328',NULL,'千阳县',NULL,'6103',NULL,NULL,NULL,NULL,NULL,NULL,NULL,NULL),('610329',NULL,'麟游县',NULL,'6103',NULL,NULL,NULL,NULL,NULL,NULL,NULL,NULL),('610330',NULL,'凤县',NULL,'6103',NULL,NULL,NULL,NULL,NULL,NULL,NULL,NULL),('610331',NULL,'太白县',NULL,'6103',NULL,NULL,NULL,NULL,NULL,NULL,NULL,NULL),('6104',NULL,'咸阳市',NULL,'61',NULL,NULL,NULL,NULL,NULL,NULL,NULL,NULL),('610401',NULL,'市辖区',NULL,'6104',NULL,NULL,NULL,NULL,NULL,NULL,NULL,NULL),('610402',NULL,'秦都区',NULL,'6104',NULL,NULL,NULL,NULL,NULL,NULL,NULL,NULL),('610403',NULL,'杨陵区',NULL,'6104',NULL,NULL,NULL,NULL,NULL,NULL,NULL,NULL),('610404',NULL,'渭城区',NULL,'6104',NULL,NULL,NULL,NULL,NULL,NULL,NULL,NULL),('610422',NULL,'三原县',NULL,'6104',NULL,NULL,NULL,NULL,NULL,NULL,NULL,NULL),('610423',NULL,'泾阳县',NULL,'6104',NULL,NULL,NULL,NULL,NULL,NULL,NULL,NULL),('610424',NULL,'乾县',NULL,'6104',NULL,NULL,NULL,NULL,NULL,NULL,NULL,NULL),('610425',NULL,'礼泉县',NULL,'6104',NULL,NULL,NULL,NULL,NULL,NULL,NULL,NULL),('610426',NULL,'永寿县',NULL,'6104',NULL,NULL,NULL,NULL,NULL,NULL,NULL,NULL),('610427',NULL,'彬县',NULL,'6104',NULL,NULL,NULL,NULL,NULL,NULL,NULL,NULL),('610428',NULL,'长武县',NULL,'6104',NULL,NULL,NULL,NULL,NULL,NULL,NULL,NULL),('610429',NULL,'旬邑县',NULL,'6104',NULL,NULL,NULL,NULL,NULL,NULL,NULL,NULL),('610430',NULL,'淳化县',NULL,'6104',NULL,NULL,NULL,NULL,NULL,NULL,NULL,NULL),('610431',NULL,'武功县',NULL,'6104',NULL,NULL,NULL,NULL,NULL,NULL,NULL,NULL),('610481',NULL,'兴平市',NULL,'6104',NULL,NULL,NULL,NULL,NULL,NULL,NULL,NULL),('6105',NULL,'渭南市',NULL,'61',NULL,NULL,NULL,NULL,NULL,NULL,NULL,NULL),('610501',NULL,'市辖区',NULL,'6105',NULL,NULL,NULL,NULL,NULL,NULL,NULL,NULL),('610502',NULL,'临渭区',NULL,'6105',NULL,NULL,NULL,NULL,NULL,NULL,NULL,NULL),('610521',NULL,'华县',NULL,'6105',NULL,NULL,NULL,NULL,NULL,NULL,NULL,NULL),('610522',NULL,'潼关县',NULL,'6105',NULL,NULL,NULL,NULL,NULL,NULL,NULL,NULL),('610523',NULL,'大荔县',NULL,'6105',NULL,NULL,NULL,NULL,NULL,NULL,NULL,NULL),('610524',NULL,'合阳县',NULL,'6105',NULL,NULL,NULL,NULL,NULL,NULL,NULL,NULL),('610525',NULL,'澄城县',NULL,'6105',NULL,NULL,NULL,NULL,NULL,NULL,NULL,NULL),('610526',NULL,'蒲城县',NULL,'6105',NULL,NULL,NULL,NULL,NULL,NULL,NULL,NULL),('610527',NULL,'白水县',NULL,'6105',NULL,NULL,NULL,NULL,NULL,NULL,NULL,NULL),('610528',NULL,'富平县',NULL,'6105',NULL,NULL,NULL,NULL,NULL,NULL,NULL,NULL),('610581',NULL,'韩城市',NULL,'6105',NULL,NULL,NULL,NULL,NULL,NULL,NULL,NULL),('610582',NULL,'华阴市',NULL,'6105',NULL,NULL,NULL,NULL,NULL,NULL,NULL,NULL),('6106',NULL,'延安市',NULL,'61',NULL,NULL,NULL,NULL,NULL,NULL,NULL,NULL),('610601',NULL,'市辖区',NULL,'6106',NULL,NULL,NULL,NULL,NULL,NULL,NULL,NULL),('610602',NULL,'宝塔区',NULL,'6106',NULL,NULL,NULL,NULL,NULL,NULL,NULL,NULL),('610621',NULL,'延长县',NULL,'6106',NULL,NULL,NULL,NULL,NULL,NULL,NULL,NULL),('610622',NULL,'延川县',NULL,'6106',NULL,NULL,NULL,NULL,NULL,NULL,NULL,NULL),('610623',NULL,'子长县',NULL,'6106',NULL,NULL,NULL,NULL,NULL,NULL,NULL,NULL),('610624',NULL,'安塞县',NULL,'6106',NULL,NULL,NULL,NULL,NULL,NULL,NULL,NULL),('610625',NULL,'志丹县',NULL,'6106',NULL,NULL,NULL,NULL,NULL,NULL,NULL,NULL),('610626',NULL,'吴起县',NULL,'6106',NULL,NULL,NULL,NULL,NULL,NULL,NULL,NULL),('610627',NULL,'甘泉县',NULL,'6106',NULL,NULL,NULL,NULL,NULL,NULL,NULL,NULL),('610628',NULL,'富县',NULL,'6106',NULL,NULL,NULL,NULL,NULL,NULL,NULL,NULL),('610629',NULL,'洛川县',NULL,'6106',NULL,NULL,NULL,NULL,NULL,NULL,NULL,NULL),('610630',NULL,'宜川县',NULL,'6106',NULL,NULL,NULL,NULL,NULL,NULL,NULL,NULL),('610631',NULL,'黄龙县',NULL,'6106',NULL,NULL,NULL,NULL,NULL,NULL,NULL,NULL),('610632',NULL,'黄陵县',NULL,'6106',NULL,NULL,NULL,NULL,NULL,NULL,NULL,NULL),('6107',NULL,'汉中市',NULL,'61',NULL,NULL,NULL,NULL,NULL,NULL,NULL,NULL),('610701',NULL,'市辖区',NULL,'6107',NULL,NULL,NULL,NULL,NULL,NULL,NULL,NULL),('610702',NULL,'汉台区',NULL,'6107',NULL,NULL,NULL,NULL,NULL,NULL,NULL,NULL),('610721',NULL,'南郑县',NULL,'6107',NULL,NULL,NULL,NULL,NULL,NULL,NULL,NULL),('610722',NULL,'城固县',NULL,'6107',NULL,NULL,NULL,NULL,NULL,NULL,NULL,NULL),('610723',NULL,'洋县',NULL,'6107',NULL,NULL,NULL,NULL,NULL,NULL,NULL,NULL),('610724',NULL,'西乡县',NULL,'6107',NULL,NULL,NULL,NULL,NULL,NULL,NULL,NULL),('610725',NULL,'勉县',NULL,'6107',NULL,NULL,NULL,NULL,NULL,NULL,NULL,NULL),('610726',NULL,'宁强县',NULL,'6107',NULL,NULL,NULL,NULL,NULL,NULL,NULL,NULL),('610727',NULL,'略阳县',NULL,'6107',NULL,NULL,NULL,NULL,NULL,NULL,NULL,NULL),('610728',NULL,'镇巴县',NULL,'6107',NULL,NULL,NULL,NULL,NULL,NULL,NULL,NULL),('610729',NULL,'留坝县',NULL,'6107',NULL,NULL,NULL,NULL,NULL,NULL,NULL,NULL),('610730',NULL,'佛坪县',NULL,'6107',NULL,NULL,NULL,NULL,NULL,NULL,NULL,NULL),('6108',NULL,'榆林市',NULL,'61',NULL,NULL,NULL,NULL,NULL,NULL,NULL,NULL),('610801',NULL,'市辖区',NULL,'6108',NULL,NULL,NULL,NULL,NULL,NULL,NULL,NULL),('610802',NULL,'榆阳区',NULL,'6108',NULL,NULL,NULL,NULL,NULL,NULL,NULL,NULL),('610821',NULL,'神木县',NULL,'6108',NULL,NULL,NULL,NULL,NULL,NULL,NULL,NULL),('610822',NULL,'府谷县',NULL,'6108',NULL,NULL,NULL,NULL,NULL,NULL,NULL,NULL),('610823',NULL,'横山县',NULL,'6108',NULL,NULL,NULL,NULL,NULL,NULL,NULL,NULL),('610824',NULL,'靖边县',NULL,'6108',NULL,NULL,NULL,NULL,NULL,NULL,NULL,NULL),('610825',NULL,'定边县',NULL,'6108',NULL,NULL,NULL,NULL,NULL,NULL,NULL,NULL),('610826',NULL,'绥德县',NULL,'6108',NULL,NULL,NULL,NULL,NULL,NULL,NULL,NULL),('610827',NULL,'米脂县',NULL,'6108',NULL,NULL,NULL,NULL,NULL,NULL,NULL,NULL),('610828',NULL,'佳县',NULL,'6108',NULL,NULL,NULL,NULL,NULL,NULL,NULL,NULL),('610829',NULL,'吴堡县',NULL,'6108',NULL,NULL,NULL,NULL,NULL,NULL,NULL,NULL),('610830',NULL,'清涧县',NULL,'6108',NULL,NULL,NULL,NULL,NULL,NULL,NULL,NULL),('610831',NULL,'子洲县',NULL,'6108',NULL,NULL,NULL,NULL,NULL,NULL,NULL,NULL),('6109',NULL,'安康市',NULL,'61',NULL,NULL,NULL,NULL,NULL,NULL,NULL,NULL),('610901',NULL,'市辖区',NULL,'6109',NULL,NULL,NULL,NULL,NULL,NULL,NULL,NULL),('610902',NULL,'汉滨区',NULL,'6109',NULL,NULL,NULL,NULL,NULL,NULL,NULL,NULL),('610921',NULL,'汉阴县',NULL,'6109',NULL,NULL,NULL,NULL,NULL,NULL,NULL,NULL),('610922',NULL,'石泉县',NULL,'6109',NULL,NULL,NULL,NULL,NULL,NULL,NULL,NULL),('610923',NULL,'宁陕县',NULL,'6109',NULL,NULL,NULL,NULL,NULL,NULL,NULL,NULL),('610924',NULL,'紫阳县',NULL,'6109',NULL,NULL,NULL,NULL,NULL,NULL,NULL,NULL),('610925',NULL,'岚皋县',NULL,'6109',NULL,NULL,NULL,NULL,NULL,NULL,NULL,NULL),('610926',NULL,'平利县',NULL,'6109',NULL,NULL,NULL,NULL,NULL,NULL,NULL,NULL),('610927',NULL,'镇坪县',NULL,'6109',NULL,NULL,NULL,NULL,NULL,NULL,NULL,NULL),('610928',NULL,'旬阳县',NULL,'6109',NULL,NULL,NULL,NULL,NULL,NULL,NULL,NULL),('610929',NULL,'白河县',NULL,'6109',NULL,NULL,NULL,NULL,NULL,NULL,NULL,NULL),('6110',NULL,'商洛市',NULL,'61',NULL,NULL,NULL,NULL,NULL,NULL,NULL,NULL),('611001',NULL,'市辖区',NULL,'6110',NULL,NULL,NULL,NULL,NULL,NULL,NULL,NULL),('611002',NULL,'商州区',NULL,'6110',NULL,NULL,NULL,NULL,NULL,NULL,NULL,NULL),('611021',NULL,'洛南县',NULL,'6110',NULL,NULL,NULL,NULL,NULL,NULL,NULL,NULL),('611022',NULL,'丹凤县',NULL,'6110',NULL,NULL,NULL,NULL,NULL,NULL,NULL,NULL),('611023',NULL,'商南县',NULL,'6110',NULL,NULL,NULL,NULL,NULL,NULL,NULL,NULL),('611024',NULL,'山阳县',NULL,'6110',NULL,NULL,NULL,NULL,NULL,NULL,NULL,NULL),('611025',NULL,'镇安县',NULL,'6110',NULL,NULL,NULL,NULL,NULL,NULL,NULL,NULL),('611026',NULL,'柞水县',NULL,'6110',NULL,NULL,NULL,NULL,NULL,NULL,NULL,NULL),('62',NULL,'甘肃省',NULL,NULL,NULL,NULL,NULL,NULL,NULL,NULL,NULL,NULL),('6201',NULL,'兰州市',NULL,'62',NULL,NULL,NULL,NULL,NULL,NULL,NULL,NULL),('620101',NULL,'市辖区',NULL,'6201',NULL,NULL,NULL,NULL,NULL,NULL,NULL,NULL),('620102',NULL,'城关区',NULL,'6201',NULL,NULL,NULL,NULL,NULL,NULL,NULL,NULL),('620103',NULL,'七里河区',NULL,'6201',NULL,NULL,NULL,NULL,NULL,NULL,NULL,NULL),('620104',NULL,'西固区',NULL,'6201',NULL,NULL,NULL,NULL,NULL,NULL,NULL,NULL),('620105',NULL,'安宁区',NULL,'6201',NULL,NULL,NULL,NULL,NULL,NULL,NULL,NULL),('620111',NULL,'红古区',NULL,'6201',NULL,NULL,NULL,NULL,NULL,NULL,NULL,NULL),('620121',NULL,'永登县',NULL,'6201',NULL,NULL,NULL,NULL,NULL,NULL,NULL,NULL),('620122',NULL,'皋兰县',NULL,'6201',NULL,NULL,NULL,NULL,NULL,NULL,NULL,NULL),('620123',NULL,'榆中县',NULL,'6201',NULL,NULL,NULL,NULL,NULL,NULL,NULL,NULL),('6202',NULL,'嘉峪关市',NULL,'62',NULL,NULL,NULL,NULL,NULL,NULL,NULL,NULL),('620201',NULL,'市辖区',NULL,'6202',NULL,NULL,NULL,NULL,NULL,NULL,NULL,NULL),('6203',NULL,'金昌市',NULL,'62',NULL,NULL,NULL,NULL,NULL,NULL,NULL,NULL),('620301',NULL,'市辖区',NULL,'6203',NULL,NULL,NULL,NULL,NULL,NULL,NULL,NULL),('620302',NULL,'金川区',NULL,'6203',NULL,NULL,NULL,NULL,NULL,NULL,NULL,NULL),('620321',NULL,'永昌县',NULL,'6203',NULL,NULL,NULL,NULL,NULL,NULL,NULL,NULL),('6204',NULL,'白银市',NULL,'62',NULL,NULL,NULL,NULL,NULL,NULL,NULL,NULL),('620401',NULL,'市辖区',NULL,'6204',NULL,NULL,NULL,NULL,NULL,NULL,NULL,NULL),('620402',NULL,'白银区',NULL,'6204',NULL,NULL,NULL,NULL,NULL,NULL,NULL,NULL),('620403',NULL,'平川区',NULL,'6204',NULL,NULL,NULL,NULL,NULL,NULL,NULL,NULL),('620421',NULL,'靖远县',NULL,'6204',NULL,NULL,NULL,NULL,NULL,NULL,NULL,NULL),('620422',NULL,'会宁县',NULL,'6204',NULL,NULL,NULL,NULL,NULL,NULL,NULL,NULL),('620423',NULL,'景泰县',NULL,'6204',NULL,NULL,NULL,NULL,NULL,NULL,NULL,NULL),('6205',NULL,'天水市',NULL,'62',NULL,NULL,NULL,NULL,NULL,NULL,NULL,NULL),('620501',NULL,'市辖区',NULL,'6205',NULL,NULL,NULL,NULL,NULL,NULL,NULL,NULL),('620502',NULL,'秦州区',NULL,'6205',NULL,NULL,NULL,NULL,NULL,NULL,NULL,NULL),('620503',NULL,'麦积区',NULL,'6205',NULL,NULL,NULL,NULL,NULL,NULL,NULL,NULL),('620521',NULL,'清水县',NULL,'6205',NULL,NULL,NULL,NULL,NULL,NULL,NULL,NULL),('620522',NULL,'秦安县',NULL,'6205',NULL,NULL,NULL,NULL,NULL,NULL,NULL,NULL),('620523',NULL,'甘谷县',NULL,'6205',NULL,NULL,NULL,NULL,NULL,NULL,NULL,NULL),('620524',NULL,'武山县',NULL,'6205',NULL,NULL,NULL,NULL,NULL,NULL,NULL,NULL),('620525',NULL,'张家川回族自治县',NULL,'6205',NULL,NULL,NULL,NULL,NULL,NULL,NULL,NULL),('6206',NULL,'武威市',NULL,'62',NULL,NULL,NULL,NULL,NULL,NULL,NULL,NULL),('620601',NULL,'市辖区',NULL,'6206',NULL,NULL,NULL,NULL,NULL,NULL,NULL,NULL),('620602',NULL,'凉州区',NULL,'6206',NULL,NULL,NULL,NULL,NULL,NULL,NULL,NULL),('620621',NULL,'民勤县',NULL,'6206',NULL,NULL,NULL,NULL,NULL,NULL,NULL,NULL),('620622',NULL,'古浪县',NULL,'6206',NULL,NULL,NULL,NULL,NULL,NULL,NULL,NULL),('620623',NULL,'天祝藏族自治县',NULL,'6206',NULL,NULL,NULL,NULL,NULL,NULL,NULL,NULL),('6207',NULL,'张掖市',NULL,'62',NULL,NULL,NULL,NULL,NULL,NULL,NULL,NULL),('620701',NULL,'市辖区',NULL,'6207',NULL,NULL,NULL,NULL,NULL,NULL,NULL,NULL),('620702',NULL,'甘州区',NULL,'6207',NULL,NULL,NULL,NULL,NULL,NULL,NULL,NULL),('620721',NULL,'肃南裕固族自治县',NULL,'6207',NULL,NULL,NULL,NULL,NULL,NULL,NULL,NULL),('620722',NULL,'民乐县',NULL,'6207',NULL,NULL,NULL,NULL,NULL,NULL,NULL,NULL),('620723',NULL,'临泽县',NULL,'6207',NULL,NULL,NULL,NULL,NULL,NULL,NULL,NULL),('620724',NULL,'高台县',NULL,'6207',NULL,NULL,NULL,NULL,NULL,NULL,NULL,NULL),('620725',NULL,'山丹县',NULL,'6207',NULL,NULL,NULL,NULL,NULL,NULL,NULL,NULL),('6208',NULL,'平凉市',NULL,'62',NULL,NULL,NULL,NULL,NULL,NULL,NULL,NULL),('620801',NULL,'市辖区',NULL,'6208',NULL,NULL,NULL,NULL,NULL,NULL,NULL,NULL),('620802',NULL,'崆峒区',NULL,'6208',NULL,NULL,NULL,NULL,NULL,NULL,NULL,NULL),('620821',NULL,'泾川县',NULL,'6208',NULL,NULL,NULL,NULL,NULL,NULL,NULL,NULL),('620822',NULL,'灵台县',NULL,'6208',NULL,NULL,NULL,NULL,NULL,NULL,NULL,NULL),('620823',NULL,'崇信县',NULL,'6208',NULL,NULL,NULL,NULL,NULL,NULL,NULL,NULL),('620824',NULL,'华亭县',NULL,'6208',NULL,NULL,NULL,NULL,NULL,NULL,NULL,NULL),('620825',NULL,'庄浪县',NULL,'6208',NULL,NULL,NULL,NULL,NULL,NULL,NULL,NULL),('620826',NULL,'静宁县',NULL,'6208',NULL,NULL,NULL,NULL,NULL,NULL,NULL,NULL),('6209',NULL,'酒泉市',NULL,'62',NULL,NULL,NULL,NULL,NULL,NULL,NULL,NULL),('620901',NULL,'市辖区',NULL,'6209',NULL,NULL,NULL,NULL,NULL,NULL,NULL,NULL),('620902',NULL,'肃州区',NULL,'6209',NULL,NULL,NULL,NULL,NULL,NULL,NULL,NULL),('620921',NULL,'金塔县',NULL,'6209',NULL,NULL,NULL,NULL,NULL,NULL,NULL,NULL),('620922',NULL,'瓜州县',NULL,'6209',NULL,NULL,NULL,NULL,NULL,NULL,NULL,NULL),('620923',NULL,'肃北蒙古族自治县',NULL,'6209',NULL,NULL,NULL,NULL,NULL,NULL,NULL,NULL),('620924',NULL,'阿克塞哈萨克族自治县',NULL,'6209',NULL,NULL,NULL,NULL,NULL,NULL,NULL,NULL),('620981',NULL,'玉门市',NULL,'6209',NULL,NULL,NULL,NULL,NULL,NULL,NULL,NULL),('620982',NULL,'敦煌市',NULL,'6209',NULL,NULL,NULL,NULL,NULL,NULL,NULL,NULL),('6210',NULL,'庆阳市',NULL,'62',NULL,NULL,NULL,NULL,NULL,NULL,NULL,NULL),('621001',NULL,'市辖区',NULL,'6210',NULL,NULL,NULL,NULL,NULL,NULL,NULL,NULL),('621002',NULL,'西峰区',NULL,'6210',NULL,NULL,NULL,NULL,NULL,NULL,NULL,NULL),('621021',NULL,'庆城县',NULL,'6210',NULL,NULL,NULL,NULL,NULL,NULL,NULL,NULL),('621022',NULL,'环县',NULL,'6210',NULL,NULL,NULL,NULL,NULL,NULL,NULL,NULL),('621023',NULL,'华池县',NULL,'6210',NULL,NULL,NULL,NULL,NULL,NULL,NULL,NULL),('621024',NULL,'合水县',NULL,'6210',NULL,NULL,NULL,NULL,NULL,NULL,NULL,NULL),('621025',NULL,'正宁县',NULL,'6210',NULL,NULL,NULL,NULL,NULL,NULL,NULL,NULL),('621026',NULL,'宁县',NULL,'6210',NULL,NULL,NULL,NULL,NULL,NULL,NULL,NULL),('621027',NULL,'镇原县',NULL,'6210',NULL,NULL,NULL,NULL,NULL,NULL,NULL,NULL),('6211',NULL,'定西市',NULL,'62',NULL,NULL,NULL,NULL,NULL,NULL,NULL,NULL),('621101',NULL,'市辖区',NULL,'6211',NULL,NULL,NULL,NULL,NULL,NULL,NULL,NULL),('621102',NULL,'安定区',NULL,'6211',NULL,NULL,NULL,NULL,NULL,NULL,NULL,NULL),('621121',NULL,'通渭县',NULL,'6211',NULL,NULL,NULL,NULL,NULL,NULL,NULL,NULL),('621122',NULL,'陇西县',NULL,'6211',NULL,NULL,NULL,NULL,NULL,NULL,NULL,NULL),('621123',NULL,'渭源县',NULL,'6211',NULL,NULL,NULL,NULL,NULL,NULL,NULL,NULL),('621124',NULL,'临洮县',NULL,'6211',NULL,NULL,NULL,NULL,NULL,NULL,NULL,NULL),('621125',NULL,'漳县',NULL,'6211',NULL,NULL,NULL,NULL,NULL,NULL,NULL,NULL),('621126',NULL,'岷县',NULL,'6211',NULL,NULL,NULL,NULL,NULL,NULL,NULL,NULL),('6212',NULL,'陇南市',NULL,'62',NULL,NULL,NULL,NULL,NULL,NULL,NULL,NULL),('621201',NULL,'市辖区',NULL,'6212',NULL,NULL,NULL,NULL,NULL,NULL,NULL,NULL),('621202',NULL,'武都区',NULL,'6212',NULL,NULL,NULL,NULL,NULL,NULL,NULL,NULL),('621221',NULL,'成县',NULL,'6212',NULL,NULL,NULL,NULL,NULL,NULL,NULL,NULL),('621222',NULL,'文县',NULL,'6212',NULL,NULL,NULL,NULL,NULL,NULL,NULL,NULL),('621223',NULL,'宕昌县',NULL,'6212',NULL,NULL,NULL,NULL,NULL,NULL,NULL,NULL),('621224',NULL,'康县',NULL,'6212',NULL,NULL,NULL,NULL,NULL,NULL,NULL,NULL),('621225',NULL,'西和县',NULL,'6212',NULL,NULL,NULL,NULL,NULL,NULL,NULL,NULL),('621226',NULL,'礼县',NULL,'6212',NULL,NULL,NULL,NULL,NULL,NULL,NULL,NULL),('621227',NULL,'徽县',NULL,'6212',NULL,NULL,NULL,NULL,NULL,NULL,NULL,NULL),('621228',NULL,'两当县',NULL,'6212',NULL,NULL,NULL,NULL,NULL,NULL,NULL,NULL),('6229',NULL,'临夏回族自治州',NULL,'62',NULL,NULL,NULL,NULL,NULL,NULL,NULL,NULL),('622901',NULL,'临夏市',NULL,'6229',NULL,NULL,NULL,NULL,NULL,NULL,NULL,NULL),('622921',NULL,'临夏县',NULL,'6229',NULL,NULL,NULL,NULL,NULL,NULL,NULL,NULL),('622922',NULL,'康乐县',NULL,'6229',NULL,NULL,NULL,NULL,NULL,NULL,NULL,NULL),('622923',NULL,'永靖县',NULL,'6229',NULL,NULL,NULL,NULL,NULL,NULL,NULL,NULL),('622924',NULL,'广河县',NULL,'6229',NULL,NULL,NULL,NULL,NULL,NULL,NULL,NULL),('622925',NULL,'和政县',NULL,'6229',NULL,NULL,NULL,NULL,NULL,NULL,NULL,NULL),('622926',NULL,'东乡族自治县',NULL,'6229',NULL,NULL,NULL,NULL,NULL,NULL,NULL,NULL),('622927',NULL,'积石山保安族东乡族撒拉族自治县',NULL,'6229',NULL,NULL,NULL,NULL,NULL,NULL,NULL,NULL),('6230',NULL,'甘南藏族自治州',NULL,'62',NULL,NULL,NULL,NULL,NULL,NULL,NULL,NULL),('623001',NULL,'合作市',NULL,'6230',NULL,NULL,NULL,NULL,NULL,NULL,NULL,NULL),('623021',NULL,'临潭县',NULL,'6230',NULL,NULL,NULL,NULL,NULL,NULL,NULL,NULL),('623022',NULL,'卓尼县',NULL,'6230',NULL,NULL,NULL,NULL,NULL,NULL,NULL,NULL),('623023',NULL,'舟曲县',NULL,'6230',NULL,NULL,NULL,NULL,NULL,NULL,NULL,NULL),('623024',NULL,'迭部县',NULL,'6230',NULL,NULL,NULL,NULL,NULL,NULL,NULL,NULL),('623025',NULL,'玛曲县',NULL,'6230',NULL,NULL,NULL,NULL,NULL,NULL,NULL,NULL),('623026',NULL,'碌曲县',NULL,'6230',NULL,NULL,NULL,NULL,NULL,NULL,NULL,NULL),('623027',NULL,'夏河县',NULL,'6230',NULL,NULL,NULL,NULL,NULL,NULL,NULL,NULL),('63',NULL,'青海省',NULL,NULL,NULL,NULL,NULL,NULL,NULL,NULL,NULL,NULL),('6301',NULL,'西宁市',NULL,'63',NULL,NULL,NULL,NULL,NULL,NULL,NULL,NULL),('630101',NULL,'市辖区',NULL,'6301',NULL,NULL,NULL,NULL,NULL,NULL,NULL,NULL),('630102',NULL,'城东区',NULL,'6301',NULL,NULL,NULL,NULL,NULL,NULL,NULL,NULL),('630103',NULL,'城中区',NULL,'6301',NULL,NULL,NULL,NULL,NULL,NULL,NULL,NULL),('630104',NULL,'城西区',NULL,'6301',NULL,NULL,NULL,NULL,NULL,NULL,NULL,NULL),('630105',NULL,'城北区',NULL,'6301',NULL,NULL,NULL,NULL,NULL,NULL,NULL,NULL),('630121',NULL,'大通回族土族自治县',NULL,'6301',NULL,NULL,NULL,NULL,NULL,NULL,NULL,NULL),('630122',NULL,'湟中县',NULL,'6301',NULL,NULL,NULL,NULL,NULL,NULL,NULL,NULL),('630123',NULL,'湟源县',NULL,'6301',NULL,NULL,NULL,NULL,NULL,NULL,NULL,NULL),('6321',NULL,'海东地区',NULL,'63',NULL,NULL,NULL,NULL,NULL,NULL,NULL,NULL),('632121',NULL,'平安县',NULL,'6321',NULL,NULL,NULL,NULL,NULL,NULL,NULL,NULL),('632122',NULL,'民和回族土族自治县',NULL,'6321',NULL,NULL,NULL,NULL,NULL,NULL,NULL,NULL),('632123',NULL,'乐都县',NULL,'6321',NULL,NULL,NULL,NULL,NULL,NULL,NULL,NULL),('632126',NULL,'互助土族自治县',NULL,'6321',NULL,NULL,NULL,NULL,NULL,NULL,NULL,NULL),('632127',NULL,'化隆回族自治县',NULL,'6321',NULL,NULL,NULL,NULL,NULL,NULL,NULL,NULL),('632128',NULL,'循化撒拉族自治县',NULL,'6321',NULL,NULL,NULL,NULL,NULL,NULL,NULL,NULL),('6322',NULL,'海北藏族自治州',NULL,'63',NULL,NULL,NULL,NULL,NULL,NULL,NULL,NULL),('632221',NULL,'门源回族自治县',NULL,'6322',NULL,NULL,NULL,NULL,NULL,NULL,NULL,NULL),('632222',NULL,'祁连县',NULL,'6322',NULL,NULL,NULL,NULL,NULL,NULL,NULL,NULL),('632223',NULL,'海晏县',NULL,'6322',NULL,NULL,NULL,NULL,NULL,NULL,NULL,NULL),('632224',NULL,'刚察县',NULL,'6322',NULL,NULL,NULL,NULL,NULL,NULL,NULL,NULL),('6323',NULL,'黄南藏族自治州',NULL,'63',NULL,NULL,NULL,NULL,NULL,NULL,NULL,NULL),('632321',NULL,'同仁县',NULL,'6323',NULL,NULL,NULL,NULL,NULL,NULL,NULL,NULL),('632322',NULL,'尖扎县',NULL,'6323',NULL,NULL,NULL,NULL,NULL,NULL,NULL,NULL),('632323',NULL,'泽库县',NULL,'6323',NULL,NULL,NULL,NULL,NULL,NULL,NULL,NULL),('632324',NULL,'河南蒙古族自治县',NULL,'6323',NULL,NULL,NULL,NULL,NULL,NULL,NULL,NULL),('6325',NULL,'海南藏族自治州',NULL,'63',NULL,NULL,NULL,NULL,NULL,NULL,NULL,NULL),('632521',NULL,'共和县',NULL,'6325',NULL,NULL,NULL,NULL,NULL,NULL,NULL,NULL),('632522',NULL,'同德县',NULL,'6325',NULL,NULL,NULL,NULL,NULL,NULL,NULL,NULL),('632523',NULL,'贵德县',NULL,'6325',NULL,NULL,NULL,NULL,NULL,NULL,NULL,NULL),('632524',NULL,'兴海县',NULL,'6325',NULL,NULL,NULL,NULL,NULL,NULL,NULL,NULL),('632525',NULL,'贵南县',NULL,'6325',NULL,NULL,NULL,NULL,NULL,NULL,NULL,NULL),('6326',NULL,'果洛藏族自治州',NULL,'63',NULL,NULL,NULL,NULL,NULL,NULL,NULL,NULL),('632621',NULL,'玛沁县',NULL,'6326',NULL,NULL,NULL,NULL,NULL,NULL,NULL,NULL),('632622',NULL,'班玛县',NULL,'6326',NULL,NULL,NULL,NULL,NULL,NULL,NULL,NULL),('632623',NULL,'甘德县',NULL,'6326',NULL,NULL,NULL,NULL,NULL,NULL,NULL,NULL),('632624',NULL,'达日县',NULL,'6326',NULL,NULL,NULL,NULL,NULL,NULL,NULL,NULL),('632625',NULL,'久治县',NULL,'6326',NULL,NULL,NULL,NULL,NULL,NULL,NULL,NULL),('632626',NULL,'玛多县',NULL,'6326',NULL,NULL,NULL,NULL,NULL,NULL,NULL,NULL),('6327',NULL,'玉树藏族自治州',NULL,'63',NULL,NULL,NULL,NULL,NULL,NULL,NULL,NULL),('632721',NULL,'玉树县',NULL,'6327',NULL,NULL,NULL,NULL,NULL,NULL,NULL,NULL),('632722',NULL,'杂多县',NULL,'6327',NULL,NULL,NULL,NULL,NULL,NULL,NULL,NULL),('632723',NULL,'称多县',NULL,'6327',NULL,NULL,NULL,NULL,NULL,NULL,NULL,NULL),('632724',NULL,'治多县',NULL,'6327',NULL,NULL,NULL,NULL,NULL,NULL,NULL,NULL),('632725',NULL,'囊谦县',NULL,'6327',NULL,NULL,NULL,NULL,NULL,NULL,NULL,NULL),('632726',NULL,'曲麻莱县',NULL,'6327',NULL,NULL,NULL,NULL,NULL,NULL,NULL,NULL),('6328',NULL,'海西蒙古族藏族自治州',NULL,'63',NULL,NULL,NULL,NULL,NULL,NULL,NULL,NULL),('632801',NULL,'格尔木市',NULL,'6328',NULL,NULL,NULL,NULL,NULL,NULL,NULL,NULL),('632802',NULL,'德令哈市',NULL,'6328',NULL,NULL,NULL,NULL,NULL,NULL,NULL,NULL),('632821',NULL,'乌兰县',NULL,'6328',NULL,NULL,NULL,NULL,NULL,NULL,NULL,NULL),('632822',NULL,'都兰县',NULL,'6328',NULL,NULL,NULL,NULL,NULL,NULL,NULL,NULL),('632823',NULL,'天峻县',NULL,'6328',NULL,NULL,NULL,NULL,NULL,NULL,NULL,NULL),('64',NULL,'宁夏回族自治区',NULL,NULL,NULL,NULL,NULL,NULL,NULL,NULL,NULL,NULL),('6401',NULL,'银川市',NULL,'64',NULL,NULL,NULL,NULL,NULL,NULL,NULL,NULL),('640101',NULL,'市辖区',NULL,'6401',NULL,NULL,NULL,NULL,NULL,NULL,NULL,NULL),('640104',NULL,'兴庆区',NULL,'6401',NULL,NULL,NULL,NULL,NULL,NULL,NULL,NULL),('640105',NULL,'西夏区',NULL,'6401',NULL,NULL,NULL,NULL,NULL,NULL,NULL,NULL),('640106',NULL,'金凤区',NULL,'6401',NULL,NULL,NULL,NULL,NULL,NULL,NULL,NULL),('640121',NULL,'永宁县',NULL,'6401',NULL,NULL,NULL,NULL,NULL,NULL,NULL,NULL),('640122',NULL,'贺兰县',NULL,'6401',NULL,NULL,NULL,NULL,NULL,NULL,NULL,NULL),('640181',NULL,'灵武市',NULL,'6401',NULL,NULL,NULL,NULL,NULL,NULL,NULL,NULL),('6402',NULL,'石嘴山市',NULL,'64',NULL,NULL,NULL,NULL,NULL,NULL,NULL,NULL),('640201',NULL,'市辖区',NULL,'6402',NULL,NULL,NULL,NULL,NULL,NULL,NULL,NULL),('640202',NULL,'大武口区',NULL,'6402',NULL,NULL,NULL,NULL,NULL,NULL,NULL,NULL),('640205',NULL,'惠农区',NULL,'6402',NULL,NULL,NULL,NULL,NULL,NULL,NULL,NULL),('640221',NULL,'平罗县',NULL,'6402',NULL,NULL,NULL,NULL,NULL,NULL,NULL,NULL),('6403',NULL,'吴忠市',NULL,'64',NULL,NULL,NULL,NULL,NULL,NULL,NULL,NULL),('640301',NULL,'市辖区',NULL,'6403',NULL,NULL,NULL,NULL,NULL,NULL,NULL,NULL),('640302',NULL,'利通区',NULL,'6403',NULL,NULL,NULL,NULL,NULL,NULL,NULL,NULL),('640303',NULL,'红寺堡区',NULL,'6403',NULL,NULL,NULL,NULL,NULL,NULL,NULL,NULL),('640323',NULL,'盐池县',NULL,'6403',NULL,NULL,NULL,NULL,NULL,NULL,NULL,NULL),('640324',NULL,'同心县',NULL,'6403',NULL,NULL,NULL,NULL,NULL,NULL,NULL,NULL),('640381',NULL,'青铜峡市',NULL,'6403',NULL,NULL,NULL,NULL,NULL,NULL,NULL,NULL),('6404',NULL,'固原市',NULL,'64',NULL,NULL,NULL,NULL,NULL,NULL,NULL,NULL),('640401',NULL,'市辖区',NULL,'6404',NULL,NULL,NULL,NULL,NULL,NULL,NULL,NULL),('640402',NULL,'原州区',NULL,'6404',NULL,NULL,NULL,NULL,NULL,NULL,NULL,NULL),('640422',NULL,'西吉县',NULL,'6404',NULL,NULL,NULL,NULL,NULL,NULL,NULL,NULL),('640423',NULL,'隆德县',NULL,'6404',NULL,NULL,NULL,NULL,NULL,NULL,NULL,NULL),('640424',NULL,'泾源县',NULL,'6404',NULL,NULL,NULL,NULL,NULL,NULL,NULL,NULL),('640425',NULL,'彭阳县',NULL,'6404',NULL,NULL,NULL,NULL,NULL,NULL,NULL,NULL),('6405',NULL,'中卫市',NULL,'64',NULL,NULL,NULL,NULL,NULL,NULL,NULL,NULL),('640501',NULL,'市辖区',NULL,'6405',NULL,NULL,NULL,NULL,NULL,NULL,NULL,NULL),('640502',NULL,'沙坡头区',NULL,'6405',NULL,NULL,NULL,NULL,NULL,NULL,NULL,NULL),('640521',NULL,'中宁县',NULL,'6405',NULL,NULL,NULL,NULL,NULL,NULL,NULL,NULL),('640522',NULL,'海原县',NULL,'6405',NULL,NULL,NULL,NULL,NULL,NULL,NULL,NULL),('65',NULL,'新疆维吾尔自治区',NULL,NULL,NULL,NULL,NULL,NULL,NULL,NULL,NULL,NULL),('6501',NULL,'乌鲁木齐市',NULL,'65',NULL,NULL,NULL,NULL,NULL,NULL,NULL,NULL),('650101',NULL,'市辖区',NULL,'6501',NULL,NULL,NULL,NULL,NULL,NULL,NULL,NULL),('650102',NULL,'天山区',NULL,'6501',NULL,NULL,NULL,NULL,NULL,NULL,NULL,NULL),('650103',NULL,'沙依巴克区',NULL,'6501',NULL,NULL,NULL,NULL,NULL,NULL,NULL,NULL),('650104',NULL,'新市区',NULL,'6501',NULL,NULL,NULL,NULL,NULL,NULL,NULL,NULL),('650105',NULL,'水磨沟区',NULL,'6501',NULL,NULL,NULL,NULL,NULL,NULL,NULL,NULL),('650106',NULL,'头屯河区',NULL,'6501',NULL,NULL,NULL,NULL,NULL,NULL,NULL,NULL),('650107',NULL,'达坂城区',NULL,'6501',NULL,NULL,NULL,NULL,NULL,NULL,NULL,NULL),('650109',NULL,'米东区',NULL,'6501',NULL,NULL,NULL,NULL,NULL,NULL,NULL,NULL),('650121',NULL,'乌鲁木齐县',NULL,'6501',NULL,NULL,NULL,NULL,NULL,NULL,NULL,NULL),('6502',NULL,'克拉玛依市',NULL,'65',NULL,NULL,NULL,NULL,NULL,NULL,NULL,NULL),('650201',NULL,'市辖区',NULL,'6502',NULL,NULL,NULL,NULL,NULL,NULL,NULL,NULL),('650202',NULL,'独山子区',NULL,'6502',NULL,NULL,NULL,NULL,NULL,NULL,NULL,NULL),('650203',NULL,'克拉玛依区',NULL,'6502',NULL,NULL,NULL,NULL,NULL,NULL,NULL,NULL),('650204',NULL,'白碱滩区',NULL,'6502',NULL,NULL,NULL,NULL,NULL,NULL,NULL,NULL),('650205',NULL,'乌尔禾区',NULL,'6502',NULL,NULL,NULL,NULL,NULL,NULL,NULL,NULL),('6521',NULL,'吐鲁番地区',NULL,'65',NULL,NULL,NULL,NULL,NULL,NULL,NULL,NULL),('652101',NULL,'吐鲁番市',NULL,'6521',NULL,NULL,NULL,NULL,NULL,NULL,NULL,NULL),('652122',NULL,'鄯善县',NULL,'6521',NULL,NULL,NULL,NULL,NULL,NULL,NULL,NULL),('652123',NULL,'托克逊县',NULL,'6521',NULL,NULL,NULL,NULL,NULL,NULL,NULL,NULL),('6522',NULL,'哈密地区',NULL,'65',NULL,NULL,NULL,NULL,NULL,NULL,NULL,NULL),('652201',NULL,'哈密市',NULL,'6522',NULL,NULL,NULL,NULL,NULL,NULL,NULL,NULL),('652222',NULL,'巴里坤哈萨克自治县',NULL,'6522',NULL,NULL,NULL,NULL,NULL,NULL,NULL,NULL),('652223',NULL,'伊吾县',NULL,'6522',NULL,NULL,NULL,NULL,NULL,NULL,NULL,NULL),('6523',NULL,'昌吉回族自治州',NULL,'65',NULL,NULL,NULL,NULL,NULL,NULL,NULL,NULL),('652301',NULL,'昌吉市',NULL,'6523',NULL,NULL,NULL,NULL,NULL,NULL,NULL,NULL),('652302',NULL,'阜康市',NULL,'6523',NULL,NULL,NULL,NULL,NULL,NULL,NULL,NULL),('652323',NULL,'呼图壁县',NULL,'6523',NULL,NULL,NULL,NULL,NULL,NULL,NULL,NULL),('652324',NULL,'玛纳斯县',NULL,'6523',NULL,NULL,NULL,NULL,NULL,NULL,NULL,NULL),('652325',NULL,'奇台县',NULL,'6523',NULL,NULL,NULL,NULL,NULL,NULL,NULL,NULL),('652327',NULL,'吉木萨尔县',NULL,'6523',NULL,NULL,NULL,NULL,NULL,NULL,NULL,NULL),('652328',NULL,'木垒哈萨克自治县',NULL,'6523',NULL,NULL,NULL,NULL,NULL,NULL,NULL,NULL),('6527',NULL,'博尔塔拉蒙古自治州',NULL,'65',NULL,NULL,NULL,NULL,NULL,NULL,NULL,NULL),('652701',NULL,'博乐市',NULL,'6527',NULL,NULL,NULL,NULL,NULL,NULL,NULL,NULL),('652722',NULL,'精河县',NULL,'6527',NULL,NULL,NULL,NULL,NULL,NULL,NULL,NULL),('652723',NULL,'温泉县',NULL,'6527',NULL,NULL,NULL,NULL,NULL,NULL,NULL,NULL),('6528',NULL,'巴音郭楞蒙古自治州',NULL,'65',NULL,NULL,NULL,NULL,NULL,NULL,NULL,NULL),('652801',NULL,'库尔勒市',NULL,'6528',NULL,NULL,NULL,NULL,NULL,NULL,NULL,NULL),('652822',NULL,'轮台县',NULL,'6528',NULL,NULL,NULL,NULL,NULL,NULL,NULL,NULL),('652823',NULL,'尉犁县',NULL,'6528',NULL,NULL,NULL,NULL,NULL,NULL,NULL,NULL),('652824',NULL,'若羌县',NULL,'6528',NULL,NULL,NULL,NULL,NULL,NULL,NULL,NULL),('652825',NULL,'且末县',NULL,'6528',NULL,NULL,NULL,NULL,NULL,NULL,NULL,NULL),('652826',NULL,'焉耆回族自治县',NULL,'6528',NULL,NULL,NULL,NULL,NULL,NULL,NULL,NULL),('652827',NULL,'和静县',NULL,'6528',NULL,NULL,NULL,NULL,NULL,NULL,NULL,NULL),('652828',NULL,'和硕县',NULL,'6528',NULL,NULL,NULL,NULL,NULL,NULL,NULL,NULL),('652829',NULL,'博湖县',NULL,'6528',NULL,NULL,NULL,NULL,NULL,NULL,NULL,NULL),('6529',NULL,'阿克苏地区',NULL,'65',NULL,NULL,NULL,NULL,NULL,NULL,NULL,NULL),('652901',NULL,'阿克苏市',NULL,'6529',NULL,NULL,NULL,NULL,NULL,NULL,NULL,NULL),('652922',NULL,'温宿县',NULL,'6529',NULL,NULL,NULL,NULL,NULL,NULL,NULL,NULL),('652923',NULL,'库车县',NULL,'6529',NULL,NULL,NULL,NULL,NULL,NULL,NULL,NULL),('652924',NULL,'沙雅县',NULL,'6529',NULL,NULL,NULL,NULL,NULL,NULL,NULL,NULL),('652925',NULL,'新和县',NULL,'6529',NULL,NULL,NULL,NULL,NULL,NULL,NULL,NULL),('652926',NULL,'拜城县',NULL,'6529',NULL,NULL,NULL,NULL,NULL,NULL,NULL,NULL),('652927',NULL,'乌什县',NULL,'6529',NULL,NULL,NULL,NULL,NULL,NULL,NULL,NULL),('652928',NULL,'阿瓦提县',NULL,'6529',NULL,NULL,NULL,NULL,NULL,NULL,NULL,NULL),('652929',NULL,'柯坪县',NULL,'6529',NULL,NULL,NULL,NULL,NULL,NULL,NULL,NULL),('6530',NULL,'克孜勒苏柯尔克孜自治州',NULL,'65',NULL,NULL,NULL,NULL,NULL,NULL,NULL,NULL),('653001',NULL,'阿图什市',NULL,'6530',NULL,NULL,NULL,NULL,NULL,NULL,NULL,NULL),('653022',NULL,'阿克陶县',NULL,'6530',NULL,NULL,NULL,NULL,NULL,NULL,NULL,NULL),('653023',NULL,'阿合奇县',NULL,'6530',NULL,NULL,NULL,NULL,NULL,NULL,NULL,NULL),('653024',NULL,'乌恰县',NULL,'6530',NULL,NULL,NULL,NULL,NULL,NULL,NULL,NULL),('6531',NULL,'喀什地区',NULL,'65',NULL,NULL,NULL,NULL,NULL,NULL,NULL,NULL),('653101',NULL,'喀什市',NULL,'6531',NULL,NULL,NULL,NULL,NULL,NULL,NULL,NULL),('653121',NULL,'疏附县',NULL,'6531',NULL,NULL,NULL,NULL,NULL,NULL,NULL,NULL),('653122',NULL,'疏勒县',NULL,'6531',NULL,NULL,NULL,NULL,NULL,NULL,NULL,NULL),('653123',NULL,'英吉沙县',NULL,'6531',NULL,NULL,NULL,NULL,NULL,NULL,NULL,NULL),('653124',NULL,'泽普县',NULL,'6531',NULL,NULL,NULL,NULL,NULL,NULL,NULL,NULL),('653125',NULL,'莎车县',NULL,'6531',NULL,NULL,NULL,NULL,NULL,NULL,NULL,NULL),('653126',NULL,'叶城县',NULL,'6531',NULL,NULL,NULL,NULL,NULL,NULL,NULL,NULL),('653127',NULL,'麦盖提县',NULL,'6531',NULL,NULL,NULL,NULL,NULL,NULL,NULL,NULL),('653128',NULL,'岳普湖县',NULL,'6531',NULL,NULL,NULL,NULL,NULL,NULL,NULL,NULL),('653129',NULL,'伽师县',NULL,'6531',NULL,NULL,NULL,NULL,NULL,NULL,NULL,NULL),('653130',NULL,'巴楚县',NULL,'6531',NULL,NULL,NULL,NULL,NULL,NULL,NULL,NULL),('653131',NULL,'塔什库尔干塔吉克自治县',NULL,'6531',NULL,NULL,NULL,NULL,NULL,NULL,NULL,NULL),('6532',NULL,'和田地区',NULL,'65',NULL,NULL,NULL,NULL,NULL,NULL,NULL,NULL),('653201',NULL,'和田市',NULL,'6532',NULL,NULL,NULL,NULL,NULL,NULL,NULL,NULL),('653221',NULL,'和田县',NULL,'6532',NULL,NULL,NULL,NULL,NULL,NULL,NULL,NULL),('653222',NULL,'墨玉县',NULL,'6532',NULL,NULL,NULL,NULL,NULL,NULL,NULL,NULL),('653223',NULL,'皮山县',NULL,'6532',NULL,NULL,NULL,NULL,NULL,NULL,NULL,NULL),('653224',NULL,'洛浦县',NULL,'6532',NULL,NULL,NULL,NULL,NULL,NULL,NULL,NULL),('653225',NULL,'策勒县',NULL,'6532',NULL,NULL,NULL,NULL,NULL,NULL,NULL,NULL),('653226',NULL,'于田县',NULL,'6532',NULL,NULL,NULL,NULL,NULL,NULL,NULL,NULL),('653227',NULL,'民丰县',NULL,'6532',NULL,NULL,NULL,NULL,NULL,NULL,NULL,NULL),('6540',NULL,'伊犁哈萨克自治州',NULL,'65',NULL,NULL,NULL,NULL,NULL,NULL,NULL,NULL),('654002',NULL,'伊宁市',NULL,'6540',NULL,NULL,NULL,NULL,NULL,NULL,NULL,NULL),('654003',NULL,'奎屯市',NULL,'6540',NULL,NULL,NULL,NULL,NULL,NULL,NULL,NULL),('654021',NULL,'伊宁县',NULL,'6540',NULL,NULL,NULL,NULL,NULL,NULL,NULL,NULL),('654022',NULL,'察布查尔锡伯自治县',NULL,'6540',NULL,NULL,NULL,NULL,NULL,NULL,NULL,NULL),('654023',NULL,'霍城县',NULL,'6540',NULL,NULL,NULL,NULL,NULL,NULL,NULL,NULL),('654024',NULL,'巩留县',NULL,'6540',NULL,NULL,NULL,NULL,NULL,NULL,NULL,NULL),('654025',NULL,'新源县',NULL,'6540',NULL,NULL,NULL,NULL,NULL,NULL,NULL,NULL),('654026',NULL,'昭苏县',NULL,'6540',NULL,NULL,NULL,NULL,NULL,NULL,NULL,NULL),('654027',NULL,'特克斯县',NULL,'6540',NULL,NULL,NULL,NULL,NULL,NULL,NULL,NULL),('654028',NULL,'尼勒克县',NULL,'6540',NULL,NULL,NULL,NULL,NULL,NULL,NULL,NULL),('6542',NULL,'塔城地区',NULL,'65',NULL,NULL,NULL,NULL,NULL,NULL,NULL,NULL),('654201',NULL,'塔城市',NULL,'6542',NULL,NULL,NULL,NULL,NULL,NULL,NULL,NULL),('654202',NULL,'乌苏市',NULL,'6542',NULL,NULL,NULL,NULL,NULL,NULL,NULL,NULL),('654221',NULL,'额敏县',NULL,'6542',NULL,NULL,NULL,NULL,NULL,NULL,NULL,NULL),('654223',NULL,'沙湾县',NULL,'6542',NULL,NULL,NULL,NULL,NULL,NULL,NULL,NULL),('654224',NULL,'托里县',NULL,'6542',NULL,NULL,NULL,NULL,NULL,NULL,NULL,NULL),('654225',NULL,'裕民县',NULL,'6542',NULL,NULL,NULL,NULL,NULL,NULL,NULL,NULL),('654226',NULL,'和布克赛尔蒙古自治县',NULL,'6542',NULL,NULL,NULL,NULL,NULL,NULL,NULL,NULL),('6543',NULL,'阿勒泰地区',NULL,'65',NULL,NULL,NULL,NULL,NULL,NULL,NULL,NULL),('654301',NULL,'阿勒泰市',NULL,'6543',NULL,NULL,NULL,NULL,NULL,NULL,NULL,NULL),('654321',NULL,'布尔津县',NULL,'6543',NULL,NULL,NULL,NULL,NULL,NULL,NULL,NULL),('654322',NULL,'富蕴县',NULL,'6543',NULL,NULL,NULL,NULL,NULL,NULL,NULL,NULL),('654323',NULL,'福海县',NULL,'6543',NULL,NULL,NULL,NULL,NULL,NULL,NULL,NULL),('654324',NULL,'哈巴河县',NULL,'6543',NULL,NULL,NULL,NULL,NULL,NULL,NULL,NULL),('654325',NULL,'青河县',NULL,'6543',NULL,NULL,NULL,NULL,NULL,NULL,NULL,NULL),('654326',NULL,'吉木乃县',NULL,'6543',NULL,NULL,NULL,NULL,NULL,NULL,NULL,NULL),('6590',NULL,'自治区直辖县级行政区划',NULL,'65',NULL,NULL,NULL,NULL,NULL,NULL,NULL,NULL),('659001',NULL,'石河子市',NULL,'6590',NULL,NULL,NULL,NULL,NULL,NULL,NULL,NULL),('659002',NULL,'阿拉尔市',NULL,'6590',NULL,NULL,NULL,NULL,NULL,NULL,NULL,NULL),('659003',NULL,'图木舒克市',NULL,'6590',NULL,NULL,NULL,NULL,NULL,NULL,NULL,NULL),('659004',NULL,'五家渠市',NULL,'6590',NULL,NULL,NULL,NULL,NULL,NULL,NULL,NULL);
/*!40000 ALTER TABLE `conf_district_template` ENABLE KEYS */;
UNLOCK TABLES;

--
-- Table structure for table `conf_recordsrv_info`
--

DROP TABLE IF EXISTS `conf_recordsrv_info`;
/*!40101 SET @saved_cs_client     = @@character_set_client */;
/*!40101 SET character_set_client = utf8 */;
CREATE TABLE `conf_recordsrv_info` (
  `ID` varchar(36) NOT NULL DEFAULT '' COMMENT '主键',
  `NAME` varchar(20) DEFAULT NULL COMMENT '录制服务器名称',
  `DESCRIPT` varchar(20) DEFAULT NULL COMMENT '描述',
  `MACADDRESS` varchar(20) DEFAULT NULL COMMENT 'mac地址',
  `IPADDRESS` varchar(20) DEFAULT NULL COMMENT 'IP地址',
  `PORT` bigint(20) DEFAULT NULL COMMENT '端口',
  `PATH` varchar(20) DEFAULT NULL COMMENT '相对目录',
  `Disable` char(1) DEFAULT '0' COMMENT '是否启用',
  `CRTUSER` varchar(36) DEFAULT NULL COMMENT '创建人',
  `CRTUSER_NAME` varchar(32) DEFAULT NULL COMMENT '创建人名字',
  `CREATE_DT` datetime DEFAULT NULL COMMENT '创建时间',
  `MODIFIER` varchar(36) DEFAULT NULL COMMENT '修改人',
  `MODIFIER_NAME` varchar(32) DEFAULT NULL COMMENT '修改人名字',
  `MODIFY_DT` datetime DEFAULT NULL COMMENT '修改时间',
  `DELFLAG` int(11) DEFAULT '0' COMMENT '删除标记',
  `DEL_DT` datetime DEFAULT NULL COMMENT '删除时间',
  `RR` varchar(45) DEFAULT NULL,
  PRIMARY KEY (`ID`),
  UNIQUE KEY `MACADDRESS` (`MACADDRESS`),
  UNIQUE KEY `NAME` (`NAME`)
) ENGINE=InnoDB DEFAULT CHARSET=utf8;
/*!40101 SET character_set_client = @saved_cs_client */;

--
-- Dumping data for table `conf_recordsrv_info`
--

LOCK TABLES `conf_recordsrv_info` WRITE;
/*!40000 ALTER TABLE `conf_recordsrv_info` DISABLE KEYS */;
INSERT INTO `conf_recordsrv_info` VALUES ('402881ae4786116201478613cc380003','12','12','1C:AA:07:99:1F:10','192.168.3.167',8000,'/','0',NULL,NULL,NULL,NULL,NULL,NULL,0,NULL,'402881ae4786116201478613ccd70005');
/*!40000 ALTER TABLE `conf_recordsrv_info` ENABLE KEYS */;
UNLOCK TABLES;

--
-- Table structure for table `conf_recordsrv_rtspsrv`
--

DROP TABLE IF EXISTS `conf_recordsrv_rtspsrv`;
/*!40101 SET @saved_cs_client     = @@character_set_client */;
/*!40101 SET character_set_client = utf8 */;
CREATE TABLE `conf_recordsrv_rtspsrv` (
  `ID` varchar(36) NOT NULL COMMENT '主键',
  `RECORDSRVID` varchar(36) DEFAULT NULL COMMENT '录播服务器主键',
  `RTSPSRVID` varchar(36) DEFAULT NULL COMMENT 'RTSP服务器主键',
  `CREATE_BY` varchar(36) DEFAULT NULL COMMENT '创建人',
  `CREATE_NAME` varchar(32) DEFAULT NULL COMMENT '创建人名字',
  `CREATE_DATE` datetime DEFAULT NULL COMMENT '创建时间',
  `UPDATE_BY` varchar(36) DEFAULT NULL COMMENT '修改人',
  `UPDATE_NAME` varchar(32) DEFAULT NULL COMMENT '修改人名字',
  `UPDATE_DATE` datetime DEFAULT NULL COMMENT '修改时间',
  `DELFLAG` int(2) DEFAULT '0' COMMENT '删除标记',
  `DEL_DATE` datetime DEFAULT NULL COMMENT '删除时间',
  PRIMARY KEY (`ID`)
) ENGINE=InnoDB DEFAULT CHARSET=utf8;
/*!40101 SET character_set_client = @saved_cs_client */;

--
-- Dumping data for table `conf_recordsrv_rtspsrv`
--

LOCK TABLES `conf_recordsrv_rtspsrv` WRITE;
/*!40000 ALTER TABLE `conf_recordsrv_rtspsrv` DISABLE KEYS */;
INSERT INTO `conf_recordsrv_rtspsrv` VALUES ('402881ae4786116201478613ccd70005','402881ae4786116201478613cc380003','402881ae47861162014786131e370001','admin','管理员','2014-07-30 15:02:30',NULL,NULL,NULL,0,NULL),('402882ed474251520147425727c5000c','402882ed4742515201474257273f000a','402882ed47425152014742557d3f0001','admin','管理员','2014-07-17 11:21:54',NULL,NULL,NULL,0,NULL);
/*!40000 ALTER TABLE `conf_recordsrv_rtspsrv` ENABLE KEYS */;
UNLOCK TABLES;

--
-- Table structure for table `conf_rtspsrv_info`
--

DROP TABLE IF EXISTS `conf_rtspsrv_info`;
/*!40101 SET @saved_cs_client     = @@character_set_client */;
/*!40101 SET character_set_client = utf8 */;
CREATE TABLE `conf_rtspsrv_info` (
  `ID` varchar(36) NOT NULL DEFAULT '' COMMENT '主键',
  `NAME` varchar(20) NOT NULL COMMENT 'RTSP服务器名称',
  `DESCRIPT` varchar(20) NOT NULL COMMENT '描述',
  `MACADDRESS` varchar(20) NOT NULL COMMENT 'mac地址',
  `IPADDRESS` varchar(20) NOT NULL COMMENT 'IP地址',
  `RTSPURL` varchar(100) NOT NULL COMMENT ' Url地址',
  `Disable` char(1) NOT NULL COMMENT '是否启用',
  `CREATE_BY` varchar(36) DEFAULT NULL COMMENT '创建人',
  `CREATE_NAME` varchar(32) DEFAULT NULL COMMENT '创建人名字',
  `CREATE_DATE` datetime DEFAULT NULL COMMENT '创建时间',
  `UPDATE_BY` varchar(36) DEFAULT NULL COMMENT '修改人',
  `UPDATE_NAME` varchar(32) DEFAULT NULL COMMENT '修改人名字',
  `UPDATE_DATE` datetime DEFAULT NULL COMMENT '修改时间',
  `DELFLAG` int(2) DEFAULT '0' COMMENT '删除标记',
  `DEL_DATE` datetime DEFAULT NULL COMMENT '删除时间',
  PRIMARY KEY (`ID`),
  UNIQUE KEY `MACADDRESS` (`MACADDRESS`),
  UNIQUE KEY `NAME` (`NAME`)
) ENGINE=InnoDB DEFAULT CHARSET=utf8;
/*!40101 SET character_set_client = @saved_cs_client */;

--
-- Dumping data for table `conf_rtspsrv_info`
--

LOCK TABLES `conf_rtspsrv_info` WRITE;
/*!40000 ALTER TABLE `conf_rtspsrv_info` DISABLE KEYS */;
INSERT INTO `conf_rtspsrv_info` VALUES ('402881ae47861162014786131e370001','12','12','1C:AA:07:99:1F:10','192.168.3.167','http://192.168.3.167:80/','0','admin','管理员','2014-07-30 15:01:46','admin','管理员','2014-07-30 15:03:39',0,NULL);
/*!40000 ALTER TABLE `conf_rtspsrv_info` ENABLE KEYS */;
UNLOCK TABLES;

--
-- Table structure for table `conf_teminal_termgrp`
--

DROP TABLE IF EXISTS `conf_teminal_termgrp`;
/*!40101 SET @saved_cs_client     = @@character_set_client */;
/*!40101 SET character_set_client = utf8 */;
CREATE TABLE `conf_teminal_termgrp` (
  `ID` varchar(36) NOT NULL COMMENT '主键',
  `TERMINALID` varchar(36) DEFAULT NULL COMMENT '终端主键',
  `TERMINALGRPID` varchar(36) DEFAULT NULL COMMENT '终端分组主键',
  `CREATE_BY` varchar(36) DEFAULT NULL COMMENT '创建人',
  `CREATE_NAME` varchar(32) DEFAULT NULL COMMENT '创建人名字',
  `CREATE_DATE` datetime DEFAULT NULL COMMENT '创建时间',
  `UPDATE_BY` varchar(36) DEFAULT NULL COMMENT '修改人',
  `UPDATE_NAME` varchar(32) DEFAULT NULL COMMENT '修改人名字',
  `UPDATE_DATE` datetime DEFAULT NULL COMMENT '修改时间',
  `DELFLAG` int(2) DEFAULT '0' COMMENT '删除标记',
  `DEL_DATE` datetime DEFAULT NULL COMMENT '删除时间',
  PRIMARY KEY (`ID`)
) ENGINE=InnoDB DEFAULT CHARSET=utf8;
/*!40101 SET character_set_client = @saved_cs_client */;

--
-- Dumping data for table `conf_teminal_termgrp`
--

LOCK TABLES `conf_teminal_termgrp` WRITE;
/*!40000 ALTER TABLE `conf_teminal_termgrp` DISABLE KEYS */;
/*!40000 ALTER TABLE `conf_teminal_termgrp` ENABLE KEYS */;
UNLOCK TABLES;

--
-- Table structure for table `conf_terminal_group`
--

DROP TABLE IF EXISTS `conf_terminal_group`;
/*!40101 SET @saved_cs_client     = @@character_set_client */;
/*!40101 SET character_set_client = utf8 */;
CREATE TABLE `conf_terminal_group` (
  `id` varchar(36) NOT NULL COMMENT '主键',
  `DESC` varchar(255) DEFAULT NULL COMMENT '描述',
  `NAME` varchar(255) DEFAULT NULL COMMENT '组名',
  `ICONCLS` varchar(36) DEFAULT NULL COMMENT '图形类型',
  `PID` varchar(36) DEFAULT NULL COMMENT '父ID号',
  `CREATE_BY` varchar(36) DEFAULT NULL COMMENT '创建人',
  `CREATE_NAME` varchar(32) DEFAULT NULL COMMENT '创建人名字',
  `CREATE_DATE` datetime DEFAULT NULL COMMENT '创建时间',
  `UPDATE_BY` varchar(36) DEFAULT NULL COMMENT '修改人',
  `UPDATE_NAME` varchar(32) DEFAULT NULL COMMENT '修改人名字',
  `UPDATE_DATE` datetime DEFAULT NULL COMMENT '修改时间',
  `DELFLAG` int(2) DEFAULT '0' COMMENT '删除标记',
  `DEL_DATE` datetime DEFAULT NULL COMMENT '删除时间',
  PRIMARY KEY (`id`)
) ENGINE=InnoDB DEFAULT CHARSET=utf8;
/*!40101 SET character_set_client = @saved_cs_client */;

--
-- Dumping data for table `conf_terminal_group`
--

LOCK TABLES `conf_terminal_group` WRITE;
/*!40000 ALTER TABLE `conf_terminal_group` DISABLE KEYS */;
INSERT INTO `conf_terminal_group` VALUES ('33',NULL,'浙江省',NULL,NULL,NULL,NULL,NULL,NULL,NULL,NULL,NULL,NULL),('3301',NULL,'杭州市',NULL,'33',NULL,NULL,NULL,NULL,NULL,NULL,NULL,NULL),('330101',NULL,'市辖区',NULL,'3301',NULL,NULL,NULL,NULL,NULL,NULL,NULL,NULL),('330102',NULL,'上城区',NULL,'3301',NULL,NULL,NULL,NULL,NULL,NULL,NULL,NULL),('330103',NULL,'下城区',NULL,'3301',NULL,NULL,NULL,NULL,NULL,NULL,NULL,NULL),('330104',NULL,'江干区',NULL,'3301',NULL,NULL,NULL,NULL,NULL,NULL,NULL,NULL),('330105',NULL,'拱墅区',NULL,'3301',NULL,NULL,NULL,NULL,NULL,NULL,NULL,NULL),('330106',NULL,'西湖区',NULL,'3301',NULL,NULL,NULL,NULL,NULL,NULL,NULL,NULL),('330108',NULL,'滨江区',NULL,'3301',NULL,NULL,NULL,NULL,NULL,NULL,NULL,NULL),('330109',NULL,'萧山区',NULL,'3301',NULL,NULL,NULL,NULL,NULL,NULL,NULL,NULL),('330110',NULL,'余杭区',NULL,'3301',NULL,NULL,NULL,NULL,NULL,NULL,NULL,NULL),('330122',NULL,'桐庐县',NULL,'3301',NULL,NULL,NULL,NULL,NULL,NULL,NULL,NULL),('330127',NULL,'淳安县',NULL,'3301',NULL,NULL,NULL,NULL,NULL,NULL,NULL,NULL),('330182',NULL,'建德市',NULL,'3301',NULL,NULL,NULL,NULL,NULL,NULL,NULL,NULL),('330183',NULL,'富阳市',NULL,'3301',NULL,NULL,NULL,NULL,NULL,NULL,NULL,NULL),('330185',NULL,'临安市',NULL,'3301',NULL,NULL,NULL,NULL,NULL,NULL,NULL,NULL),('3302',NULL,'宁波市',NULL,'33',NULL,NULL,NULL,NULL,NULL,NULL,NULL,NULL),('330201',NULL,'市辖区',NULL,'3302',NULL,NULL,NULL,NULL,NULL,NULL,NULL,NULL),('330203',NULL,'海曙区',NULL,'3302',NULL,NULL,NULL,NULL,NULL,NULL,NULL,NULL),('330204',NULL,'江东区',NULL,'3302',NULL,NULL,NULL,NULL,NULL,NULL,NULL,NULL),('330205',NULL,'江北区',NULL,'3302',NULL,NULL,NULL,NULL,NULL,NULL,NULL,NULL),('330206',NULL,'北仑区',NULL,'3302',NULL,NULL,NULL,NULL,NULL,NULL,NULL,NULL),('330211',NULL,'镇海区',NULL,'3302',NULL,NULL,NULL,NULL,NULL,NULL,NULL,NULL),('330212',NULL,'鄞州区',NULL,'3302',NULL,NULL,NULL,NULL,NULL,NULL,NULL,NULL),('330225',NULL,'象山县',NULL,'3302',NULL,NULL,NULL,NULL,NULL,NULL,NULL,NULL),('330226',NULL,'宁海县',NULL,'3302',NULL,NULL,NULL,NULL,NULL,NULL,NULL,NULL),('330281',NULL,'余姚市',NULL,'3302',NULL,NULL,NULL,NULL,NULL,NULL,NULL,NULL),('330282',NULL,'慈溪市',NULL,'3302',NULL,NULL,NULL,NULL,NULL,NULL,NULL,NULL),('330283',NULL,'奉化市',NULL,'3302',NULL,NULL,NULL,NULL,NULL,NULL,NULL,NULL),('3303',NULL,'温州市',NULL,'33',NULL,NULL,NULL,NULL,NULL,NULL,NULL,NULL),('330301',NULL,'市辖区',NULL,'3303',NULL,NULL,NULL,NULL,NULL,NULL,NULL,NULL),('330302',NULL,'鹿城区',NULL,'3303',NULL,NULL,NULL,NULL,NULL,NULL,NULL,NULL),('330303',NULL,'龙湾区',NULL,'3303',NULL,NULL,NULL,NULL,NULL,NULL,NULL,NULL),('330304',NULL,'瓯海区',NULL,'3303',NULL,NULL,NULL,NULL,NULL,NULL,NULL,NULL),('330322',NULL,'洞头县',NULL,'3303',NULL,NULL,NULL,NULL,NULL,NULL,NULL,NULL),('330324',NULL,'永嘉县',NULL,'3303',NULL,NULL,NULL,NULL,NULL,NULL,NULL,NULL),('330326',NULL,'平阳县',NULL,'3303',NULL,NULL,NULL,NULL,NULL,NULL,NULL,NULL),('330327',NULL,'苍南县',NULL,'3303',NULL,NULL,NULL,NULL,NULL,NULL,NULL,NULL),('330328',NULL,'文成县',NULL,'3303',NULL,NULL,NULL,NULL,NULL,NULL,NULL,NULL),('330329',NULL,'泰顺县',NULL,'3303',NULL,NULL,NULL,NULL,NULL,NULL,NULL,NULL),('330381',NULL,'瑞安市',NULL,'3303',NULL,NULL,NULL,NULL,NULL,NULL,NULL,NULL),('330382',NULL,'乐清市',NULL,'3303',NULL,NULL,NULL,NULL,NULL,NULL,NULL,NULL),('3304',NULL,'嘉兴市',NULL,'33',NULL,NULL,NULL,NULL,NULL,NULL,NULL,NULL),('330401',NULL,'市辖区',NULL,'3304',NULL,NULL,NULL,NULL,NULL,NULL,NULL,NULL),('330402',NULL,'南湖区',NULL,'3304',NULL,NULL,NULL,NULL,NULL,NULL,NULL,NULL),('330411',NULL,'秀洲区',NULL,'3304',NULL,NULL,NULL,NULL,NULL,NULL,NULL,NULL),('330421',NULL,'嘉善县',NULL,'3304',NULL,NULL,NULL,NULL,NULL,NULL,NULL,NULL),('330424',NULL,'海盐县',NULL,'3304',NULL,NULL,NULL,NULL,NULL,NULL,NULL,NULL),('330481',NULL,'海宁市',NULL,'3304',NULL,NULL,NULL,NULL,NULL,NULL,NULL,NULL),('330482',NULL,'平湖市',NULL,'3304',NULL,NULL,NULL,NULL,NULL,NULL,NULL,NULL),('330483',NULL,'桐乡市',NULL,'3304',NULL,NULL,NULL,NULL,NULL,NULL,NULL,NULL),('3305',NULL,'湖州市',NULL,'33',NULL,NULL,NULL,NULL,NULL,NULL,NULL,NULL),('330501',NULL,'市辖区',NULL,'3305',NULL,NULL,NULL,NULL,NULL,NULL,NULL,NULL),('330502',NULL,'吴兴区',NULL,'3305',NULL,NULL,NULL,NULL,NULL,NULL,NULL,NULL),('330503',NULL,'南浔区',NULL,'3305',NULL,NULL,NULL,NULL,NULL,NULL,NULL,NULL),('330521',NULL,'德清县',NULL,'3305',NULL,NULL,NULL,NULL,NULL,NULL,NULL,NULL),('330522',NULL,'长兴县',NULL,'3305',NULL,NULL,NULL,NULL,NULL,NULL,NULL,NULL),('330523',NULL,'安吉县',NULL,'3305',NULL,NULL,NULL,NULL,NULL,NULL,NULL,NULL),('3306',NULL,'绍兴市',NULL,'33',NULL,NULL,NULL,NULL,NULL,NULL,NULL,NULL),('330601',NULL,'市辖区',NULL,'3306',NULL,NULL,NULL,NULL,NULL,NULL,NULL,NULL),('330602',NULL,'越城区',NULL,'3306',NULL,NULL,NULL,NULL,NULL,NULL,NULL,NULL),('330621',NULL,'绍兴县',NULL,'3306',NULL,NULL,NULL,NULL,NULL,NULL,NULL,NULL),('330624',NULL,'新昌县',NULL,'3306',NULL,NULL,NULL,NULL,NULL,NULL,NULL,NULL),('330681',NULL,'诸暨市',NULL,'3306',NULL,NULL,NULL,NULL,NULL,NULL,NULL,NULL),('330682',NULL,'上虞市',NULL,'3306',NULL,NULL,NULL,NULL,NULL,NULL,NULL,NULL),('330683',NULL,'嵊州市',NULL,'3306',NULL,NULL,NULL,NULL,NULL,NULL,NULL,NULL),('3307',NULL,'金华市',NULL,'33',NULL,NULL,NULL,NULL,NULL,NULL,NULL,NULL),('330701',NULL,'市辖区',NULL,'3307',NULL,NULL,NULL,NULL,NULL,NULL,NULL,NULL),('330702',NULL,'婺城区',NULL,'3307',NULL,NULL,NULL,NULL,NULL,NULL,NULL,NULL),('330703',NULL,'金东区',NULL,'3307',NULL,NULL,NULL,NULL,NULL,NULL,NULL,NULL),('330723',NULL,'武义县',NULL,'3307',NULL,NULL,NULL,NULL,NULL,NULL,NULL,NULL),('330726',NULL,'浦江县',NULL,'3307',NULL,NULL,NULL,NULL,NULL,NULL,NULL,NULL),('330727',NULL,'磐安县',NULL,'3307',NULL,NULL,NULL,NULL,NULL,NULL,NULL,NULL),('330781',NULL,'兰溪市',NULL,'3307',NULL,NULL,NULL,NULL,NULL,NULL,NULL,NULL),('330782',NULL,'义乌市',NULL,'3307',NULL,NULL,NULL,NULL,NULL,NULL,NULL,NULL),('330783',NULL,'东阳市',NULL,'3307',NULL,NULL,NULL,NULL,NULL,NULL,NULL,NULL),('330784',NULL,'永康市',NULL,'3307',NULL,NULL,NULL,NULL,NULL,NULL,NULL,NULL),('3308',NULL,'衢州市',NULL,'33',NULL,NULL,NULL,NULL,NULL,NULL,NULL,NULL),('330801',NULL,'市辖区',NULL,'3308',NULL,NULL,NULL,NULL,NULL,NULL,NULL,NULL),('330802',NULL,'柯城区',NULL,'3308',NULL,NULL,NULL,NULL,NULL,NULL,NULL,NULL),('330803',NULL,'衢江区',NULL,'3308',NULL,NULL,NULL,NULL,NULL,NULL,NULL,NULL),('330822',NULL,'常山县',NULL,'3308',NULL,NULL,NULL,NULL,NULL,NULL,NULL,NULL),('330824',NULL,'开化县',NULL,'3308',NULL,NULL,NULL,NULL,NULL,NULL,NULL,NULL),('330825',NULL,'龙游县',NULL,'3308',NULL,NULL,NULL,NULL,NULL,NULL,NULL,NULL),('330881',NULL,'江山市',NULL,'3308',NULL,NULL,NULL,NULL,NULL,NULL,NULL,NULL),('3309',NULL,'舟山市',NULL,'33',NULL,NULL,NULL,NULL,NULL,NULL,NULL,NULL),('330901',NULL,'市辖区',NULL,'3309',NULL,NULL,NULL,NULL,NULL,NULL,NULL,NULL),('330902',NULL,'定海区',NULL,'3309',NULL,NULL,NULL,NULL,NULL,NULL,NULL,NULL),('330903',NULL,'普陀区',NULL,'3309',NULL,NULL,NULL,NULL,NULL,NULL,NULL,NULL),('330921',NULL,'岱山县',NULL,'3309',NULL,NULL,NULL,NULL,NULL,NULL,NULL,NULL),('330922',NULL,'嵊泗县',NULL,'3309',NULL,NULL,NULL,NULL,NULL,NULL,NULL,NULL),('3310',NULL,'台州市',NULL,'33',NULL,NULL,NULL,NULL,NULL,NULL,NULL,NULL),('331001',NULL,'市辖区',NULL,'3310',NULL,NULL,NULL,NULL,NULL,NULL,NULL,NULL),('331002',NULL,'椒江区',NULL,'3310',NULL,NULL,NULL,NULL,NULL,NULL,NULL,NULL),('331003',NULL,'黄岩区',NULL,'3310',NULL,NULL,NULL,NULL,NULL,NULL,NULL,NULL),('331004',NULL,'路桥区',NULL,'3310',NULL,NULL,NULL,NULL,NULL,NULL,NULL,NULL),('331021',NULL,'玉环县',NULL,'3310',NULL,NULL,NULL,NULL,NULL,NULL,NULL,NULL),('331022',NULL,'三门县',NULL,'3310',NULL,NULL,NULL,NULL,NULL,NULL,NULL,NULL),('331023',NULL,'天台县',NULL,'3310',NULL,NULL,NULL,NULL,NULL,NULL,NULL,NULL),('331024',NULL,'仙居县',NULL,'3310',NULL,NULL,NULL,NULL,NULL,NULL,NULL,NULL),('331081',NULL,'温岭市',NULL,'3310',NULL,NULL,NULL,NULL,NULL,NULL,NULL,NULL),('331082',NULL,'临海市',NULL,'3310',NULL,NULL,NULL,NULL,NULL,NULL,NULL,NULL),('3311',NULL,'丽水市',NULL,'33',NULL,NULL,NULL,NULL,NULL,NULL,NULL,NULL),('331101',NULL,'市辖区',NULL,'3311',NULL,NULL,NULL,NULL,NULL,NULL,NULL,NULL),('331102',NULL,'莲都区',NULL,'3311',NULL,NULL,NULL,NULL,NULL,NULL,NULL,NULL),('331121',NULL,'青田县',NULL,'3311',NULL,NULL,NULL,NULL,NULL,NULL,NULL,NULL),('331122',NULL,'缙云县',NULL,'3311',NULL,NULL,NULL,NULL,NULL,NULL,NULL,NULL),('331123',NULL,'遂昌县',NULL,'3311',NULL,NULL,NULL,NULL,NULL,NULL,NULL,NULL),('331124',NULL,'松阳县',NULL,'3311',NULL,NULL,NULL,NULL,NULL,NULL,NULL,NULL),('331125',NULL,'云和县',NULL,'3311',NULL,NULL,NULL,NULL,NULL,NULL,NULL,NULL),('331126',NULL,'庆元县',NULL,'3311',NULL,NULL,NULL,NULL,NULL,NULL,NULL,NULL),('331127',NULL,'景宁畲族自治县',NULL,'3311',NULL,NULL,NULL,NULL,NULL,NULL,NULL,NULL),('331181',NULL,'龙泉市',NULL,'3311',NULL,NULL,NULL,NULL,NULL,NULL,NULL,NULL);
/*!40000 ALTER TABLE `conf_terminal_group` ENABLE KEYS */;
UNLOCK TABLES;

--
-- Table structure for table `conf_terminal_group_bak`
--

DROP TABLE IF EXISTS `conf_terminal_group_bak`;
/*!40101 SET @saved_cs_client     = @@character_set_client */;
/*!40101 SET character_set_client = utf8 */;
CREATE TABLE `conf_terminal_group_bak` (
  `id` datetime NOT NULL DEFAULT '0000-00-00 00:00:00' COMMENT '主键',
  `bakid` datetime DEFAULT NULL COMMENT '备份的批次ID号',
  `grpid` varchar(36) NOT NULL COMMENT '分组ID',
  `DESC` varchar(255) DEFAULT NULL COMMENT '描述',
  `NAME` varchar(255) DEFAULT NULL COMMENT '组名',
  `PID` varchar(36) DEFAULT NULL COMMENT '父ID号',
  `CREATE_BY` varchar(36) DEFAULT NULL COMMENT '创建人',
  `CREATE_NAME` varchar(32) DEFAULT NULL COMMENT '创建人名字',
  `CREATE_DATE` datetime DEFAULT NULL COMMENT '创建时间',
  `UPDATE_BY` varchar(36) DEFAULT NULL COMMENT '修改人',
  `UPDATE_NAME` varchar(32) DEFAULT NULL COMMENT '修改人名字',
  `UPDATE_DATE` datetime DEFAULT NULL COMMENT '修改时间',
  `DELFLAG` int(2) DEFAULT '0' COMMENT '删除标记',
  `DEL_DATE` datetime DEFAULT NULL COMMENT '删除时间',
  PRIMARY KEY (`id`)
) ENGINE=InnoDB DEFAULT CHARSET=utf8;
/*!40101 SET character_set_client = @saved_cs_client */;

--
-- Dumping data for table `conf_terminal_group_bak`
--

LOCK TABLES `conf_terminal_group_bak` WRITE;
/*!40000 ALTER TABLE `conf_terminal_group_bak` DISABLE KEYS */;
/*!40000 ALTER TABLE `conf_terminal_group_bak` ENABLE KEYS */;
UNLOCK TABLES;

--
-- Table structure for table `doc`
--

DROP TABLE IF EXISTS `doc`;
/*!40101 SET @saved_cs_client     = @@character_set_client */;
/*!40101 SET character_set_client = utf8 */;
CREATE TABLE `doc` (
  `ID` int(11) NOT NULL AUTO_INCREMENT,
  `DOCCONTENT` longblob,
  `DOCDATE` datetime DEFAULT NULL,
  `DOCID` varchar(255) DEFAULT NULL,
  `DOCTITLE` varchar(255) DEFAULT NULL,
  `DOCTYPE` varchar(255) DEFAULT NULL,
  PRIMARY KEY (`ID`)
) ENGINE=InnoDB DEFAULT CHARSET=utf8;
/*!40101 SET character_set_client = @saved_cs_client */;

--
-- Dumping data for table `doc`
--

LOCK TABLES `doc` WRITE;
/*!40000 ALTER TABLE `doc` DISABLE KEYS */;
/*!40000 ALTER TABLE `doc` ENABLE KEYS */;
UNLOCK TABLES;

--
-- Table structure for table `jeecg_demo`
--

DROP TABLE IF EXISTS `jeecg_demo`;
/*!40101 SET @saved_cs_client     = @@character_set_client */;
/*!40101 SET character_set_client = utf8 */;
CREATE TABLE `jeecg_demo` (
  `ID` varchar(32) NOT NULL,
  `AGE` int(11) DEFAULT NULL,
  `BIRTHDAY` datetime DEFAULT NULL,
  `content` varchar(255) DEFAULT NULL,
  `create_date` datetime DEFAULT NULL,
  `DEP_ID` varchar(255) DEFAULT NULL,
  `EMAIL` varchar(255) DEFAULT NULL,
  `MOBILE_PHONE` varchar(255) DEFAULT NULL,
  `OFFICE_PHONE` varchar(255) DEFAULT NULL,
  `SALARY` decimal(19,2) DEFAULT NULL,
  `SEX` varchar(255) DEFAULT NULL,
  `status` varchar(255) DEFAULT NULL,
  `USER_NAME` varchar(255) NOT NULL,
  `CREATE_TIME` datetime DEFAULT NULL,
  PRIMARY KEY (`ID`)
) ENGINE=InnoDB DEFAULT CHARSET=utf8;
/*!40101 SET character_set_client = @saved_cs_client */;

--
-- Dumping data for table `jeecg_demo`
--

LOCK TABLES `jeecg_demo` WRITE;
/*!40000 ALTER TABLE `jeecg_demo` DISABLE KEYS */;
INSERT INTO `jeecg_demo` VALUES ('402882f94680252d0146802b04df0161',12,'2014-02-14 00:00:00',NULL,NULL,'123','demo@jeecg.com','13111111111','66666666',111111.00,'1',NULL,'小明',NULL);
/*!40000 ALTER TABLE `jeecg_demo` ENABLE KEYS */;
UNLOCK TABLES;

--
-- Table structure for table `jeecg_demo_course`
--

DROP TABLE IF EXISTS `jeecg_demo_course`;
/*!40101 SET @saved_cs_client     = @@character_set_client */;
/*!40101 SET character_set_client = utf8 */;
CREATE TABLE `jeecg_demo_course` (
  `ID` varchar(32) NOT NULL,
  `NAME` varchar(25) DEFAULT NULL,
  `teacher_ID` varchar(32) DEFAULT NULL,
  PRIMARY KEY (`ID`),
  KEY `FK_g3jn8mfod69i7jfv5gnrcvgbx` (`teacher_ID`),
  CONSTRAINT `FK_g3jn8mfod69i7jfv5gnrcvgbx` FOREIGN KEY (`teacher_ID`) REFERENCES `jeecg_demo_teacher` (`ID`)
) ENGINE=InnoDB DEFAULT CHARSET=utf8;
/*!40101 SET character_set_client = @saved_cs_client */;

--
-- Dumping data for table `jeecg_demo_course`
--

LOCK TABLES `jeecg_demo_course` WRITE;
/*!40000 ALTER TABLE `jeecg_demo_course` DISABLE KEYS */;
INSERT INTO `jeecg_demo_course` VALUES ('402882f94680252d0146802b02c5015e','海贼王','402882f94680252d0146802b02c2015d');
/*!40000 ALTER TABLE `jeecg_demo_course` ENABLE KEYS */;
UNLOCK TABLES;

--
-- Table structure for table `jeecg_demo_student`
--

DROP TABLE IF EXISTS `jeecg_demo_student`;
/*!40101 SET @saved_cs_client     = @@character_set_client */;
/*!40101 SET character_set_client = utf8 */;
CREATE TABLE `jeecg_demo_student` (
  `ID` varchar(32) NOT NULL,
  `BIRTHDAY` datetime DEFAULT NULL,
  `NAME` varchar(32) DEFAULT NULL,
  `SEX` varchar(1) DEFAULT NULL,
  `COURSE_ID` varchar(32) DEFAULT NULL,
  PRIMARY KEY (`ID`),
  KEY `FK_r86q81koyocgod3cx6529hbpw` (`COURSE_ID`),
  CONSTRAINT `FK_r86q81koyocgod3cx6529hbpw` FOREIGN KEY (`COURSE_ID`) REFERENCES `jeecg_demo_course` (`ID`)
) ENGINE=InnoDB DEFAULT CHARSET=utf8;
/*!40101 SET character_set_client = @saved_cs_client */;

--
-- Dumping data for table `jeecg_demo_student`
--

LOCK TABLES `jeecg_demo_student` WRITE;
/*!40000 ALTER TABLE `jeecg_demo_student` DISABLE KEYS */;
INSERT INTO `jeecg_demo_student` VALUES ('402882f94680252d0146802b02c9015f',NULL,'卓洛','0','402882f94680252d0146802b02c5015e'),('402882f94680252d0146802b03310160',NULL,'山治 ','0','402882f94680252d0146802b02c5015e');
/*!40000 ALTER TABLE `jeecg_demo_student` ENABLE KEYS */;
UNLOCK TABLES;

--
-- Table structure for table `jeecg_demo_teacher`
--

DROP TABLE IF EXISTS `jeecg_demo_teacher`;
/*!40101 SET @saved_cs_client     = @@character_set_client */;
/*!40101 SET character_set_client = utf8 */;
CREATE TABLE `jeecg_demo_teacher` (
  `ID` varchar(32) NOT NULL,
  `NAME` varchar(12) DEFAULT NULL,
  `pic` varchar(255) DEFAULT NULL,
  PRIMARY KEY (`ID`)
) ENGINE=InnoDB DEFAULT CHARSET=utf8;
/*!40101 SET character_set_client = @saved_cs_client */;

--
-- Dumping data for table `jeecg_demo_teacher`
--

LOCK TABLES `jeecg_demo_teacher` WRITE;
/*!40000 ALTER TABLE `jeecg_demo_teacher` DISABLE KEYS */;
INSERT INTO `jeecg_demo_teacher` VALUES ('402882f94680252d0146802b02c2015d','路飞','upload/Teacher/pic3345280233.PNG');
/*!40000 ALTER TABLE `jeecg_demo_teacher` ENABLE KEYS */;
UNLOCK TABLES;

--
-- Table structure for table `jeecg_matter_bom`
--

DROP TABLE IF EXISTS `jeecg_matter_bom`;
/*!40101 SET @saved_cs_client     = @@character_set_client */;
/*!40101 SET character_set_client = utf8 */;
CREATE TABLE `jeecg_matter_bom` (
  `ID` varchar(32) NOT NULL,
  `address` varchar(255) DEFAULT NULL,
  `code` varchar(50) NOT NULL,
  `name` varchar(50) NOT NULL,
  `price` decimal(21,6) NOT NULL,
  `productionDate` datetime DEFAULT NULL,
  `quantity` int(11) NOT NULL,
  `stock` int(11) NOT NULL,
  `unit` varchar(50) DEFAULT NULL,
  `weight` varchar(50) DEFAULT NULL,
  `parent_ID` varchar(32) DEFAULT NULL,
  PRIMARY KEY (`ID`),
  KEY `FK_fldfyrevj0li4hej5b2gu2q7w` (`parent_ID`),
  CONSTRAINT `FK_fldfyrevj0li4hej5b2gu2q7w` FOREIGN KEY (`parent_ID`) REFERENCES `jeecg_matter_bom` (`ID`)
) ENGINE=InnoDB DEFAULT CHARSET=utf8;
/*!40101 SET character_set_client = @saved_cs_client */;

--
-- Dumping data for table `jeecg_matter_bom`
--

LOCK TABLES `jeecg_matter_bom` WRITE;
/*!40000 ALTER TABLE `jeecg_matter_bom` DISABLE KEYS */;
INSERT INTO `jeecg_matter_bom` VALUES ('402882f94680252d0146802b04ee0166','广东深圳','001','电脑',5000.000000,'2014-06-09 18:27:21',5,10,'台','100',NULL),('402882f94680252d0146802b04f00167','上海','001001','主板',800.000000,'2014-06-09 18:27:21',6,18,'个','60','402882f94680252d0146802b04ee0166');
/*!40000 ALTER TABLE `jeecg_matter_bom` ENABLE KEYS */;
UNLOCK TABLES;

--
-- Table structure for table `jeecg_minidao`
--

DROP TABLE IF EXISTS `jeecg_minidao`;
/*!40101 SET @saved_cs_client     = @@character_set_client */;
/*!40101 SET character_set_client = utf8 */;
CREATE TABLE `jeecg_minidao` (
  `ID` varchar(32) NOT NULL,
  `AGE` int(11) DEFAULT NULL,
  `BIRTHDAY` datetime DEFAULT NULL,
  `CONTENT` varchar(255) DEFAULT NULL,
  `CREATE_TIME` datetime DEFAULT NULL,
  `DEP_ID` varchar(255) DEFAULT NULL,
  `EMAIL` varchar(255) DEFAULT NULL,
  `MOBILE_PHONE` varchar(255) DEFAULT NULL,
  `OFFICE_PHONE` varchar(255) DEFAULT NULL,
  `SALARY` decimal(19,2) DEFAULT NULL,
  `SEX` int(11) DEFAULT NULL,
  `STATUS` varchar(255) DEFAULT NULL,
  `USER_NAME` varchar(255) NOT NULL,
  PRIMARY KEY (`ID`)
) ENGINE=InnoDB DEFAULT CHARSET=utf8;
/*!40101 SET character_set_client = @saved_cs_client */;

--
-- Dumping data for table `jeecg_minidao`
--

LOCK TABLES `jeecg_minidao` WRITE;
/*!40000 ALTER TABLE `jeecg_minidao` DISABLE KEYS */;
/*!40000 ALTER TABLE `jeecg_minidao` ENABLE KEYS */;
UNLOCK TABLES;

--
-- Table structure for table `jeecg_order_custom`
--

DROP TABLE IF EXISTS `jeecg_order_custom`;
/*!40101 SET @saved_cs_client     = @@character_set_client */;
/*!40101 SET character_set_client = utf8 */;
CREATE TABLE `jeecg_order_custom` (
  `ID` varchar(32) NOT NULL,
  `CREATE_DT` datetime DEFAULT NULL,
  `CRTUSER` varchar(12) DEFAULT NULL,
  `CRTUSER_NAME` varchar(10) DEFAULT NULL,
  `DEL_DT` datetime DEFAULT NULL,
  `DELFLAG` int(11) DEFAULT NULL,
  `GO_ORDER_CODE` varchar(12) NOT NULL,
  `GOC_BUSS_CONTENT` varchar(33) DEFAULT NULL,
  `GOC_CONTENT` varchar(66) DEFAULT NULL,
  `GOC_CUS_NAME` varchar(16) DEFAULT NULL,
  `GOC_IDCARD` varchar(18) DEFAULT NULL,
  `GOC_PASSPORT_CODE` varchar(10) DEFAULT NULL,
  `GOC_SEX` varchar(255) DEFAULT NULL,
  `MODIFIER` varchar(12) DEFAULT NULL,
  `MODIFIER_NAME` varchar(10) DEFAULT NULL,
  `MODIFY_DT` datetime DEFAULT NULL,
  PRIMARY KEY (`ID`)
) ENGINE=InnoDB DEFAULT CHARSET=utf8;
/*!40101 SET character_set_client = @saved_cs_client */;

--
-- Dumping data for table `jeecg_order_custom`
--

LOCK TABLES `jeecg_order_custom` WRITE;
/*!40000 ALTER TABLE `jeecg_order_custom` DISABLE KEYS */;
INSERT INTO `jeecg_order_custom` VALUES ('402882f94680252d0146802b04eb0165',NULL,NULL,NULL,NULL,NULL,'11111AAA',NULL,NULL,'小明',NULL,NULL,'1',NULL,NULL,NULL);
/*!40000 ALTER TABLE `jeecg_order_custom` ENABLE KEYS */;
UNLOCK TABLES;

--
-- Table structure for table `jeecg_order_main`
--

DROP TABLE IF EXISTS `jeecg_order_main`;
/*!40101 SET @saved_cs_client     = @@character_set_client */;
/*!40101 SET character_set_client = utf8 */;
CREATE TABLE `jeecg_order_main` (
  `ID` varchar(32) NOT NULL,
  `CREATE_DT` datetime DEFAULT NULL,
  `CRTUSER` varchar(12) DEFAULT NULL,
  `CRTUSER_NAME` varchar(10) DEFAULT NULL,
  `DEL_DT` datetime DEFAULT NULL,
  `DELFLAG` int(11) DEFAULT NULL,
  `GO_ALL_PRICE` decimal(10,2) DEFAULT NULL,
  `GO_CONTACT_NAME` varchar(16) DEFAULT NULL,
  `GO_CONTENT` varchar(66) DEFAULT NULL,
  `GO_ORDER_CODE` varchar(12) NOT NULL,
  `GO_ORDER_COUNT` int(11) DEFAULT NULL,
  `GO_RETURN_PRICE` decimal(10,2) DEFAULT NULL,
  `GO_TELPHONE` varchar(11) DEFAULT NULL,
  `GODER_TYPE` varchar(255) DEFAULT NULL,
  `MODIFIER` varchar(12) DEFAULT NULL,
  `MODIFIER_NAME` varchar(10) DEFAULT NULL,
  `MODIFY_DT` datetime DEFAULT NULL,
  `USERTYPE` varchar(255) DEFAULT NULL,
  PRIMARY KEY (`ID`)
) ENGINE=InnoDB DEFAULT CHARSET=utf8;
/*!40101 SET character_set_client = @saved_cs_client */;

--
-- Dumping data for table `jeecg_order_main`
--

LOCK TABLES `jeecg_order_main` WRITE;
/*!40000 ALTER TABLE `jeecg_order_main` DISABLE KEYS */;
INSERT INTO `jeecg_order_main` VALUES ('402882f94680252d0146802b04e60163',NULL,NULL,NULL,NULL,NULL,1111111.00,'alex','别放辣椒','11111AAA',1,100.00,NULL,'1',NULL,NULL,NULL,'1');
/*!40000 ALTER TABLE `jeecg_order_main` ENABLE KEYS */;
UNLOCK TABLES;

--
-- Table structure for table `jeecg_order_product`
--

DROP TABLE IF EXISTS `jeecg_order_product`;
/*!40101 SET @saved_cs_client     = @@character_set_client */;
/*!40101 SET character_set_client = utf8 */;
CREATE TABLE `jeecg_order_product` (
  `ID` varchar(32) NOT NULL,
  `CREATE_DT` datetime DEFAULT NULL,
  `CRTUSER` varchar(12) DEFAULT NULL,
  `CRTUSER_NAME` varchar(10) DEFAULT NULL,
  `DEL_DT` datetime DEFAULT NULL,
  `DELFLAG` int(11) DEFAULT NULL,
  `GO_ORDER_CODE` varchar(12) NOT NULL,
  `GOP_CONTENT` varchar(66) DEFAULT NULL,
  `GOP_COUNT` int(11) DEFAULT NULL,
  `GOP_ONE_PRICE` decimal(10,2) DEFAULT NULL,
  `GOP_PRODUCT_NAME` varchar(33) DEFAULT NULL,
  `GOP_PRODUCT_TYPE` varchar(1) NOT NULL,
  `GOP_SUM_PRICE` decimal(10,2) DEFAULT NULL,
  `MODIFIER` varchar(12) DEFAULT NULL,
  `MODIFIER_NAME` varchar(10) DEFAULT NULL,
  `MODIFY_DT` datetime DEFAULT NULL,
  PRIMARY KEY (`ID`)
) ENGINE=InnoDB DEFAULT CHARSET=utf8;
/*!40101 SET character_set_client = @saved_cs_client */;

--
-- Dumping data for table `jeecg_order_product`
--

LOCK TABLES `jeecg_order_product` WRITE;
/*!40000 ALTER TABLE `jeecg_order_product` DISABLE KEYS */;
INSERT INTO `jeecg_order_product` VALUES ('402882f94680252d0146802b04e80164',NULL,NULL,NULL,NULL,NULL,'11111AAA',NULL,1,100.00,'最最美味的地锅鸡','1',100.00,NULL,NULL,NULL);
/*!40000 ALTER TABLE `jeecg_order_product` ENABLE KEYS */;
UNLOCK TABLES;

--
-- Table structure for table `jform_cgreport_head`
--

DROP TABLE IF EXISTS `jform_cgreport_head`;
/*!40101 SET @saved_cs_client     = @@character_set_client */;
/*!40101 SET character_set_client = utf8 */;
CREATE TABLE `jform_cgreport_head` (
  `ID` varchar(36) NOT NULL,
  `CGR_SQL` longtext NOT NULL,
  `CODE` varchar(36) NOT NULL,
  `CONTENT` longtext NOT NULL,
  `NAME` varchar(100) NOT NULL,
  PRIMARY KEY (`ID`)
) ENGINE=InnoDB DEFAULT CHARSET=utf8;
/*!40101 SET character_set_client = @saved_cs_client */;

--
-- Dumping data for table `jform_cgreport_head`
--

LOCK TABLES `jform_cgreport_head` WRITE;
/*!40000 ALTER TABLE `jform_cgreport_head` DISABLE KEYS */;
INSERT INTO `jform_cgreport_head` VALUES ('402882f94684a3df014684e4c645001b','select appointment_time, appointment_Duration from appointment_meeting','appointment','appointment','appointment');
/*!40000 ALTER TABLE `jform_cgreport_head` ENABLE KEYS */;
UNLOCK TABLES;

--
-- Table structure for table `jform_cgreport_item`
--

DROP TABLE IF EXISTS `jform_cgreport_item`;
/*!40101 SET @saved_cs_client     = @@character_set_client */;
/*!40101 SET character_set_client = utf8 */;
CREATE TABLE `jform_cgreport_item` (
  `ID` varchar(36) NOT NULL,
  `S_FLAG` varchar(2) DEFAULT NULL,
  `S_MODE` varchar(10) DEFAULT NULL,
  `CGRHEAD_ID` varchar(36) DEFAULT NULL,
  `DICT_CODE` varchar(36) DEFAULT NULL,
  `FIELD_HREF` varchar(120) DEFAULT NULL,
  `FIELD_NAME` varchar(36) DEFAULT NULL,
  `FIELD_TXT` longtext,
  `FIELD_TYPE` varchar(10) DEFAULT NULL,
  `IS_SHOW` varchar(5) DEFAULT NULL,
  `ORDER_NUM` int(11) DEFAULT NULL,
  `REPLACE_VA` varchar(36) DEFAULT NULL,
  PRIMARY KEY (`ID`)
) ENGINE=InnoDB DEFAULT CHARSET=utf8;
/*!40101 SET character_set_client = @saved_cs_client */;

--
-- Dumping data for table `jform_cgreport_item`
--

LOCK TABLES `jform_cgreport_item` WRITE;
/*!40000 ALTER TABLE `jform_cgreport_item` DISABLE KEYS */;
INSERT INTO `jform_cgreport_item` VALUES ('402882f94684a3df014684e4c677001c','Y','single','402882f94684a3df014684e4c645001b','','','appointment_time','预约时间','Date','Y',1,'');
/*!40000 ALTER TABLE `jform_cgreport_item` ENABLE KEYS */;
UNLOCK TABLES;

--
-- Table structure for table `jform_order_main`
--

DROP TABLE IF EXISTS `jform_order_main`;
/*!40101 SET @saved_cs_client     = @@character_set_client */;
/*!40101 SET character_set_client = utf8 */;
CREATE TABLE `jform_order_main` (
  `id` varchar(36) NOT NULL,
  `order_code` varchar(50) DEFAULT NULL COMMENT '订单号',
  `order_date` datetime DEFAULT NULL COMMENT '订单日期',
  `order_money` double DEFAULT NULL COMMENT '订单金额',
  `content` varchar(255) DEFAULT NULL COMMENT '备注',
  PRIMARY KEY (`id`)
) ENGINE=InnoDB DEFAULT CHARSET=utf8;
/*!40101 SET character_set_client = @saved_cs_client */;

--
-- Dumping data for table `jform_order_main`
--

LOCK TABLES `jform_order_main` WRITE;
/*!40000 ALTER TABLE `jform_order_main` DISABLE KEYS */;
/*!40000 ALTER TABLE `jform_order_main` ENABLE KEYS */;
UNLOCK TABLES;

--
-- Table structure for table `jg_person`
--

DROP TABLE IF EXISTS `jg_person`;
/*!40101 SET @saved_cs_client     = @@character_set_client */;
/*!40101 SET character_set_client = utf8 */;
CREATE TABLE `jg_person` (
  `ID` varchar(32) NOT NULL,
  `AGE` int(11) DEFAULT NULL,
  `BIRTHDAY` datetime DEFAULT NULL,
  `CREATEDT` datetime DEFAULT NULL,
  `NAME` varchar(255) NOT NULL,
  `SALARY` decimal(19,2) DEFAULT NULL,
  PRIMARY KEY (`ID`)
) ENGINE=InnoDB DEFAULT CHARSET=utf8;
/*!40101 SET character_set_client = @saved_cs_client */;

--
-- Dumping data for table `jg_person`
--

LOCK TABLES `jg_person` WRITE;
/*!40000 ALTER TABLE `jg_person` DISABLE KEYS */;
INSERT INTO `jg_person` VALUES ('402882f94680252d0146802b04e30162',10,'2014-06-09 18:27:21','2014-06-09 18:27:21','小红',1000.00);
/*!40000 ALTER TABLE `jg_person` ENABLE KEYS */;
UNLOCK TABLES;

--
-- Table structure for table `meeting_authority_group`
--

DROP TABLE IF EXISTS `meeting_authority_group`;
/*!40101 SET @saved_cs_client     = @@character_set_client */;
/*!40101 SET character_set_client = utf8 */;
CREATE TABLE `meeting_authority_group` (
  `ID` varchar(36) NOT NULL DEFAULT '' COMMENT '主键',
  `NAME` varchar(100) NOT NULL COMMENT '自定义权限组名',
  `DES` varchar(200) DEFAULT NULL COMMENT '描述',
  `AUTHTYPE` varchar(100) DEFAULT NULL COMMENT '权限类型',
  `CREATTYPE` varchar(100) DEFAULT NULL COMMENT '创建类型',
  `CREATE_BY` varchar(36) DEFAULT NULL COMMENT '创建人',
  `CREATE_NAME` varchar(32) DEFAULT NULL COMMENT '创建人名字',
  `CREATE_DATE` datetime DEFAULT NULL COMMENT '创建时间',
  `UPDATE_BY` varchar(36) DEFAULT NULL COMMENT '修改人',
  `UPDATE_NAME` varchar(32) DEFAULT NULL COMMENT '修改人名字',
  `UPDATE_DATE` datetime DEFAULT NULL COMMENT '修改时间',
  `DELFLAG` int(2) DEFAULT '0' COMMENT '删除标记',
  `DEL_DATE` datetime DEFAULT NULL COMMENT '删除时间',
  PRIMARY KEY (`ID`)
) ENGINE=InnoDB DEFAULT CHARSET=utf8;
/*!40101 SET character_set_client = @saved_cs_client */;

--
-- Dumping data for table `meeting_authority_group`
--

LOCK TABLES `meeting_authority_group` WRITE;
/*!40000 ALTER TABLE `meeting_authority_group` DISABLE KEYS */;
INSERT INTO `meeting_authority_group` VALUES ('402881ae478611620147861ac7a9000c','ALL','all',NULL,NULL,'admin','管理员','2014-07-30 15:10:08',NULL,NULL,NULL,0,NULL);
/*!40000 ALTER TABLE `meeting_authority_group` ENABLE KEYS */;
UNLOCK TABLES;

--
-- Table structure for table `meeting_authority_usergroup`
--

DROP TABLE IF EXISTS `meeting_authority_usergroup`;
/*!40101 SET @saved_cs_client     = @@character_set_client */;
/*!40101 SET character_set_client = utf8 */;
CREATE TABLE `meeting_authority_usergroup` (
  `ID` varchar(36) NOT NULL DEFAULT '' COMMENT '主键',
  `NAME` varchar(100) NOT NULL COMMENT '自定义权限组名',
  `DES` varchar(200) DEFAULT NULL COMMENT '描述',
  `AUTHTYPE` varchar(100) DEFAULT NULL COMMENT '权限类型',
  `CREATTYPE` varchar(100) DEFAULT NULL COMMENT '创建类型',
  `CREATE_BY` varchar(36) DEFAULT NULL COMMENT '创建人',
  `CREATE_NAME` varchar(32) DEFAULT NULL COMMENT '创建人名字',
  `CREATE_DATE` datetime DEFAULT NULL COMMENT '创建时间',
  `UPDATE_BY` varchar(36) DEFAULT NULL COMMENT '修改人',
  `UPDATE_NAME` varchar(32) DEFAULT NULL COMMENT '修改人名字',
  `UPDATE_DATE` datetime DEFAULT NULL COMMENT '修改时间',
  `DELFLAG` int(2) DEFAULT '0' COMMENT '删除标记',
  `DEL_DATE` datetime DEFAULT NULL COMMENT '删除时间',
  PRIMARY KEY (`ID`)
) ENGINE=InnoDB DEFAULT CHARSET=utf8;
/*!40101 SET character_set_client = @saved_cs_client */;

--
-- Dumping data for table `meeting_authority_usergroup`
--

LOCK TABLES `meeting_authority_usergroup` WRITE;
/*!40000 ALTER TABLE `meeting_authority_usergroup` DISABLE KEYS */;
/*!40000 ALTER TABLE `meeting_authority_usergroup` ENABLE KEYS */;
UNLOCK TABLES;

--
-- Table structure for table `meeting_info`
--

DROP TABLE IF EXISTS `meeting_info`;
/*!40101 SET @saved_cs_client     = @@character_set_client */;
/*!40101 SET character_set_client = utf8 */;
CREATE TABLE `meeting_info` (
  `ID` varchar(36) NOT NULL DEFAULT '' COMMENT '主键',
  `billID` varchar(36) DEFAULT NULL COMMENT 'VRS_ID号',
  `billName` varchar(100) DEFAULT NULL COMMENT '设备名',
  `billStartTime` datetime DEFAULT NULL COMMENT '时间',
  `billDuration` int(11) DEFAULT NULL COMMENT '持续时长',
  `isAsfLive` tinyint(4) DEFAULT NULL COMMENT 'Live类型',
  `isRecord` tinyint(4) DEFAULT NULL COMMENT '是否录音',
  `meetingState` tinyint(4) DEFAULT NULL COMMENT '会议状态',
  `currentSession` varchar(36) DEFAULT NULL COMMENT '会议有限状态机',
  `AppointmentDT` varchar(50) DEFAULT NULL COMMENT '预约录制时间',
  `AppointmentState` tinyint(4) DEFAULT '0' COMMENT '预约状态',
  `AsfUrl` varchar(100) DEFAULT NULL COMMENT '资源URL',
  `NAME` varchar(20) DEFAULT NULL COMMENT '会议名称',
  `TypeId` tinyint(4) DEFAULT NULL COMMENT '所属类型',
  `RIGHTID` varchar(100) DEFAULT NULL COMMENT '终端分组',
  `SUBJECT` varchar(50) DEFAULT NULL COMMENT '会议主题',
  `COMPERE` varchar(20) DEFAULT NULL COMMENT '会议主持人',
  `INTRODUCTION` varchar(1024) DEFAULT NULL COMMENT '会议简介',
  `CREATE_BY` varchar(36) DEFAULT NULL COMMENT '创建人',
  `CREATE_NAME` varchar(32) DEFAULT NULL COMMENT '创建人名字',
  `CREATE_DATE` datetime DEFAULT NULL COMMENT '创建时间',
  `UPDATE_BY` varchar(36) DEFAULT NULL COMMENT '修改人',
  `UPDATE_NAME` varchar(32) DEFAULT NULL COMMENT '修改人名字',
  `UPDATE_DATE` datetime DEFAULT NULL COMMENT '修改时间',
  `DELFLAG` int(2) DEFAULT '0' COMMENT '删除标记',
  `DEL_DATE` datetime DEFAULT NULL COMMENT '删除时间',
  PRIMARY KEY (`ID`)
) ENGINE=InnoDB DEFAULT CHARSET=utf8;
/*!40101 SET character_set_client = @saved_cs_client */;

--
-- Dumping data for table `meeting_info`
--

LOCK TABLES `meeting_info` WRITE;
/*!40000 ALTER TABLE `meeting_info` DISABLE KEYS */;
INSERT INTO `meeting_info` VALUES ('402881ae47b5356a0147b539fe4b0003',NULL,NULL,'2014-08-08 18:46:22',0,1,1,4,'402881ae47b5356a0147b53a09350005','',NULL,NULL,NULL,1,NULL,'223','223','223','admin','管理员','2014-08-08 18:46:23','admin','管理员','2014-08-08 18:47:12',0,NULL),('402881ae47b5356a0147b53ff482000c',NULL,NULL,'2014-08-08 18:52:53',NULL,1,1,1,NULL,NULL,0,NULL,NULL,1,NULL,'12','12','12','admin','管理员','2014-08-08 18:52:53',NULL,NULL,NULL,0,NULL),('402882ed47b387990147b38c22120003',NULL,NULL,'2014-08-08 10:56:51',3,1,1,4,'402882ed47b387990147b38c62e70005','',NULL,NULL,NULL,1,NULL,'1','1','1','admin','管理员','2014-08-08 10:56:51','admin','管理员','2014-08-08 11:00:19',0,NULL),('402882ed47b428580147b47062cf0007',NULL,NULL,'2014-08-08 15:06:09',10,1,1,4,NULL,NULL,0,NULL,NULL,1,NULL,'1','1','1','admin','管理员','2014-08-08 15:06:10','admin','管理员','2014-08-08 15:16:28',0,NULL),('402882ed47b428580147b47a2bab000c',NULL,NULL,'2014-08-08 15:16:51',22,1,1,4,'402882ed47b428580147b48cf62d0016','',NULL,NULL,NULL,1,NULL,'2','2','2','admin','管理员','2014-08-08 15:16:51','admin','管理员','2014-08-08 15:39:48',0,NULL),('402882ed47b428580147b497af8f0025',NULL,NULL,'2014-08-08 15:49:05',0,1,1,4,NULL,NULL,0,NULL,NULL,1,NULL,'2','2','2','admin','管理员','2014-08-08 15:49:06','admin','管理员','2014-08-08 15:49:14',0,NULL),('402882ed47b428580147b498989b002a',NULL,NULL,'2014-08-08 15:50:05',0,1,1,4,NULL,NULL,0,NULL,NULL,1,NULL,'4','4','4','admin','管理员','2014-08-08 15:50:05','admin','管理员','2014-08-08 15:50:19',0,NULL),('402882ed47b428580147b49993d1002f',NULL,NULL,'2014-08-08 15:51:09',0,1,1,4,NULL,NULL,0,NULL,NULL,1,NULL,'3','3','3','admin','管理员','2014-08-08 15:51:10','admin','管理员','2014-08-08 15:51:18',0,NULL),('402882ed47b428580147b49a23020034',NULL,NULL,'2014-08-08 15:51:46',0,1,1,4,NULL,NULL,0,NULL,NULL,1,NULL,'3','3','3','admin','管理员','2014-08-08 15:51:46','admin','管理员','2014-08-08 15:51:53',0,NULL),('402882ed47b428580147b49b37940039',NULL,NULL,'2014-08-08 15:52:56',0,1,1,4,NULL,NULL,0,NULL,NULL,1,NULL,'3','3','3','admin','管理员','2014-08-08 15:52:57','admin','管理员','2014-08-08 15:53:14',0,NULL),('402882ed47b428580147b49de35c003e',NULL,NULL,'2014-08-08 15:55:52',0,1,1,4,NULL,NULL,0,NULL,NULL,1,NULL,'3','3','3','admin','管理员','2014-08-08 15:55:52','admin','管理员','2014-08-08 15:55:59',0,NULL),('402882ed47b428580147b4a0003e0043',NULL,NULL,'2014-08-08 15:58:10',0,1,1,4,NULL,NULL,0,NULL,NULL,1,NULL,'3','3','3','admin','管理员','2014-08-08 15:58:10','admin','管理员','2014-08-08 15:58:20',0,NULL),('402882ed47b428580147b4a0a0ed0048',NULL,NULL,'2014-08-08 15:58:51',3,1,1,4,'402882ed47b428580147b4a0c446004a','',NULL,NULL,NULL,1,NULL,'3','3','3','admin','管理员','2014-08-08 15:58:52','admin','管理员','2014-08-08 16:02:33',0,NULL),('402882ed47b428580147b4a47e530051',NULL,NULL,'2014-08-08 16:03:04',47,1,1,4,'402882ed47b428580147b4cf99d00065','',NULL,NULL,NULL,1,NULL,'3','3','3','admin','管理员','2014-08-08 16:03:05','admin','管理员','2014-08-08 16:50:48',0,NULL),('402882ed47b428580147b4d1776c007e',NULL,NULL,'2014-08-08 16:52:12',0,1,1,4,'402882ed47b428580147b4d18c110080','',NULL,NULL,NULL,1,NULL,'1','1','1','admin','管理员','2014-08-08 16:52:12','admin','管理员','2014-08-08 16:52:44',0,NULL),('402882ed47b428580147b4d37eff0087',NULL,NULL,'2014-08-08 16:54:25',0,1,1,4,'402882ed47b428580147b4d38aec0089','',NULL,NULL,NULL,1,NULL,'1','1','1','admin','管理员','2014-08-08 16:54:25','admin','管理员','2014-08-08 16:55:18',0,NULL),('402882ed47b428580147b4d5b34b0090',NULL,NULL,'2014-08-08 16:56:49',0,1,1,4,NULL,NULL,0,NULL,NULL,1,NULL,'1','1','1','admin','管理员','2014-08-08 16:56:50','admin','管理员','2014-08-08 16:57:00',0,NULL),('402882ed47b428580147b4d9cb1a0095',NULL,NULL,'2014-08-08 17:01:17',0,1,1,4,NULL,NULL,0,NULL,NULL,1,NULL,'1','','','admin','管理员','2014-08-08 17:01:18','admin','管理员','2014-08-08 17:01:25',0,NULL),('402882ed47b428580147b4da6ce5009a',NULL,NULL,'2014-08-08 17:01:59',0,1,1,4,NULL,NULL,0,NULL,NULL,1,NULL,'2','','','admin','管理员','2014-08-08 17:01:59','admin','管理员','2014-08-08 17:02:09',0,NULL),('402882ed47b428580147b4dd5104009f',NULL,NULL,'2014-08-08 17:05:08',0,1,1,4,NULL,NULL,0,NULL,NULL,1,NULL,'1','1','1','admin','管理员','2014-08-08 17:05:09','admin','管理员','2014-08-08 17:05:16',0,NULL),('402882ed47b428580147b4de313000a4',NULL,NULL,'2014-08-08 17:06:06',0,1,1,4,NULL,NULL,0,NULL,NULL,1,NULL,'2','2','2','admin','管理员','2014-08-08 17:06:06','admin','管理员','2014-08-08 17:06:13',0,NULL),('402882ed47b428580147b4de951000a9',NULL,NULL,'2014-08-08 17:06:31',4,1,1,4,'402882ed47b428580147b4dea03800ab','',NULL,NULL,NULL,1,NULL,'2','2','2','admin','管理员','2014-08-08 17:06:32','admin','管理员','2014-08-08 17:10:59',0,NULL),('402882ed47b428580147b4e2e8f000b2',NULL,NULL,'2014-08-08 17:11:15',1,1,1,4,'402882ed47b428580147b4e2f8b600b4','',NULL,NULL,NULL,1,NULL,'1','1','1','admin','管理员','2014-08-08 17:11:15','admin','管理员','2014-08-08 17:13:08',0,NULL),('402882ed47b428580147b4e4c86900bb',NULL,NULL,'2014-08-08 17:13:18',1,1,1,4,NULL,NULL,0,NULL,NULL,1,NULL,'1','1','1','admin','管理员','2014-08-08 17:13:18','admin','管理员','2014-08-08 17:15:06',0,NULL),('402882ed47b428580147b4e6999d00c0',NULL,NULL,'2014-08-08 17:15:17',0,1,1,4,'402882ed47b428580147b4e6ab9100c2','',NULL,NULL,NULL,1,NULL,'1','1','1','admin','管理员','2014-08-08 17:15:17','admin','管理员','2014-08-08 17:15:55',0,NULL),('402882ed47b428580147b4e7de3400c9',NULL,NULL,'2014-08-08 17:16:40',0,1,1,4,'402882ed47b428580147b4e7e94600cb','',NULL,NULL,NULL,1,NULL,'1','1','1','admin','管理员','2014-08-08 17:16:40','admin','管理员','2014-08-08 17:17:37',0,NULL),('402882ed47b428580147b4e9f65400d2',NULL,NULL,'2014-08-08 17:18:57',14,1,1,4,'402882ed47b428580147b4eb632600d4','',NULL,NULL,NULL,1,NULL,'1','1','1','admin','管理员','2014-08-08 17:18:58','admin','管理员','2014-08-08 17:33:49',0,NULL),('402882ed47b428580147b4f7c09c00db',NULL,NULL,'2014-08-08 17:34:01',8,1,1,4,NULL,NULL,0,NULL,NULL,1,NULL,'1','1','1','admin','管理员','2014-08-08 17:34:01','admin','管理员','2014-08-08 17:42:30',0,NULL),('402882ed47b428580147b4ffcf2800e0',NULL,NULL,'2014-08-08 17:42:49',0,1,1,4,NULL,NULL,0,NULL,NULL,1,NULL,'1','1','1','admin','管理员','2014-08-08 17:42:49','admin','管理员','2014-08-08 17:43:32',0,NULL),('402882ed47b428580147b500a24000e5',NULL,NULL,'2014-08-08 17:43:43',11,1,1,4,'402882ed47b428580147b50a93a600ef','',NULL,NULL,NULL,1,NULL,'1','1','1','admin','管理员','2014-08-08 17:43:43','admin','管理员','2014-08-08 17:55:41',0,NULL),('402882ed47b428580147b50be05b00fe',NULL,NULL,'2014-08-08 17:56:00',1,1,1,4,'402882ed47b428580147b50c392a0100','',NULL,NULL,NULL,1,NULL,'1','1','1','admin','管理员','2014-08-08 17:56:00','admin','管理员','2014-08-08 17:57:36',0,NULL),('402882ed47b428580147b5155a510107',NULL,NULL,'2014-08-08 18:06:21',0,1,1,4,'402882ed47b428580147b51565d60109','',NULL,NULL,NULL,1,NULL,'123123','123123','123123','admin','管理员','2014-08-08 18:06:21','admin','管理员','2014-08-08 18:06:58',0,NULL),('402882ed47b428580147b517e7f90110',NULL,NULL,'2014-08-08 18:09:08',1,1,1,4,'402882ed47b428580147b517f16c0112','',NULL,NULL,NULL,1,NULL,'321','321','321','admin','管理员','2014-08-08 18:09:09','admin','管理员','2014-08-08 18:10:18',0,NULL),('402882ed47b51da10147b5216a790003',NULL,NULL,'2014-08-08 18:19:31',6,1,1,4,NULL,'',2,NULL,NULL,1,NULL,'1','1','1','admin','管理员','2014-08-08 18:19:32','admin','管理员','2014-08-08 18:25:36',0,NULL),('402882ed47b51da10147b5272bfe0008',NULL,NULL,'2014-08-08 18:25:49',0,1,1,4,'402882ed47b51da10147b5273c95000a','',NULL,NULL,NULL,1,NULL,'1212','1212','1212','admin','管理员','2014-08-08 18:25:49','admin','管理员','2014-08-08 18:26:35',0,NULL),('402882ed47b51da10147b52b68d80011',NULL,NULL,'2014-08-08 18:30:26',0,1,1,4,'402882ed47b51da10147b52b757d0013','',NULL,NULL,NULL,1,NULL,'13','13','13','admin','管理员','2014-08-08 18:30:27','admin','管理员','2014-08-08 18:31:19',0,NULL);
/*!40000 ALTER TABLE `meeting_info` ENABLE KEYS */;
UNLOCK TABLES;

--
-- Table structure for table `meeting_info_history`
--

DROP TABLE IF EXISTS `meeting_info_history`;
/*!40101 SET @saved_cs_client     = @@character_set_client */;
/*!40101 SET character_set_client = utf8 */;
CREATE TABLE `meeting_info_history` (
  `ID` varchar(36) NOT NULL DEFAULT '' COMMENT '主键',
  `billID` varchar(36) DEFAULT NULL COMMENT 'VRS_ID号',
  `billName` varchar(100) DEFAULT NULL COMMENT '设备名',
  `billStartTime` datetime DEFAULT NULL COMMENT '时间',
  `billDuration` int(11) DEFAULT NULL COMMENT '持续时长',
  `isAsfLive` tinyint(4) DEFAULT NULL COMMENT 'Live类型',
  `isRecord` tinyint(4) DEFAULT NULL COMMENT '是否录音',
  `meetingState` tinyint(4) DEFAULT NULL COMMENT '会议状态',
  `FSMState` char(1) DEFAULT NULL COMMENT '会议有限状态机',
  `AppointmentDT` varchar(5) DEFAULT NULL COMMENT '预约录制时间',
  `AppointmentState` tinyint(4) DEFAULT '0' COMMENT '预约状态',
  `AsfUrl` varchar(100) DEFAULT NULL COMMENT '资源URL',
  `NAME` varchar(20) DEFAULT NULL COMMENT '会议名称',
  `TypeId` tinyint(4) DEFAULT NULL COMMENT '所属类型',
  `RIGHTID` varchar(100) DEFAULT NULL COMMENT '终端分组',
  `SUBJECT` varchar(50) DEFAULT NULL COMMENT '会议主题',
  `COMPERE` varchar(20) DEFAULT NULL COMMENT '会议主持人',
  `INTRODUCTION` varchar(1024) DEFAULT NULL COMMENT '会议简介',
  `CREATE_BY` varchar(36) DEFAULT NULL COMMENT '创建人',
  `CREATE_NAME` varchar(32) DEFAULT NULL COMMENT '创建人名字',
  `CREATE_DATE` datetime DEFAULT NULL COMMENT '创建时间',
  `UPDATE_BY` varchar(36) DEFAULT NULL COMMENT '修改人',
  `UPDATE_NAME` varchar(32) DEFAULT NULL COMMENT '修改人名字',
  `UPDATE_DATE` datetime DEFAULT NULL COMMENT '修改时间',
  `DELFLAG` int(2) DEFAULT '0' COMMENT '删除标记',
  `DEL_DATE` datetime DEFAULT NULL COMMENT '删除时间',
  PRIMARY KEY (`ID`)
) ENGINE=InnoDB DEFAULT CHARSET=utf8;
/*!40101 SET character_set_client = @saved_cs_client */;

--
-- Dumping data for table `meeting_info_history`
--

LOCK TABLES `meeting_info_history` WRITE;
/*!40000 ALTER TABLE `meeting_info_history` DISABLE KEYS */;
INSERT INTO `meeting_info_history` VALUES ('402881ae47b5356a0147b53abd640009',NULL,NULL,'2014-08-08 18:46:22',0,1,1,4,NULL,'',0,NULL,NULL,1,NULL,'223','223','223','admin','管理员','2014-08-08 18:46:23','admin','管理员','2014-08-08 18:47:11',0,NULL),('402882ed47b387990147b38f4bd30009',NULL,NULL,'2014-08-08 10:56:51',3,1,1,4,NULL,'',0,NULL,NULL,1,NULL,'1','1','1','admin','管理员','2014-08-08 10:56:51','admin','管理员','2014-08-08 11:00:18',0,NULL),('402882ed47b428580147b479d21c0009',NULL,NULL,'2014-08-08 15:06:09',10,1,1,4,NULL,NULL,0,NULL,NULL,1,NULL,'1','1','1','admin','管理员','2014-08-08 15:06:10','admin','管理员','2014-08-08 15:16:28',0,NULL),('402882ed47b428580147b48f2e3a0022',NULL,NULL,'2014-08-08 15:16:51',22,1,1,4,NULL,'',0,NULL,NULL,1,NULL,'2','2','2','admin','管理员','2014-08-08 15:16:51','admin','管理员','2014-08-08 15:39:48',0,NULL),('402882ed47b428580147b497cfea0027',NULL,NULL,'2014-08-08 15:49:05',0,1,1,4,NULL,NULL,0,NULL,NULL,1,NULL,'2','2','2','admin','管理员','2014-08-08 15:49:06','admin','管理员','2014-08-08 15:49:14',0,NULL),('402882ed47b428580147b498cf0c002c',NULL,NULL,'2014-08-08 15:50:05',0,1,1,4,NULL,NULL,0,NULL,NULL,1,NULL,'4','4','4','admin','管理员','2014-08-08 15:50:05','admin','管理员','2014-08-08 15:50:19',0,NULL),('402882ed47b428580147b499b5070031',NULL,NULL,'2014-08-08 15:51:09',0,1,1,4,NULL,NULL,0,NULL,NULL,1,NULL,'3','3','3','admin','管理员','2014-08-08 15:51:10','admin','管理员','2014-08-08 15:51:18',0,NULL),('402882ed47b428580147b49a3e390036',NULL,NULL,'2014-08-08 15:51:46',0,1,1,4,NULL,NULL,0,NULL,NULL,1,NULL,'3','3','3','admin','管理员','2014-08-08 15:51:46','admin','管理员','2014-08-08 15:51:53',0,NULL),('402882ed47b428580147b49b77c4003b',NULL,NULL,'2014-08-08 15:52:56',0,1,1,4,NULL,NULL,0,NULL,NULL,1,NULL,'3','3','3','admin','管理员','2014-08-08 15:52:57','admin','管理员','2014-08-08 15:53:13',0,NULL),('402882ed47b428580147b49dff950040',NULL,NULL,'2014-08-08 15:55:52',0,1,1,4,NULL,NULL,0,NULL,NULL,1,NULL,'3','3','3','admin','管理员','2014-08-08 15:55:52','admin','管理员','2014-08-08 15:55:59',0,NULL),('402882ed47b428580147b4a0234d0045',NULL,NULL,'2014-08-08 15:58:10',0,1,1,4,NULL,NULL,0,NULL,NULL,1,NULL,'3','3','3','admin','管理员','2014-08-08 15:58:10','admin','管理员','2014-08-08 15:58:19',0,NULL),('402882ed47b428580147b4a4000e004e',NULL,NULL,'2014-08-08 15:58:51',3,1,1,4,NULL,'',0,NULL,NULL,1,NULL,'3','3','3','admin','管理员','2014-08-08 15:58:52','admin','管理员','2014-08-08 16:02:32',0,NULL),('402882ed47b428580147b4d02d7f007b',NULL,NULL,'2014-08-08 16:03:04',47,1,1,4,NULL,'',0,NULL,NULL,1,NULL,'3','3','3','admin','管理员','2014-08-08 16:03:05','admin','管理员','2014-08-08 16:50:48',0,NULL),('402882ed47b428580147b4d1f2dc0084',NULL,NULL,'2014-08-08 16:52:12',0,1,1,4,NULL,'',0,NULL,NULL,1,NULL,'1','1','1','admin','管理员','2014-08-08 16:52:12','admin','管理员','2014-08-08 16:52:44',0,NULL),('402882ed47b428580147b4d44e56008d',NULL,NULL,'2014-08-08 16:54:25',0,1,1,4,NULL,'',0,NULL,NULL,1,NULL,'1','1','1','admin','管理员','2014-08-08 16:54:25','admin','管理员','2014-08-08 16:55:18',0,NULL),('402882ed47b428580147b4d5dcdb0092',NULL,NULL,'2014-08-08 16:56:49',0,1,1,4,NULL,NULL,0,NULL,NULL,1,NULL,'1','1','1','admin','管理员','2014-08-08 16:56:50','admin','管理员','2014-08-08 16:57:00',0,NULL),('402882ed47b428580147b4d9e47c0097',NULL,NULL,'2014-08-08 17:01:17',0,1,1,4,NULL,NULL,0,NULL,NULL,1,NULL,'1','','','admin','管理员','2014-08-08 17:01:18','admin','管理员','2014-08-08 17:01:24',0,NULL),('402882ed47b428580147b4da91d6009c',NULL,NULL,'2014-08-08 17:01:59',0,1,1,4,NULL,NULL,0,NULL,NULL,1,NULL,'2','','','admin','管理员','2014-08-08 17:01:59','admin','管理员','2014-08-08 17:02:09',0,NULL),('402882ed47b428580147b4dd6bf800a1',NULL,NULL,'2014-08-08 17:05:08',0,1,1,4,NULL,NULL,0,NULL,NULL,1,NULL,'1','1','1','admin','管理员','2014-08-08 17:05:09','admin','管理员','2014-08-08 17:05:16',0,NULL),('402882ed47b428580147b4de4c4700a6',NULL,NULL,'2014-08-08 17:06:06',0,1,1,4,NULL,NULL,0,NULL,NULL,1,NULL,'2','2','2','admin','管理员','2014-08-08 17:06:06','admin','管理员','2014-08-08 17:06:13',0,NULL),('402882ed47b428580147b4e2a99900af',NULL,NULL,'2014-08-08 17:06:31',4,1,1,4,NULL,'',0,NULL,NULL,1,NULL,'2','2','2','admin','管理员','2014-08-08 17:06:32','admin','管理员','2014-08-08 17:10:59',0,NULL),('402882ed47b428580147b4e4a08500b8',NULL,NULL,'2014-08-08 17:11:15',1,1,1,4,NULL,'',0,NULL,NULL,1,NULL,'1','1','1','admin','管理员','2014-08-08 17:11:15','admin','管理员','2014-08-08 17:13:08',0,NULL),('402882ed47b428580147b4e66c8600bd',NULL,NULL,'2014-08-08 17:13:18',1,1,1,4,NULL,NULL,0,NULL,NULL,1,NULL,'1','1','1','admin','管理员','2014-08-08 17:13:18','admin','管理员','2014-08-08 17:15:06',0,NULL),('402882ed47b428580147b4e72b3300c6',NULL,NULL,'2014-08-08 17:15:17',0,1,1,4,NULL,'',0,NULL,NULL,1,NULL,'1','1','1','admin','管理员','2014-08-08 17:15:17','admin','管理员','2014-08-08 17:15:54',0,NULL),('402882ed47b428580147b4e8bcc000cf',NULL,NULL,'2014-08-08 17:16:40',0,1,1,4,NULL,'',0,NULL,NULL,1,NULL,'1','1','1','admin','管理员','2014-08-08 17:16:40','admin','管理员','2014-08-08 17:17:37',0,NULL),('402882ed47b428580147b4f790c900d8',NULL,NULL,'2014-08-08 17:18:57',14,1,1,4,NULL,'',0,NULL,NULL,1,NULL,'1','1','1','admin','管理员','2014-08-08 17:18:58','admin','管理员','2014-08-08 17:33:49',0,NULL),('402882ed47b428580147b4ff842900dd',NULL,NULL,'2014-08-08 17:34:01',8,1,1,4,NULL,NULL,0,NULL,NULL,1,NULL,'1','1','1','admin','管理员','2014-08-08 17:34:01','admin','管理员','2014-08-08 17:42:30',0,NULL),('402882ed47b428580147b50074c600e2',NULL,NULL,'2014-08-08 17:42:49',0,1,1,4,NULL,NULL,0,NULL,NULL,1,NULL,'1','1','1','admin','管理员','2014-08-08 17:42:49','admin','管理员','2014-08-08 17:43:32',0,NULL),('402882ed47b428580147b50b944d00fb',NULL,NULL,'2014-08-08 17:43:43',11,1,1,4,NULL,'',0,NULL,NULL,1,NULL,'1','1','1','admin','管理员','2014-08-08 17:43:43','admin','管理员','2014-08-08 17:55:40',0,NULL),('402882ed47b428580147b50d54ed0104',NULL,NULL,'2014-08-08 17:56:00',1,1,1,4,NULL,'',0,NULL,NULL,1,NULL,'1','1','1','admin','管理员','2014-08-08 17:56:00','admin','管理员','2014-08-08 17:57:35',0,NULL),('402882ed47b428580147b515e909010d',NULL,NULL,'2014-08-08 18:06:21',0,1,1,4,NULL,'',0,NULL,NULL,1,NULL,'123123','123123','123123','admin','管理员','2014-08-08 18:06:21','admin','管理员','2014-08-08 18:06:58',0,NULL),('402882ed47b428580147b518f7900116',NULL,NULL,'2014-08-08 18:09:08',1,1,1,4,NULL,'',0,NULL,NULL,1,NULL,'321','321','321','admin','管理员','2014-08-08 18:09:09','admin','管理员','2014-08-08 18:10:18',0,NULL),('402882ed47b51da10147b526f9780005',NULL,NULL,'2014-08-08 18:19:31',6,1,1,4,NULL,'',2,NULL,NULL,1,NULL,'1','1','1','admin','管理员','2014-08-08 18:19:32','admin','管理员','2014-08-08 18:25:36',0,NULL),('402882ed47b51da10147b527de55000e',NULL,NULL,'2014-08-08 18:25:49',0,1,1,4,NULL,'',0,NULL,NULL,1,NULL,'1212','1212','1212','admin','管理员','2014-08-08 18:25:49','admin','管理员','2014-08-08 18:26:31',0,NULL),('402882ed47b51da10147b52c33260017',NULL,NULL,'2014-08-08 18:30:26',0,1,1,4,NULL,'',0,NULL,NULL,1,NULL,'13','13','13','admin','管理员','2014-08-08 18:30:27','admin','管理员','2014-08-08 18:31:18',0,NULL);
/*!40000 ALTER TABLE `meeting_info_history` ENABLE KEYS */;
UNLOCK TABLES;

--
-- Table structure for table `meeting_live_section_record`
--

DROP TABLE IF EXISTS `meeting_live_section_record`;
/*!40101 SET @saved_cs_client     = @@character_set_client */;
/*!40101 SET character_set_client = utf8 */;
CREATE TABLE `meeting_live_section_record` (
  `ID` varchar(36) NOT NULL DEFAULT '' COMMENT '主键',
  `MeetingID` varchar(36) NOT NULL DEFAULT '' COMMENT '会议ID',
  `ChannelID` varchar(36) NOT NULL DEFAULT '' COMMENT '频道ID',
  `liveSessionID` varchar(36) DEFAULT NULL COMMENT 'SessionID号',
  `CodecPriorityFlg` tinyint(4) DEFAULT NULL COMMENT 'Codec主备标志',
  `CodecSrvID` varchar(36) DEFAULT NULL COMMENT 'Codec服务器ID号',
  `RecordSrvID` varchar(36) NOT NULL DEFAULT '' COMMENT '录播服务器ID',
  `RtspSrvID` varchar(36) NOT NULL DEFAULT '' COMMENT 'Rtsp服务器ID',
  `RtspRelativeDir` varchar(36) DEFAULT NULL COMMENT 'Rtsp服务器地址',
  `FileName` varchar(36) DEFAULT NULL COMMENT '录制的文件名称',
  `Rec_State` tinyint(4) DEFAULT '0' COMMENT '录制状态',
  `Rec_Message` varchar(1000) DEFAULT NULL COMMENT '录制备注',
  `Rec_Start_DT` datetime NOT NULL DEFAULT '0000-00-00 00:00:00' COMMENT '起始时间',
  `Rec_End_DT` datetime DEFAULT NULL COMMENT '结束时间',
  `billDuration` int(11) DEFAULT '0' COMMENT '持续时长',
  `AsfUrl` varchar(100) DEFAULT NULL COMMENT '资源URL',
  `CREATE_BY` varchar(36) DEFAULT NULL COMMENT '创建人',
  `CREATE_NAME` varchar(32) DEFAULT NULL COMMENT '创建人名字',
  `CREATE_DATE` datetime DEFAULT NULL COMMENT '创建时间',
  `UPDATE_BY` varchar(36) DEFAULT NULL COMMENT '修改人',
  `UPDATE_NAME` varchar(32) DEFAULT NULL COMMENT '修改人名字',
  `UPDATE_DATE` datetime DEFAULT NULL COMMENT '修改时间',
  `DELFLAG` int(2) DEFAULT '0' COMMENT '删除标记',
  `DEL_DATE` datetime DEFAULT NULL COMMENT '删除时间',
  PRIMARY KEY (`ID`)
) ENGINE=InnoDB DEFAULT CHARSET=utf8;
/*!40101 SET character_set_client = @saved_cs_client */;

--
-- Dumping data for table `meeting_live_section_record`
--

LOCK TABLES `meeting_live_section_record` WRITE;
/*!40000 ALTER TABLE `meeting_live_section_record` DISABLE KEYS */;
INSERT INTO `meeting_live_section_record` VALUES ('402881ae47b5356a0147b53a097d0006','402881ae47b5356a0147b539fe4b0003','402881ae47b5356a0147b539f4380001','402881ae47b5356a0147b53a09350005',1,'402881ae478611620147861597af0008','402881ae4786116201478613cc380003','402881ae47861162014786131e370001','201408','ca1fa5e6-3cfd-49c7-bf03-3d48cadae7b9',5,NULL,'2014-08-08 18:46:25','2014-08-08 18:47:11',0,NULL,'admin','管理员','2014-08-08 18:46:25',NULL,NULL,NULL,0,NULL),('402882ed47b387990147b38c63080006','402882ed47b387990147b38c22120003','402882ed47b387990147b38c16ae0001','402882ed47b387990147b38c62e70005',1,'402881ae478611620147861597af0008','402881ae4786116201478613cc380003','402881ae47861162014786131e370001','201408','0e9cc7d4-bdd1-480d-94aa-6e60ff1e9daa',2,NULL,'2014-08-08 10:57:07','2014-08-08 11:00:13',0,NULL,'admin','管理员','2014-08-08 10:57:08',NULL,NULL,NULL,0,NULL),('402882ed47b428580147b47a3e38000f','402882ed47b428580147b47a2bab000c','402882ed47b428580147b47a20dc000a','402882ed47b428580147b47a3cb9000e',1,'402881ae478611620147861597af0008','402881ae4786116201478613cc380003','402881ae47861162014786131e370001','201408','baeba714-9bf1-4d90-ace6-3cafcce3c2a9',2,NULL,'2014-08-08 15:16:55','2014-08-08 15:24:09',0,NULL,'admin','管理员','2014-08-08 15:16:56',NULL,NULL,NULL,0,NULL),('402882ed47b428580147b485505d0011','402882ed47b428580147b47a2bab000c','402882ed47b428580147b47a20dc000a','402882ed47b428580147b48550170010',1,'402881ae478611620147861597af0008','402881ae4786116201478613cc380003','402881ae47861162014786131e370001','201408','efba65fe-bfe4-4918-905a-7f7c3c9db049',2,NULL,'2014-08-08 15:29:01','2014-08-08 15:30:07',0,NULL,'admin','管理员','2014-08-08 15:29:02',NULL,NULL,NULL,0,NULL),('402882ed47b428580147b488317a0013','402882ed47b428580147b47a2bab000c','402882ed47b428580147b47a20dc000a','402882ed47b428580147b48831370012',1,'402881ae478611620147861597af0008','402881ae4786116201478613cc380003','402881ae47861162014786131e370001','201408','82113397-c14e-4ccd-9069-0b91d3d79def',2,NULL,'2014-08-08 15:32:10','2014-08-08 15:32:52',0,NULL,'admin','管理员','2014-08-08 15:32:10',NULL,NULL,NULL,0,NULL),('402882ed47b428580147b489d23b0015','402882ed47b428580147b47a2bab000c','402882ed47b428580147b47a20dc000a','402882ed47b428580147b489d2170014',1,'402881ae478611620147861597af0008','402881ae4786116201478613cc380003','402881ae47861162014786131e370001','201408','d8f86ba4-5d9f-4cab-b359-0444938c5c26',2,NULL,'2014-08-08 15:33:56','2014-08-08 15:34:39',0,NULL,'admin','管理员','2014-08-08 15:33:57',NULL,NULL,NULL,0,NULL),('402882ed47b428580147b48cf65e0017','402882ed47b428580147b47a2bab000c','402882ed47b428580147b47a20dc000a','402882ed47b428580147b48cf62d0016',1,'402881ae478611620147861597af0008','402881ae4786116201478613cc380003','402881ae47861162014786131e370001','201408','3e4bc675-2e9a-4a1a-99a5-e8ae0e48f8ab',2,NULL,'2014-08-08 15:37:22','2014-08-08 15:38:04',0,NULL,'admin','管理员','2014-08-08 15:37:23',NULL,NULL,NULL,0,NULL),('402882ed47b428580147b4a0c45b004b','402882ed47b428580147b4a0a0ed0048','402882ed47b428580147b4a098540046','402882ed47b428580147b4a0c446004a',1,'402881ae478611620147861597af0008','402881ae4786116201478613cc380003','402881ae47861162014786131e370001','201408','eb771fe5-96cc-4fdb-90dd-dc2da9d2403f',2,NULL,'2014-08-08 15:59:00','2014-08-08 16:01:49',0,NULL,'admin','管理员','2014-08-08 15:59:01',NULL,NULL,NULL,0,NULL),('402882ed47b428580147b4a4ad650054','402882ed47b428580147b4a47e530051','402882ed47b428580147b4a475d5004f','402882ed47b428580147b4a4ad540053',1,'402881ae478611620147861597af0008','402881ae4786116201478613cc380003','402881ae47861162014786131e370001','201408','339325d9-96df-42ca-90d3-3f975ec040a2',2,NULL,'2014-08-08 16:03:16','2014-08-08 16:10:32',0,NULL,'admin','管理员','2014-08-08 16:03:17',NULL,NULL,NULL,0,NULL),('402882ed47b428580147b4ab6bd70056','402882ed47b428580147b4a47e530051','402882ed47b428580147b4a475d5004f','402882ed47b428580147b4ab6bb50055',1,'402881ae478611620147861597af0008','402881ae4786116201478613cc380003','402881ae47861162014786131e370001','201408','8fe91b97-423d-4ce0-ad75-64276a4380e0',2,NULL,'2014-08-08 16:10:38','2014-08-08 16:12:14',0,NULL,'admin','管理员','2014-08-08 16:10:39',NULL,NULL,NULL,0,NULL),('402882ed47b428580147b4ad01f80058','402882ed47b428580147b4a47e530051','402882ed47b428580147b4a475d5004f','402882ed47b428580147b4ad01e50057',1,'402881ae478611620147861597af0008','402881ae4786116201478613cc380003','402881ae47861162014786131e370001','201408','7a25ace0-6b87-4969-8521-6c1765265120',2,NULL,'2014-08-08 16:12:22','2014-08-08 16:16:44',0,NULL,'admin','管理员','2014-08-08 16:12:23',NULL,NULL,NULL,0,NULL),('402882ed47b428580147b4b121b8005a','402882ed47b428580147b4a47e530051','402882ed47b428580147b4a475d5004f','402882ed47b428580147b4b121a60059',1,'402881ae478611620147861597af0008','402881ae4786116201478613cc380003','402881ae47861162014786131e370001','201408','ddae2dd2-bfce-42da-b04b-222788c47372',2,NULL,'2014-08-08 16:16:53','2014-08-08 16:17:30',0,NULL,'admin','管理员','2014-08-08 16:16:53',NULL,NULL,NULL,0,NULL),('402882ed47b428580147b4b28d17005c','402882ed47b428580147b4a47e530051','402882ed47b428580147b4a475d5004f','402882ed47b428580147b4b28d03005b',1,'402881ae478611620147861597af0008','402881ae4786116201478613cc380003','402881ae47861162014786131e370001','201408','b1aed785-6272-40d9-90c0-10860ffe68ec',2,NULL,'2014-08-08 16:18:26','2014-08-08 16:19:03',0,NULL,'admin','管理员','2014-08-08 16:18:26',NULL,NULL,NULL,0,NULL),('402882ed47b428580147b4b34c0b005e','402882ed47b428580147b4a47e530051','402882ed47b428580147b4a475d5004f','402882ed47b428580147b4b34be3005d',1,'402881ae478611620147861597af0008','402881ae4786116201478613cc380003','402881ae47861162014786131e370001','201408','e0914769-b1bd-4f61-8538-67ae3d023194',2,NULL,'2014-08-08 16:19:15','2014-08-08 16:19:52',0,NULL,'admin','管理员','2014-08-08 16:19:15',NULL,NULL,NULL,0,NULL),('402882ed47b428580147b4b44b430060','402882ed47b428580147b4a47e530051','402882ed47b428580147b4a475d5004f','402882ed47b428580147b4b44b3a005f',1,'402881ae478611620147861597af0008','402881ae4786116201478613cc380003','402881ae47861162014786131e370001','201408','1ffd971a-ed3f-4b01-839c-5e2f570fb220',2,NULL,'2014-08-08 16:20:20','2014-08-08 16:20:58',0,NULL,'admin','管理员','2014-08-08 16:20:20',NULL,NULL,NULL,0,NULL),('402882ed47b428580147b4bdba250062','402882ed47b428580147b4a47e530051','402882ed47b428580147b4a475d5004f','402882ed47b428580147b4bdba100061',1,'402881ae478611620147861597af0008','402881ae4786116201478613cc380003','402881ae47861162014786131e370001','201408','963d924b-a8da-4f09-9fe2-52f8046842c3',2,NULL,'2014-08-08 16:30:38','2014-08-08 16:38:47',0,NULL,'admin','管理员','2014-08-08 16:30:39',NULL,NULL,NULL,0,NULL),('402882ed47b428580147b4c54e8c0064','402882ed47b428580147b4a47e530051','402882ed47b428580147b4a475d5004f','402882ed47b428580147b4c54e7b0063',1,'402881ae478611620147861597af0008','402881ae4786116201478613cc380003','402881ae47861162014786131e370001','201408','486635ca-8f5c-43ca-86fc-91b01b2a8461',2,NULL,'2014-08-08 16:38:55','2014-08-08 16:50:05',0,NULL,'admin','管理员','2014-08-08 16:38:55',NULL,NULL,NULL,0,NULL),('402882ed47b428580147b4cf9a0e0066','402882ed47b428580147b4a47e530051','402882ed47b428580147b4a475d5004f','402882ed47b428580147b4cf99d00065',1,'402881ae478611620147861597af0008','402881ae4786116201478613cc380003','402881ae47861162014786131e370001','201408','56b17f7a-ab90-41a4-9d81-37cd6632b405',2,NULL,'2014-08-08 16:50:10','2014-08-08 16:50:40',0,NULL,'admin','管理员','2014-08-08 16:50:10',NULL,NULL,NULL,0,NULL),('402882ed47b428580147b4d18c270081','402882ed47b428580147b4d1776c007e','402882ed47b428580147b4d16dc1007c','402882ed47b428580147b4d18c110080',1,'402881ae478611620147861597af0008','402881ae4786116201478613cc380003','402881ae47861162014786131e370001','201408','8616e08b-bf74-42dd-897f-f0448f6da0b4',2,NULL,'2014-08-08 16:52:17','2014-08-08 16:52:40',0,NULL,'admin','管理员','2014-08-08 16:52:18',NULL,NULL,NULL,0,NULL),('402882ed47b428580147b4d38b20008a','402882ed47b428580147b4d37eff0087','402882ed47b428580147b4d36f2d0085','402882ed47b428580147b4d38aec0089',1,'402881ae478611620147861597af0008','402881ae4786116201478613cc380003','402881ae47861162014786131e370001','201408','eac56083-6dcf-470d-b527-34c3c6ba4da9',2,NULL,'2014-08-08 16:54:28','2014-08-08 16:55:11',0,NULL,'admin','管理员','2014-08-08 16:54:28',NULL,NULL,NULL,0,NULL),('402882ed47b428580147b4dea04200ac','402882ed47b428580147b4de951000a9','402882ed47b428580147b4de8aaa00a7','402882ed47b428580147b4dea03800ab',1,'402881ae478611620147861597af0008','402881ae4786116201478613cc380003','402881ae47861162014786131e370001','201408','dde0d9b4-73c3-48f6-879d-74fd58e0e08b',2,NULL,'2014-08-08 17:06:34','2014-08-08 17:10:59',0,NULL,'admin','管理员','2014-08-08 17:06:35',NULL,NULL,NULL,0,NULL),('402882ed47b428580147b4e2f8bf00b5','402882ed47b428580147b4e2e8f000b2','402882ed47b428580147b4e2dde500b0','402882ed47b428580147b4e2f8b600b4',1,'402881ae478611620147861597af0008','402881ae4786116201478613cc380003','402881ae47861162014786131e370001','201408','7050b31f-ddd1-4631-a6b8-95d1defefccc',2,NULL,'2014-08-08 17:11:19','2014-08-08 17:13:07',0,NULL,'admin','管理员','2014-08-08 17:11:19',NULL,NULL,NULL,0,NULL),('402882ed47b428580147b4e6ab9a00c3','402882ed47b428580147b4e6999d00c0','402882ed47b428580147b4e6904a00be','402882ed47b428580147b4e6ab9100c2',1,'402881ae478611620147861597af0008','402881ae4786116201478613cc380003','402881ae47861162014786131e370001','201408','d9122b5c-de01-471a-95c7-fcc8f3c877c3',2,NULL,'2014-08-08 17:15:21','2014-08-08 17:15:50',0,NULL,'admin','管理员','2014-08-08 17:15:22',NULL,NULL,NULL,0,NULL),('402882ed47b428580147b4e7e95400cc','402882ed47b428580147b4e7de3400c9','402882ed47b428580147b4e7cfba00c7','402882ed47b428580147b4e7e94600cb',1,'402881ae478611620147861597af0008','402881ae4786116201478613cc380003','402881ae47861162014786131e370001','201408','08bbd7da-e6ec-472c-8d93-3d0cebd74648',2,NULL,'2014-08-08 17:16:43','2014-08-08 17:17:26',0,NULL,'admin','管理员','2014-08-08 17:16:43',NULL,NULL,NULL,0,NULL),('402882ed47b428580147b4eb633500d5','402882ed47b428580147b4e9f65400d2','402882ed47b428580147b4e9eccc00d0','402882ed47b428580147b4eb632600d4',1,'402881ae478611620147861597af0008','402881ae4786116201478613cc380003','402881ae47861162014786131e370001','201408','892ec3c4-e4b3-419a-b16a-4f9e5318e7ac',2,NULL,'2014-08-08 17:20:31','2014-08-08 17:33:48',0,NULL,'admin','管理员','2014-08-08 17:20:31',NULL,NULL,NULL,0,NULL),('402882ed47b428580147b500c6a800e8','402882ed47b428580147b500a24000e5','402882ed47b428580147b500988400e3','402882ed47b428580147b500c6a000e7',1,'402881ae478611620147861597af0008','402881ae4786116201478613cc380003','402881ae47861162014786131e370001','201408','976729f6-6563-43ea-8776-6e406ca574f1',2,NULL,'2014-08-08 17:43:52','2014-08-08 17:48:55',0,NULL,'admin','管理员','2014-08-08 17:43:53',NULL,NULL,NULL,0,NULL),('402882ed47b428580147b505a1ef00ea','402882ed47b428580147b500a24000e5','402882ed47b428580147b500988400e3','402882ed47b428580147b505a1e400e9',1,'402881ae478611620147861597af0008','402881ae4786116201478613cc380003','402881ae47861162014786131e370001','201408','c1ef2651-1030-474e-8a58-7bc183171f4b',2,NULL,'2014-08-08 17:49:11','2014-08-08 17:51:33',0,NULL,'admin','管理员','2014-08-08 17:49:11',NULL,NULL,NULL,0,NULL),('402882ed47b428580147b507e56000ec','402882ed47b428580147b500a24000e5','402882ed47b428580147b500988400e3','402882ed47b428580147b507e55100eb',1,'402881ae478611620147861597af0008','402881ae4786116201478613cc380003','402881ae47861162014786131e370001','201408','4b7dfcaf-4cd5-4e23-96ec-919320b79d3c',2,NULL,'2014-08-08 17:51:39','2014-08-08 17:53:35',0,NULL,'admin','管理员','2014-08-08 17:51:39',NULL,NULL,NULL,0,NULL),('402882ed47b428580147b509c9c100ee','402882ed47b428580147b500a24000e5','402882ed47b428580147b500988400e3','402882ed47b428580147b509c9b600ed',1,'402881ae478611620147861597af0008','402881ae4786116201478613cc380003','402881ae47861162014786131e370001','201408','759ac5c5-8465-4543-9332-a1ccbd4dbe5f',2,NULL,'2014-08-08 17:53:43','2014-08-08 17:54:28',0,NULL,'admin','管理员','2014-08-08 17:53:43',NULL,NULL,NULL,0,NULL),('402882ed47b428580147b50a93b500f0','402882ed47b428580147b500a24000e5','402882ed47b428580147b500988400e3','402882ed47b428580147b50a93a600ef',1,'402881ae478611620147861597af0008','402881ae4786116201478613cc380003','402881ae47861162014786131e370001','201408','b5bc60fd-7ba8-4b50-9cff-f2957f0f40fc',2,NULL,'2014-08-08 17:54:35','2014-08-08 17:55:40',0,NULL,'admin','管理员','2014-08-08 17:54:35',NULL,NULL,NULL,0,NULL),('402882ed47b428580147b50c39390101','402882ed47b428580147b50be05b00fe','402882ed47b428580147b50bd8bd00fc','402882ed47b428580147b50c392a0100',1,'402881ae478611620147861597af0008','402881ae4786116201478613cc380003','402881ae47861162014786131e370001','201408','44ef7863-7999-443e-8bbb-ec3fe928f0fe',2,NULL,'2014-08-08 17:56:22','2014-08-08 17:57:16',0,NULL,'admin','管理员','2014-08-08 17:56:23',NULL,NULL,NULL,0,NULL),('402882ed47b428580147b51565f7010a','402882ed47b428580147b5155a510107','402882ed47b428580147b5154b790105','402882ed47b428580147b51565d60109',1,'402881ae478611620147861597af0008','402881ae4786116201478613cc380003','402881ae47861162014786131e370001','201408','da57ae55-4f5c-46bb-929b-fc94a10b8266',2,NULL,'2014-08-08 18:06:24','2014-08-08 18:06:57',0,NULL,'admin','管理员','2014-08-08 18:06:24',NULL,NULL,NULL,0,NULL),('402882ed47b428580147b517f17b0113','402882ed47b428580147b517e7f90110','402882ed47b428580147b517e062010e','402882ed47b428580147b517f16c0112',1,'402881ae478611620147861597af0008','402881ae4786116201478613cc380003','402881ae47861162014786131e370001','201408','17296004-bf70-4bbe-af07-21f56a48e43d',2,NULL,'2014-08-08 18:09:11','2014-08-08 18:10:10',0,NULL,'admin','管理员','2014-08-08 18:09:11',NULL,NULL,NULL,0,NULL),('402882ed47b51da10147b5273ca7000b','402882ed47b51da10147b5272bfe0008','402882ed47b51da10147b527269c0006','402882ed47b51da10147b5273c95000a',1,'402881ae478611620147861597af0008','402881ae4786116201478613cc380003','402881ae47861162014786131e370001','201408','cb91987a-451a-40e8-9944-70e86e804415',2,NULL,'2014-08-08 18:25:53','2014-08-08 18:26:31',0,NULL,'admin','管理员','2014-08-08 18:25:53',NULL,NULL,NULL,0,NULL),('402882ed47b51da10147b52b75970014','402882ed47b51da10147b52b68d80011','402882ed47b51da10147b52b5f60000f','402882ed47b51da10147b52b757d0013',1,'402881ae478611620147861597af0008','402881ae4786116201478613cc380003','402881ae47861162014786131e370001','201408','d2b74aba-847d-496c-a8ed-cef6e9f039f9',2,NULL,'2014-08-08 18:30:30','2014-08-08 18:31:18',0,NULL,'admin','管理员','2014-08-08 18:30:30',NULL,NULL,NULL,0,NULL);
/*!40000 ALTER TABLE `meeting_live_section_record` ENABLE KEYS */;
UNLOCK TABLES;

--
-- Table structure for table `meeting_live_session`
--

DROP TABLE IF EXISTS `meeting_live_session`;
/*!40101 SET @saved_cs_client     = @@character_set_client */;
/*!40101 SET character_set_client = utf8 */;
CREATE TABLE `meeting_live_session` (
  `ID` varchar(36) NOT NULL DEFAULT '' COMMENT '主键',
  `MeetingID` varchar(36) DEFAULT NULL COMMENT '会议ID',
  `BeginDT` datetime DEFAULT NULL COMMENT '开始录制时间',
  `EndDT` datetime DEFAULT NULL COMMENT '结束录制时间',
  `CREATE_BY` varchar(36) DEFAULT NULL COMMENT '创建人',
  `CREATE_NAME` varchar(32) DEFAULT NULL COMMENT '创建人名字',
  `CREATE_DATE` datetime DEFAULT NULL COMMENT '创建时间',
  `UPDATE_BY` varchar(36) DEFAULT NULL COMMENT '修改人',
  `UPDATE_NAME` varchar(32) DEFAULT NULL COMMENT '修改人名字',
  `UPDATE_DATE` datetime DEFAULT NULL COMMENT '修改时间',
  `DELFLAG` int(2) DEFAULT '0' COMMENT '删除标记',
  `DEL_DATE` datetime DEFAULT NULL COMMENT '删除时间',
  PRIMARY KEY (`ID`)
) ENGINE=InnoDB DEFAULT CHARSET=utf8;
/*!40101 SET character_set_client = @saved_cs_client */;

--
-- Dumping data for table `meeting_live_session`
--

LOCK TABLES `meeting_live_session` WRITE;
/*!40000 ALTER TABLE `meeting_live_session` DISABLE KEYS */;
INSERT INTO `meeting_live_session` VALUES ('402881ae47b5356a0147b53a09350005','402881ae47b5356a0147b539fe4b0003','2014-08-08 18:46:25','2014-08-08 18:47:11','admin','管理员','2014-08-08 18:46:25','admin','管理员','2014-08-08 18:47:11',0,NULL),('402882ed47b387990147b38c62e70005','402882ed47b387990147b38c22120003','2014-08-08 10:57:07','2014-08-08 11:00:13','admin','管理员','2014-08-08 10:57:08','admin','管理员','2014-08-08 11:00:13',0,NULL),('402882ed47b428580147b47a3cb9000e','402882ed47b428580147b47a2bab000c','2014-08-08 15:16:55','2014-08-08 15:24:09','admin','管理员','2014-08-08 15:16:56','admin','管理员','2014-08-08 15:24:10',0,NULL),('402882ed47b428580147b48550170010','402882ed47b428580147b47a2bab000c','2014-08-08 15:29:01','2014-08-08 15:30:07','admin','管理员','2014-08-08 15:29:01','admin','管理员','2014-08-08 15:30:08',0,NULL),('402882ed47b428580147b48831370012','402882ed47b428580147b47a2bab000c','2014-08-08 15:32:10','2014-08-08 15:32:52','admin','管理员','2014-08-08 15:32:10','admin','管理员','2014-08-08 15:32:52',0,NULL),('402882ed47b428580147b489d2170014','402882ed47b428580147b47a2bab000c','2014-08-08 15:33:56','2014-08-08 15:34:39','admin','管理员','2014-08-08 15:33:57','admin','管理员','2014-08-08 15:34:39',0,NULL),('402882ed47b428580147b48cf62d0016','402882ed47b428580147b47a2bab000c','2014-08-08 15:37:22','2014-08-08 15:38:04','admin','管理员','2014-08-08 15:37:23','admin','管理员','2014-08-08 15:38:05',0,NULL),('402882ed47b428580147b4a0c446004a','402882ed47b428580147b4a0a0ed0048','2014-08-08 15:59:00','2014-08-08 16:01:49','admin','管理员','2014-08-08 15:59:01','admin','管理员','2014-08-08 16:01:50',0,NULL),('402882ed47b428580147b4a4ad540053','402882ed47b428580147b4a47e530051','2014-08-08 16:03:16','2014-08-08 16:10:32','admin','管理员','2014-08-08 16:03:17','admin','管理员','2014-08-08 16:10:32',0,NULL),('402882ed47b428580147b4ab6bb50055','402882ed47b428580147b4a47e530051','2014-08-08 16:10:38','2014-08-08 16:12:14','admin','管理员','2014-08-08 16:10:39','admin','管理员','2014-08-08 16:12:14',0,NULL),('402882ed47b428580147b4ad01e50057','402882ed47b428580147b4a47e530051','2014-08-08 16:12:22','2014-08-08 16:16:44','admin','管理员','2014-08-08 16:12:23','admin','管理员','2014-08-08 16:16:45',0,NULL),('402882ed47b428580147b4b121a60059','402882ed47b428580147b4a47e530051','2014-08-08 16:16:53','2014-08-08 16:17:30','admin','管理员','2014-08-08 16:16:53','admin','管理员','2014-08-08 16:17:30',0,NULL),('402882ed47b428580147b4b28d03005b','402882ed47b428580147b4a47e530051','2014-08-08 16:18:26','2014-08-08 16:19:03','admin','管理员','2014-08-08 16:18:26','admin','管理员','2014-08-08 16:19:03',0,NULL),('402882ed47b428580147b4b34be3005d','402882ed47b428580147b4a47e530051','2014-08-08 16:19:15','2014-08-08 16:19:52','admin','管理员','2014-08-08 16:19:15','admin','管理员','2014-08-08 16:19:53',0,NULL),('402882ed47b428580147b4b44b3a005f','402882ed47b428580147b4a47e530051','2014-08-08 16:20:20','2014-08-08 16:20:58','admin','管理员','2014-08-08 16:20:20','admin','管理员','2014-08-08 16:20:59',0,NULL),('402882ed47b428580147b4bdba100061','402882ed47b428580147b4a47e530051','2014-08-08 16:30:38','2014-08-08 16:38:47','admin','管理员','2014-08-08 16:30:39','admin','管理员','2014-08-08 16:38:48',0,NULL),('402882ed47b428580147b4c54e7b0063','402882ed47b428580147b4a47e530051','2014-08-08 16:38:55','2014-08-08 16:50:05','admin','管理员','2014-08-08 16:38:55','admin','管理员','2014-08-08 16:50:05',0,NULL),('402882ed47b428580147b4cf99d00065','402882ed47b428580147b4a47e530051','2014-08-08 16:50:09','2014-08-08 16:50:40','admin','管理员','2014-08-08 16:50:10','admin','管理员','2014-08-08 16:50:41',0,NULL),('402882ed47b428580147b4d18c110080','402882ed47b428580147b4d1776c007e','2014-08-08 16:52:17','2014-08-08 16:52:40','admin','管理员','2014-08-08 16:52:18','admin','管理员','2014-08-08 16:52:40',0,NULL),('402882ed47b428580147b4d38aec0089','402882ed47b428580147b4d37eff0087','2014-08-08 16:54:28','2014-08-08 16:55:11','admin','管理员','2014-08-08 16:54:28','admin','管理员','2014-08-08 16:55:12',0,NULL),('402882ed47b428580147b4dea03800ab','402882ed47b428580147b4de951000a9','2014-08-08 17:06:34','2014-08-08 17:10:59','admin','管理员','2014-08-08 17:06:35','admin','管理员','2014-08-08 17:10:59',0,NULL),('402882ed47b428580147b4e2f8b600b4','402882ed47b428580147b4e2e8f000b2','2014-08-08 17:11:19','2014-08-08 17:13:07','admin','管理员','2014-08-08 17:11:19','admin','管理员','2014-08-08 17:13:08',0,NULL),('402882ed47b428580147b4e6ab9100c2','402882ed47b428580147b4e6999d00c0','2014-08-08 17:15:21','2014-08-08 17:15:50','admin','管理员','2014-08-08 17:15:22','admin','管理员','2014-08-08 17:15:50',0,NULL),('402882ed47b428580147b4e7e94600cb','402882ed47b428580147b4e7de3400c9','2014-08-08 17:16:43','2014-08-08 17:17:26','admin','管理员','2014-08-08 17:16:43','admin','管理员','2014-08-08 17:17:26',0,NULL),('402882ed47b428580147b4eb632600d4','402882ed47b428580147b4e9f65400d2','2014-08-08 17:20:31','2014-08-08 17:33:48','admin','管理员','2014-08-08 17:20:31','admin','管理员','2014-08-08 17:33:49',0,NULL),('402882ed47b428580147b500c6a000e7','402882ed47b428580147b500a24000e5','2014-08-08 17:43:52','2014-08-08 17:48:55','admin','管理员','2014-08-08 17:43:53','admin','管理员','2014-08-08 17:48:56',0,NULL),('402882ed47b428580147b505a1e400e9','402882ed47b428580147b500a24000e5','2014-08-08 17:49:11','2014-08-08 17:51:33','admin','管理员','2014-08-08 17:49:11','admin','管理员','2014-08-08 17:51:33',0,NULL),('402882ed47b428580147b507e55100eb','402882ed47b428580147b500a24000e5','2014-08-08 17:51:39','2014-08-08 17:53:35','admin','管理员','2014-08-08 17:51:39','admin','管理员','2014-08-08 17:53:36',0,NULL),('402882ed47b428580147b509c9b600ed','402882ed47b428580147b500a24000e5','2014-08-08 17:53:43','2014-08-08 17:54:28','admin','管理员','2014-08-08 17:53:43','admin','管理员','2014-08-08 17:54:28',0,NULL),('402882ed47b428580147b50a93a600ef','402882ed47b428580147b500a24000e5','2014-08-08 17:54:35','2014-08-08 17:55:40','admin','管理员','2014-08-08 17:54:35','admin','管理员','2014-08-08 17:55:40',0,NULL),('402882ed47b428580147b50c392a0100','402882ed47b428580147b50be05b00fe','2014-08-08 17:56:22','2014-08-08 17:57:16','admin','管理员','2014-08-08 17:56:23','admin','管理员','2014-08-08 17:57:17',0,NULL),('402882ed47b428580147b51565d60109','402882ed47b428580147b5155a510107','2014-08-08 18:06:24','2014-08-08 18:06:57','admin','管理员','2014-08-08 18:06:24','admin','管理员','2014-08-08 18:06:58',0,NULL),('402882ed47b428580147b517f16c0112','402882ed47b428580147b517e7f90110','2014-08-08 18:09:11','2014-08-08 18:10:10','admin','管理员','2014-08-08 18:09:11','admin','管理员','2014-08-08 18:10:11',0,NULL),('402882ed47b51da10147b5273c95000a','402882ed47b51da10147b5272bfe0008','2014-08-08 18:25:53','2014-08-08 18:26:31','admin','管理员','2014-08-08 18:25:53','admin','管理员','2014-08-08 18:26:31',0,NULL),('402882ed47b51da10147b52b757d0013','402882ed47b51da10147b52b68d80011','2014-08-08 18:30:30','2014-08-08 18:31:18','admin','管理员','2014-08-08 18:30:30','admin','管理员','2014-08-08 18:31:18',0,NULL);
/*!40000 ALTER TABLE `meeting_live_session` ENABLE KEYS */;
UNLOCK TABLES;

--
-- Table structure for table `meeting_log`
--

DROP TABLE IF EXISTS `meeting_log`;
/*!40101 SET @saved_cs_client     = @@character_set_client */;
/*!40101 SET character_set_client = utf8 */;
CREATE TABLE `meeting_log` (
  `ID` varchar(36) NOT NULL DEFAULT '' COMMENT '主键',
  `EDGEID` varchar(36) NOT NULL COMMENT '终端ID',
  `EDGEMAC` varchar(20) NOT NULL COMMENT '终端MAC',
  `EDGENAME` varchar(50) DEFAULT NULL COMMENT '终端名称',
  `STATE` int(11) DEFAULT NULL COMMENT '当前状态',
  `MEETINGID` varchar(36) DEFAULT NULL COMMENT '会议ID',
  `ISLIVEFLAG` char(1) DEFAULT '0' COMMENT '是否是直播',
  `SUBJECT` varchar(100) DEFAULT NULL COMMENT '会议主题',
  `DATE` datetime DEFAULT NULL COMMENT '日期',
  `TIMES` int(11) DEFAULT NULL COMMENT '观看时间',
  `CREATE_BY` varchar(36) DEFAULT NULL COMMENT '创建人',
  `CREATE_NAME` varchar(32) DEFAULT NULL COMMENT '创建人名字',
  `CREATE_DATE` datetime DEFAULT NULL COMMENT '创建时间',
  `UPDATE_BY` varchar(36) DEFAULT NULL COMMENT '修改人',
  `UPDATE_NAME` varchar(32) DEFAULT NULL COMMENT '修改人名字',
  `UPDATE_DATE` datetime DEFAULT NULL COMMENT '修改时间',
  `DELFLAG` int(2) DEFAULT '0' COMMENT '删除标记',
  `DEL_DATE` datetime DEFAULT NULL COMMENT '删除时间',
  PRIMARY KEY (`ID`)
) ENGINE=InnoDB DEFAULT CHARSET=utf8;
/*!40101 SET character_set_client = @saved_cs_client */;

--
-- Dumping data for table `meeting_log`
--

LOCK TABLES `meeting_log` WRITE;
/*!40000 ALTER TABLE `meeting_log` DISABLE KEYS */;
/*!40000 ALTER TABLE `meeting_log` ENABLE KEYS */;
UNLOCK TABLES;

--
-- Table structure for table `meeting_section_record`
--

DROP TABLE IF EXISTS `meeting_section_record`;
/*!40101 SET @saved_cs_client     = @@character_set_client */;
/*!40101 SET character_set_client = utf8 */;
CREATE TABLE `meeting_section_record` (
  `ID` varchar(36) NOT NULL DEFAULT '' COMMENT '主键',
  `MeetingID` varchar(36) NOT NULL DEFAULT '' COMMENT '会议ID',
  `ChannelID` varchar(36) NOT NULL DEFAULT '' COMMENT '频道ID',
  `CodecPriorityFlg` tinyint(4) DEFAULT NULL COMMENT 'Codec主备标志',
  `CodecSrvID` varchar(36) DEFAULT NULL COMMENT 'Codec服务器ID号',
  `RecordSrvID` varchar(36) NOT NULL DEFAULT '' COMMENT '录播服务器ID',
  `RtspSrvID` varchar(36) NOT NULL DEFAULT '' COMMENT 'Rtsp服务器ID',
  `RtspRelativeDir` varchar(36) DEFAULT NULL COMMENT 'Rtsp服务器地址',
  `Rec_State` tinyint(4) DEFAULT '0' COMMENT '录制状态',
  `Rec_Start_DT` datetime NOT NULL DEFAULT '0000-00-00 00:00:00' COMMENT '起始时间',
  `Rec_End_DT` datetime DEFAULT NULL COMMENT '结束时间',
  `billDuration` int(11) DEFAULT '0' COMMENT '持续时长',
  `AsfUrl` varchar(100) DEFAULT NULL COMMENT '资源URL',
  `CREATE_BY` varchar(36) DEFAULT NULL COMMENT '创建人',
  `CREATE_NAME` varchar(32) DEFAULT NULL COMMENT '创建人名字',
  `CREATE_DATE` datetime DEFAULT NULL COMMENT '创建时间',
  `UPDATE_BY` varchar(36) DEFAULT NULL COMMENT '修改人',
  `UPDATE_NAME` varchar(32) DEFAULT NULL COMMENT '修改人名字',
  `UPDATE_DATE` datetime DEFAULT NULL COMMENT '修改时间',
  `DELFLAG` int(2) DEFAULT '0' COMMENT '删除标记',
  `DEL_DATE` datetime DEFAULT NULL COMMENT '删除时间',
  PRIMARY KEY (`ID`)
) ENGINE=InnoDB DEFAULT CHARSET=utf8;
/*!40101 SET character_set_client = @saved_cs_client */;

--
-- Dumping data for table `meeting_section_record`
--

LOCK TABLES `meeting_section_record` WRITE;
/*!40000 ALTER TABLE `meeting_section_record` DISABLE KEYS */;
/*!40000 ALTER TABLE `meeting_section_record` ENABLE KEYS */;
UNLOCK TABLES;

--
-- Table structure for table `meeting_vod_section_record`
--

DROP TABLE IF EXISTS `meeting_vod_section_record`;
/*!40101 SET @saved_cs_client     = @@character_set_client */;
/*!40101 SET character_set_client = utf8 */;
CREATE TABLE `meeting_vod_section_record` (
  `ID` varchar(36) NOT NULL DEFAULT '' COMMENT '主键',
  `MeetingID` varchar(36) NOT NULL DEFAULT '' COMMENT '会议ID',
  `ChannelID` varchar(36) NOT NULL DEFAULT '' COMMENT '频道ID',
  `SessionID` varchar(36) DEFAULT NULL COMMENT 'SessionID号',
  `CodecPriorityFlg` tinyint(4) DEFAULT NULL COMMENT 'Codec主备标志',
  `CodecSrvID` varchar(36) DEFAULT NULL COMMENT 'Codec服务器ID号',
  `RecordSrvID` varchar(36) NOT NULL DEFAULT '' COMMENT '录播服务器ID',
  `RtspSrvID` varchar(36) NOT NULL DEFAULT '' COMMENT 'Rtsp服务器ID',
  `RtspRelativeDir` varchar(36) DEFAULT NULL COMMENT '相对目录',
  `FileName` varchar(36) DEFAULT NULL COMMENT '录制的文件名称',
  `authortiy_group_cid` varchar(36) DEFAULT NULL COMMENT '自定义权限组ID',
  `authortiy_Terminlgroup_cid` varchar(36) DEFAULT NULL COMMENT '分配终端权限组（匿名类）',
  `authortiy_Usergroup_cid` varchar(36) DEFAULT NULL COMMENT '用户自定义权限组',
  `Rec_State` tinyint(4) DEFAULT '0' COMMENT '录制状态',
  `Rec_Message` varchar(1000) DEFAULT NULL COMMENT '录制备注',
  `Rec_Start_DT` datetime NOT NULL DEFAULT '0000-00-00 00:00:00' COMMENT '起始时间',
  `Rec_End_DT` datetime DEFAULT NULL COMMENT '结束时间',
  `billDuration` int(11) DEFAULT '0' COMMENT '持续时长',
  `AsfUrl` varchar(100) DEFAULT NULL COMMENT '资源URL',
  `CREATE_BY` varchar(36) DEFAULT NULL COMMENT '创建人',
  `CREATE_NAME` varchar(32) DEFAULT NULL COMMENT '创建人名字',
  `CREATE_DATE` datetime DEFAULT NULL COMMENT '创建时间',
  `UPDATE_BY` varchar(36) DEFAULT NULL COMMENT '修改人',
  `UPDATE_NAME` varchar(32) DEFAULT NULL COMMENT '修改人名字',
  `UPDATE_DATE` datetime DEFAULT NULL COMMENT '修改时间',
  `DELFLAG` int(2) DEFAULT '0' COMMENT '删除标记',
  `DEL_DATE` datetime DEFAULT NULL COMMENT '删除时间',
  PRIMARY KEY (`ID`)
) ENGINE=InnoDB DEFAULT CHARSET=utf8;
/*!40101 SET character_set_client = @saved_cs_client */;

--
-- Dumping data for table `meeting_vod_section_record`
--

LOCK TABLES `meeting_vod_section_record` WRITE;
/*!40000 ALTER TABLE `meeting_vod_section_record` DISABLE KEYS */;
INSERT INTO `meeting_vod_section_record` VALUES ('402881ae47b5356a0147b53abcdb0008','402881ae47b5356a0147b539fe4b0003','402881ae47b5356a0147b539f4380001','402881ae47b5356a0147b53a09350005',1,'402881ae478611620147861597af0008','402881ae4786116201478613cc380003','402881ae47861162014786131e370001','201408','ca1fa5e6-3cfd-49c7-bf03-3d48cadae7b9','402881ae478611620147861ac7a9000c',NULL,'',5,NULL,'2014-08-08 18:46:25','2014-08-08 18:47:11',0,NULL,'admin','管理员','2014-08-08 18:47:11',NULL,NULL,NULL,0,NULL),('402882ed47b387990147b38f4ba90008','402882ed47b387990147b38c22120003','402882ed47b387990147b38c16ae0001','402882ed47b387990147b38c62e70005',1,'402881ae478611620147861597af0008','402881ae4786116201478613cc380003','402881ae47861162014786131e370001','201408','0e9cc7d4-bdd1-480d-94aa-6e60ff1e9daa','402881ae478611620147861ac7a9000c','','',5,'','2014-08-08 10:57:07','2014-08-08 11:00:13',3,'','admin','管理员','2014-08-08 11:00:18','admin','管理员','2014-08-08 14:03:12',0,NULL),('402882ed47b428580147b48f2dc8001d','402882ed47b428580147b47a2bab000c','402882ed47b428580147b47a20dc000a','402882ed47b428580147b47a3cb9000e',1,'402881ae478611620147861597af0008','402881ae4786116201478613cc380003','402881ae47861162014786131e370001','201408','baeba714-9bf1-4d90-ace6-3cafcce3c2a9','402881ae478611620147861ac7a9000c',NULL,'',2,NULL,'2014-08-08 15:16:55','2014-08-08 15:24:09',7,NULL,'admin','管理员','2014-08-08 15:39:48',NULL,NULL,NULL,0,NULL),('402882ed47b428580147b48f2e0a001e','402882ed47b428580147b47a2bab000c','402882ed47b428580147b47a20dc000a','402882ed47b428580147b48550170010',1,'402881ae478611620147861597af0008','402881ae4786116201478613cc380003','402881ae47861162014786131e370001','201408','efba65fe-bfe4-4918-905a-7f7c3c9db049','402881ae478611620147861ac7a9000c',NULL,'',2,NULL,'2014-08-08 15:29:01','2014-08-08 15:30:07',1,NULL,'admin','管理员','2014-08-08 15:39:48',NULL,NULL,NULL,0,NULL),('402882ed47b428580147b48f2e0a001f','402882ed47b428580147b47a2bab000c','402882ed47b428580147b47a20dc000a','402882ed47b428580147b48831370012',1,'402881ae478611620147861597af0008','402881ae4786116201478613cc380003','402881ae47861162014786131e370001','201408','82113397-c14e-4ccd-9069-0b91d3d79def','402881ae478611620147861ac7a9000c',NULL,'',2,NULL,'2014-08-08 15:32:10','2014-08-08 15:32:52',0,NULL,'admin','管理员','2014-08-08 15:39:48',NULL,NULL,NULL,0,NULL),('402882ed47b428580147b48f2e0a0020','402882ed47b428580147b47a2bab000c','402882ed47b428580147b47a20dc000a','402882ed47b428580147b489d2170014',1,'402881ae478611620147861597af0008','402881ae4786116201478613cc380003','402881ae47861162014786131e370001','201408','d8f86ba4-5d9f-4cab-b359-0444938c5c26','402881ae478611620147861ac7a9000c',NULL,'',2,NULL,'2014-08-08 15:33:56','2014-08-08 15:34:39',0,NULL,'admin','管理员','2014-08-08 15:39:48',NULL,NULL,NULL,0,NULL),('402882ed47b428580147b48f2e0a0021','402882ed47b428580147b47a2bab000c','402882ed47b428580147b47a20dc000a','402882ed47b428580147b48cf62d0016',1,'402881ae478611620147861597af0008','402881ae4786116201478613cc380003','402881ae47861162014786131e370001','201408','3e4bc675-2e9a-4a1a-99a5-e8ae0e48f8ab','402881ae478611620147861ac7a9000c',NULL,'',2,NULL,'2014-08-08 15:37:22','2014-08-08 15:38:04',0,NULL,'admin','管理员','2014-08-08 15:39:48',NULL,NULL,NULL,0,NULL),('402882ed47b428580147b4a3ffdd004d','402882ed47b428580147b4a0a0ed0048','402882ed47b428580147b4a098540046','402882ed47b428580147b4a0c446004a',1,'402881ae478611620147861597af0008','402881ae4786116201478613cc380003','402881ae47861162014786131e370001','201408','eb771fe5-96cc-4fdb-90dd-dc2da9d2403f','402881ae478611620147861ac7a9000c',NULL,'',2,NULL,'2014-08-08 15:59:00','2014-08-08 16:01:49',2,NULL,'admin','管理员','2014-08-08 16:02:33',NULL,NULL,NULL,0,NULL),('402882ed47b428580147b4d02cf40071','402882ed47b428580147b4a47e530051','402882ed47b428580147b4a475d5004f','402882ed47b428580147b4a4ad540053',1,'402881ae478611620147861597af0008','402881ae4786116201478613cc380003','402881ae47861162014786131e370001','201408','339325d9-96df-42ca-90d3-3f975ec040a2','402881ae478611620147861ac7a9000c',NULL,'',2,NULL,'2014-08-08 16:03:16','2014-08-08 16:10:32',7,NULL,'admin','管理员','2014-08-08 16:50:48',NULL,NULL,NULL,0,NULL),('402882ed47b428580147b4d02d330072','402882ed47b428580147b4a47e530051','402882ed47b428580147b4a475d5004f','402882ed47b428580147b4ab6bb50055',1,'402881ae478611620147861597af0008','402881ae4786116201478613cc380003','402881ae47861162014786131e370001','201408','8fe91b97-423d-4ce0-ad75-64276a4380e0','402881ae478611620147861ac7a9000c',NULL,'',2,NULL,'2014-08-08 16:10:38','2014-08-08 16:12:14',1,NULL,'admin','管理员','2014-08-08 16:50:48',NULL,NULL,NULL,0,NULL),('402882ed47b428580147b4d02d330073','402882ed47b428580147b4a47e530051','402882ed47b428580147b4a475d5004f','402882ed47b428580147b4ad01e50057',1,'402881ae478611620147861597af0008','402881ae4786116201478613cc380003','402881ae47861162014786131e370001','201408','7a25ace0-6b87-4969-8521-6c1765265120','402881ae478611620147861ac7a9000c',NULL,'',2,NULL,'2014-08-08 16:12:22','2014-08-08 16:16:44',4,NULL,'admin','管理员','2014-08-08 16:50:48',NULL,NULL,NULL,0,NULL),('402882ed47b428580147b4d02d340074','402882ed47b428580147b4a47e530051','402882ed47b428580147b4a475d5004f','402882ed47b428580147b4b121a60059',1,'402881ae478611620147861597af0008','402881ae4786116201478613cc380003','402881ae47861162014786131e370001','201408','ddae2dd2-bfce-42da-b04b-222788c47372','402881ae478611620147861ac7a9000c',NULL,'',2,NULL,'2014-08-08 16:16:53','2014-08-08 16:17:30',0,NULL,'admin','管理员','2014-08-08 16:50:48',NULL,NULL,NULL,0,NULL),('402882ed47b428580147b4d02d340075','402882ed47b428580147b4a47e530051','402882ed47b428580147b4a475d5004f','402882ed47b428580147b4b28d03005b',1,'402881ae478611620147861597af0008','402881ae4786116201478613cc380003','402881ae47861162014786131e370001','201408','b1aed785-6272-40d9-90c0-10860ffe68ec','402881ae478611620147861ac7a9000c',NULL,'',2,NULL,'2014-08-08 16:18:26','2014-08-08 16:19:03',0,NULL,'admin','管理员','2014-08-08 16:50:48',NULL,NULL,NULL,0,NULL),('402882ed47b428580147b4d02d340076','402882ed47b428580147b4a47e530051','402882ed47b428580147b4a475d5004f','402882ed47b428580147b4b34be3005d',1,'402881ae478611620147861597af0008','402881ae4786116201478613cc380003','402881ae47861162014786131e370001','201408','e0914769-b1bd-4f61-8538-67ae3d023194','402881ae478611620147861ac7a9000c',NULL,'',2,NULL,'2014-08-08 16:19:15','2014-08-08 16:19:52',0,NULL,'admin','管理员','2014-08-08 16:50:48',NULL,NULL,NULL,0,NULL),('402882ed47b428580147b4d02d340077','402882ed47b428580147b4a47e530051','402882ed47b428580147b4a475d5004f','402882ed47b428580147b4b44b3a005f',1,'402881ae478611620147861597af0008','402881ae4786116201478613cc380003','402881ae47861162014786131e370001','201408','1ffd971a-ed3f-4b01-839c-5e2f570fb220','402881ae478611620147861ac7a9000c',NULL,'',2,NULL,'2014-08-08 16:20:20','2014-08-08 16:20:58',0,NULL,'admin','管理员','2014-08-08 16:50:48',NULL,NULL,NULL,0,NULL),('402882ed47b428580147b4d02d350078','402882ed47b428580147b4a47e530051','402882ed47b428580147b4a475d5004f','402882ed47b428580147b4bdba100061',1,'402881ae478611620147861597af0008','402881ae4786116201478613cc380003','402881ae47861162014786131e370001','201408','963d924b-a8da-4f09-9fe2-52f8046842c3','402881ae478611620147861ac7a9000c',NULL,'',2,NULL,'2014-08-08 16:30:38','2014-08-08 16:38:47',8,NULL,'admin','管理员','2014-08-08 16:50:48',NULL,NULL,NULL,0,NULL),('402882ed47b428580147b4d02d350079','402882ed47b428580147b4a47e530051','402882ed47b428580147b4a475d5004f','402882ed47b428580147b4c54e7b0063',1,'402881ae478611620147861597af0008','402881ae4786116201478613cc380003','402881ae47861162014786131e370001','201408','486635ca-8f5c-43ca-86fc-91b01b2a8461','402881ae478611620147861ac7a9000c',NULL,'',2,NULL,'2014-08-08 16:38:55','2014-08-08 16:50:05',11,NULL,'admin','管理员','2014-08-08 16:50:48',NULL,NULL,NULL,0,NULL),('402882ed47b428580147b4d02d35007a','402882ed47b428580147b4a47e530051','402882ed47b428580147b4a475d5004f','402882ed47b428580147b4cf99d00065',1,'402881ae478611620147861597af0008','402881ae4786116201478613cc380003','402881ae47861162014786131e370001','201408','56b17f7a-ab90-41a4-9d81-37cd6632b405','402881ae478611620147861ac7a9000c',NULL,'',2,NULL,'2014-08-08 16:50:10','2014-08-08 16:50:40',0,NULL,'admin','管理员','2014-08-08 16:50:48',NULL,NULL,NULL,0,NULL),('402882ed47b428580147b4d1f29d0083','402882ed47b428580147b4d1776c007e','402882ed47b428580147b4d16dc1007c','402882ed47b428580147b4d18c110080',1,'402881ae478611620147861597af0008','402881ae4786116201478613cc380003','402881ae47861162014786131e370001','201408','8616e08b-bf74-42dd-897f-f0448f6da0b4','402881ae478611620147861ac7a9000c',NULL,'',2,NULL,'2014-08-08 16:52:17','2014-08-08 16:52:40',0,NULL,'admin','管理员','2014-08-08 16:52:44',NULL,NULL,NULL,0,NULL),('402882ed47b428580147b4d44e26008c','402882ed47b428580147b4d37eff0087','402882ed47b428580147b4d36f2d0085','402882ed47b428580147b4d38aec0089',1,'402881ae478611620147861597af0008','402881ae4786116201478613cc380003','402881ae47861162014786131e370001','201408','eac56083-6dcf-470d-b527-34c3c6ba4da9','402881ae478611620147861ac7a9000c',NULL,'',2,NULL,'2014-08-08 16:54:28','2014-08-08 16:55:11',0,NULL,'admin','管理员','2014-08-08 16:55:18',NULL,NULL,NULL,0,NULL),('402882ed47b428580147b4e2a97c00ae','402882ed47b428580147b4de951000a9','402882ed47b428580147b4de8aaa00a7','402882ed47b428580147b4dea03800ab',1,'402881ae478611620147861597af0008','402881ae4786116201478613cc380003','402881ae47861162014786131e370001','201408','dde0d9b4-73c3-48f6-879d-74fd58e0e08b','402881ae478611620147861ac7a9000c',NULL,'',2,NULL,'2014-08-08 17:06:34','2014-08-08 17:10:59',4,NULL,'admin','管理员','2014-08-08 17:10:59',NULL,NULL,NULL,0,NULL),('402882ed47b428580147b4e4a02700b7','402882ed47b428580147b4e2e8f000b2','402882ed47b428580147b4e2dde500b0','402882ed47b428580147b4e2f8b600b4',1,'402881ae478611620147861597af0008','402881ae4786116201478613cc380003','402881ae47861162014786131e370001','201408','7050b31f-ddd1-4631-a6b8-95d1defefccc','402881ae478611620147861ac7a9000c',NULL,'',2,NULL,'2014-08-08 17:11:19','2014-08-08 17:13:07',1,NULL,'admin','管理员','2014-08-08 17:13:08',NULL,NULL,NULL,0,NULL),('402882ed47b428580147b4e72b0a00c5','402882ed47b428580147b4e6999d00c0','402882ed47b428580147b4e6904a00be','402882ed47b428580147b4e6ab9100c2',1,'402881ae478611620147861597af0008','402881ae4786116201478613cc380003','402881ae47861162014786131e370001','201408','d9122b5c-de01-471a-95c7-fcc8f3c877c3','402881ae478611620147861ac7a9000c',NULL,'',2,NULL,'2014-08-08 17:15:21','2014-08-08 17:15:50',0,NULL,'admin','管理员','2014-08-08 17:15:55',NULL,NULL,NULL,0,NULL),('402882ed47b428580147b4e8bc9900ce','402882ed47b428580147b4e7de3400c9','402882ed47b428580147b4e7cfba00c7','402882ed47b428580147b4e7e94600cb',1,'402881ae478611620147861597af0008','402881ae4786116201478613cc380003','402881ae47861162014786131e370001','201408','08bbd7da-e6ec-472c-8d93-3d0cebd74648','402881ae478611620147861ac7a9000c',NULL,'',2,NULL,'2014-08-08 17:16:43','2014-08-08 17:17:26',0,NULL,'admin','管理员','2014-08-08 17:17:37',NULL,NULL,NULL,0,NULL),('402882ed47b428580147b4f7909c00d7','402882ed47b428580147b4e9f65400d2','402882ed47b428580147b4e9eccc00d0','402882ed47b428580147b4eb632600d4',1,'402881ae478611620147861597af0008','402881ae4786116201478613cc380003','402881ae47861162014786131e370001','201408','892ec3c4-e4b3-419a-b16a-4f9e5318e7ac','402881ae478611620147861ac7a9000c',NULL,'',2,NULL,'2014-08-08 17:20:31','2014-08-08 17:33:48',13,NULL,'admin','管理员','2014-08-08 17:33:49',NULL,NULL,NULL,0,NULL),('402882ed47b428580147b50b93ff00f6','402882ed47b428580147b500a24000e5','402882ed47b428580147b500988400e3','402882ed47b428580147b500c6a000e7',1,'402881ae478611620147861597af0008','402881ae4786116201478613cc380003','402881ae47861162014786131e370001','201408','976729f6-6563-43ea-8776-6e406ca574f1','402881ae478611620147861ac7a9000c',NULL,'',2,NULL,'2014-08-08 17:43:52','2014-08-08 17:48:55',5,NULL,'admin','管理员','2014-08-08 17:55:41',NULL,NULL,NULL,0,NULL),('402882ed47b428580147b50b942000f7','402882ed47b428580147b500a24000e5','402882ed47b428580147b500988400e3','402882ed47b428580147b505a1e400e9',1,'402881ae478611620147861597af0008','402881ae4786116201478613cc380003','402881ae47861162014786131e370001','201408','c1ef2651-1030-474e-8a58-7bc183171f4b','402881ae478611620147861ac7a9000c',NULL,'',2,NULL,'2014-08-08 17:49:11','2014-08-08 17:51:33',2,NULL,'admin','管理员','2014-08-08 17:55:41',NULL,NULL,NULL,0,NULL),('402882ed47b428580147b50b942000f8','402882ed47b428580147b500a24000e5','402882ed47b428580147b500988400e3','402882ed47b428580147b507e55100eb',1,'402881ae478611620147861597af0008','402881ae4786116201478613cc380003','402881ae47861162014786131e370001','201408','4b7dfcaf-4cd5-4e23-96ec-919320b79d3c','402881ae478611620147861ac7a9000c',NULL,'',2,NULL,'2014-08-08 17:51:39','2014-08-08 17:53:35',1,NULL,'admin','管理员','2014-08-08 17:55:41',NULL,NULL,NULL,0,NULL),('402882ed47b428580147b50b942000f9','402882ed47b428580147b500a24000e5','402882ed47b428580147b500988400e3','402882ed47b428580147b509c9b600ed',1,'402881ae478611620147861597af0008','402881ae4786116201478613cc380003','402881ae47861162014786131e370001','201408','759ac5c5-8465-4543-9332-a1ccbd4dbe5f','402881ae478611620147861ac7a9000c',NULL,'',2,NULL,'2014-08-08 17:53:43','2014-08-08 17:54:28',0,NULL,'admin','管理员','2014-08-08 17:55:41',NULL,NULL,NULL,0,NULL),('402882ed47b428580147b50b942000fa','402882ed47b428580147b500a24000e5','402882ed47b428580147b500988400e3','402882ed47b428580147b50a93a600ef',1,'402881ae478611620147861597af0008','402881ae4786116201478613cc380003','402881ae47861162014786131e370001','201408','b5bc60fd-7ba8-4b50-9cff-f2957f0f40fc','402881ae478611620147861ac7a9000c',NULL,'',2,NULL,'2014-08-08 17:54:35','2014-08-08 17:55:40',1,NULL,'admin','管理员','2014-08-08 17:55:41',NULL,NULL,NULL,0,NULL),('402882ed47b428580147b50d54c30103','402882ed47b428580147b50be05b00fe','402882ed47b428580147b50bd8bd00fc','402882ed47b428580147b50c392a0100',1,'402881ae478611620147861597af0008','402881ae4786116201478613cc380003','402881ae47861162014786131e370001','201408','44ef7863-7999-443e-8bbb-ec3fe928f0fe','402881ae478611620147861ac7a9000c',NULL,'',2,NULL,'2014-08-08 17:56:22','2014-08-08 17:57:16',0,NULL,'admin','管理员','2014-08-08 17:57:36',NULL,NULL,NULL,0,NULL),('402882ed47b428580147b515e8e1010c','402882ed47b428580147b5155a510107','402882ed47b428580147b5154b790105','402882ed47b428580147b51565d60109',1,'402881ae478611620147861597af0008','402881ae4786116201478613cc380003','402881ae47861162014786131e370001','201408','da57ae55-4f5c-46bb-929b-fc94a10b8266','402881ae478611620147861ac7a9000c',NULL,'',2,NULL,'2014-08-08 18:06:24','2014-08-08 18:06:57',0,NULL,'admin','管理员','2014-08-08 18:06:58',NULL,NULL,NULL,0,NULL),('402882ed47b428580147b518f7680115','402882ed47b428580147b517e7f90110','402882ed47b428580147b517e062010e','402882ed47b428580147b517f16c0112',1,'402881ae478611620147861597af0008','402881ae4786116201478613cc380003','402881ae47861162014786131e370001','201408','17296004-bf70-4bbe-af07-21f56a48e43d','402881ae478611620147861ac7a9000c',NULL,'',2,NULL,'2014-08-08 18:09:11','2014-08-08 18:10:10',0,NULL,'admin','管理员','2014-08-08 18:10:18',NULL,NULL,NULL,0,NULL),('402882ed47b51da10147b527ddf1000d','402882ed47b51da10147b5272bfe0008','402882ed47b51da10147b527269c0006','402882ed47b51da10147b5273c95000a',1,'402881ae478611620147861597af0008','402881ae4786116201478613cc380003','402881ae47861162014786131e370001','201408','cb91987a-451a-40e8-9944-70e86e804415','402881ae478611620147861ac7a9000c',NULL,'',2,NULL,'2014-08-08 18:25:53','2014-08-08 18:26:31',0,NULL,'admin','管理员','2014-08-08 18:26:35',NULL,NULL,NULL,0,NULL),('402882ed47b51da10147b52c32490016','402882ed47b51da10147b52b68d80011','402882ed47b51da10147b52b5f60000f','402882ed47b51da10147b52b757d0013',1,'402881ae478611620147861597af0008','402881ae4786116201478613cc380003','402881ae47861162014786131e370001','201408','d2b74aba-847d-496c-a8ed-cef6e9f039f9','402881ae478611620147861ac7a9000c',NULL,'',2,NULL,'2014-08-08 18:30:30','2014-08-08 18:31:18',0,NULL,'admin','管理员','2014-08-08 18:31:18',NULL,NULL,NULL,0,NULL);
/*!40000 ALTER TABLE `meeting_vod_section_record` ENABLE KEYS */;
UNLOCK TABLES;

--
-- Table structure for table `meeting_vod_session`
--

DROP TABLE IF EXISTS `meeting_vod_session`;
/*!40101 SET @saved_cs_client     = @@character_set_client */;
/*!40101 SET character_set_client = utf8 */;
CREATE TABLE `meeting_vod_session` (
  `ID` varchar(36) NOT NULL DEFAULT '' COMMENT '主键',
  `MeetingID` varchar(36) DEFAULT NULL COMMENT '会议ID',
  `TypeId` tinyint(4) DEFAULT NULL COMMENT '会议类型',
  `SUBJECT` varchar(50) DEFAULT NULL COMMENT '会议主题',
  `COMPERE` varchar(20) DEFAULT NULL COMMENT '会议主持人',
  `INTRODUCTION` varchar(200) DEFAULT NULL COMMENT '会议简介',
  `BeginDT` datetime DEFAULT NULL COMMENT '开始录制时间',
  `EndDT` datetime DEFAULT NULL COMMENT '结束录制时间',
  `CREATE_BY` varchar(36) DEFAULT NULL COMMENT '创建人',
  `CREATE_NAME` varchar(32) DEFAULT NULL COMMENT '创建人名字',
  `CREATE_DATE` datetime DEFAULT NULL COMMENT '创建时间',
  `UPDATE_BY` varchar(36) DEFAULT NULL COMMENT '修改人',
  `UPDATE_NAME` varchar(32) DEFAULT NULL COMMENT '修改人名字',
  `UPDATE_DATE` datetime DEFAULT NULL COMMENT '修改时间',
  `DELFLAG` int(2) DEFAULT '0' COMMENT '删除标记',
  `DEL_DATE` datetime DEFAULT NULL COMMENT '删除时间',
  `liveSession` varchar(36) DEFAULT NULL,
  PRIMARY KEY (`ID`)
) ENGINE=InnoDB DEFAULT CHARSET=utf8;
/*!40101 SET character_set_client = @saved_cs_client */;

--
-- Dumping data for table `meeting_vod_session`
--

LOCK TABLES `meeting_vod_session` WRITE;
/*!40000 ALTER TABLE `meeting_vod_session` DISABLE KEYS */;
INSERT INTO `meeting_vod_session` VALUES ('402881ae47b5356a0147b53abca40007','402881ae47b5356a0147b539fe4b0003',1,'223','223','223','2014-08-08 18:46:25','2014-08-08 18:47:11','admin','管理员','2014-08-08 18:47:11',NULL,NULL,NULL,0,NULL,'402881ae47b5356a0147b53a09350005'),('402882ed47b387990147b38f4b300007','402882ed47b387990147b38c22120003',1,'1','1','1','2014-08-08 10:57:07','2014-08-08 11:00:13','admin','管理员','2014-08-08 11:00:18',NULL,NULL,NULL,0,NULL,'402882ed47b387990147b38c62e70005'),('402882ed47b428580147b48f2d0f0018','402882ed47b428580147b47a2bab000c',1,'2_1','2','2','2014-08-08 15:37:22','2014-08-08 15:38:04','admin','管理员','2014-08-08 15:39:48',NULL,NULL,NULL,0,NULL,'402882ed47b428580147b48cf62d0016'),('402882ed47b428580147b48f2d450019','402882ed47b428580147b47a2bab000c',1,'2_2','2','2','2014-08-08 15:33:56','2014-08-08 15:34:39','admin','管理员','2014-08-08 15:39:48',NULL,NULL,NULL,0,NULL,'402882ed47b428580147b489d2170014'),('402882ed47b428580147b48f2d45001a','402882ed47b428580147b47a2bab000c',1,'2_3','2','2','2014-08-08 15:32:10','2014-08-08 15:32:52','admin','管理员','2014-08-08 15:39:48',NULL,NULL,NULL,0,NULL,'402882ed47b428580147b48831370012'),('402882ed47b428580147b48f2d45001b','402882ed47b428580147b47a2bab000c',1,'2_4','2','2','2014-08-08 15:29:01','2014-08-08 15:30:07','admin','管理员','2014-08-08 15:39:48',NULL,NULL,NULL,0,NULL,'402882ed47b428580147b48550170010'),('402882ed47b428580147b48f2d45001c','402882ed47b428580147b47a2bab000c',1,'2_5','2','2','2014-08-08 15:16:55','2014-08-08 15:24:09','admin','管理员','2014-08-08 15:39:48',NULL,NULL,NULL,0,NULL,'402882ed47b428580147b47a3cb9000e'),('402882ed47b428580147b4a3ff86004c','402882ed47b428580147b4a0a0ed0048',1,'3','3','3','2014-08-08 15:59:00','2014-08-08 16:01:49','admin','管理员','2014-08-08 16:02:32',NULL,NULL,NULL,0,NULL,'402882ed47b428580147b4a0c446004a'),('402882ed47b428580147b4d02c840067','402882ed47b428580147b4a47e530051',1,'3_1','3','3','2014-08-08 16:50:09','2014-08-08 16:50:40','admin','管理员','2014-08-08 16:50:48',NULL,NULL,NULL,0,NULL,'402882ed47b428580147b4cf99d00065'),('402882ed47b428580147b4d02c8c0068','402882ed47b428580147b4a47e530051',1,'3_2','3','3','2014-08-08 16:38:55','2014-08-08 16:50:05','admin','管理员','2014-08-08 16:50:48',NULL,NULL,NULL,0,NULL,'402882ed47b428580147b4c54e7b0063'),('402882ed47b428580147b4d02c8c0069','402882ed47b428580147b4a47e530051',1,'3_3','3','3','2014-08-08 16:30:38','2014-08-08 16:38:47','admin','管理员','2014-08-08 16:50:48',NULL,NULL,NULL,0,NULL,'402882ed47b428580147b4bdba100061'),('402882ed47b428580147b4d02c8c006a','402882ed47b428580147b4a47e530051',1,'3_4','3','3','2014-08-08 16:20:20','2014-08-08 16:20:58','admin','管理员','2014-08-08 16:50:48',NULL,NULL,NULL,0,NULL,'402882ed47b428580147b4b44b3a005f'),('402882ed47b428580147b4d02c8c006b','402882ed47b428580147b4a47e530051',1,'3_5','3','3','2014-08-08 16:19:15','2014-08-08 16:19:52','admin','管理员','2014-08-08 16:50:48',NULL,NULL,NULL,0,NULL,'402882ed47b428580147b4b34be3005d'),('402882ed47b428580147b4d02c8c006c','402882ed47b428580147b4a47e530051',1,'3_6','3','3','2014-08-08 16:18:26','2014-08-08 16:19:03','admin','管理员','2014-08-08 16:50:48',NULL,NULL,NULL,0,NULL,'402882ed47b428580147b4b28d03005b'),('402882ed47b428580147b4d02c8c006d','402882ed47b428580147b4a47e530051',1,'3_7','3','3','2014-08-08 16:16:53','2014-08-08 16:17:30','admin','管理员','2014-08-08 16:50:48',NULL,NULL,NULL,0,NULL,'402882ed47b428580147b4b121a60059'),('402882ed47b428580147b4d02c8c006e','402882ed47b428580147b4a47e530051',1,'3_8','3','3','2014-08-08 16:12:22','2014-08-08 16:16:44','admin','管理员','2014-08-08 16:50:48',NULL,NULL,NULL,0,NULL,'402882ed47b428580147b4ad01e50057'),('402882ed47b428580147b4d02c8d006f','402882ed47b428580147b4a47e530051',1,'3_9','3','3','2014-08-08 16:10:38','2014-08-08 16:12:14','admin','管理员','2014-08-08 16:50:48',NULL,NULL,NULL,0,NULL,'402882ed47b428580147b4ab6bb50055'),('402882ed47b428580147b4d02c8d0070','402882ed47b428580147b4a47e530051',1,'3_10','3','3','2014-08-08 16:03:16','2014-08-08 16:10:32','admin','管理员','2014-08-08 16:50:48',NULL,NULL,NULL,0,NULL,'402882ed47b428580147b4a4ad540053'),('402882ed47b428580147b4d1f23c0082','402882ed47b428580147b4d1776c007e',1,'1','1','1','2014-08-08 16:52:17','2014-08-08 16:52:40','admin','管理员','2014-08-08 16:52:44',NULL,NULL,NULL,0,NULL,'402882ed47b428580147b4d18c110080'),('402882ed47b428580147b4d44daf008b','402882ed47b428580147b4d37eff0087',1,'1','1','1','2014-08-08 16:54:28','2014-08-08 16:55:11','admin','管理员','2014-08-08 16:55:18',NULL,NULL,NULL,0,NULL,'402882ed47b428580147b4d38aec0089'),('402882ed47b428580147b4e2a94d00ad','402882ed47b428580147b4de951000a9',1,'2','2','2','2014-08-08 17:06:34','2014-08-08 17:10:59','admin','管理员','2014-08-08 17:10:59',NULL,NULL,NULL,0,NULL,'402882ed47b428580147b4dea03800ab'),('402882ed47b428580147b4e49fe300b6','402882ed47b428580147b4e2e8f000b2',1,'1','1','1','2014-08-08 17:11:19','2014-08-08 17:13:07','admin','管理员','2014-08-08 17:13:08',NULL,NULL,NULL,0,NULL,'402882ed47b428580147b4e2f8b600b4'),('402882ed47b428580147b4e72ac100c4','402882ed47b428580147b4e6999d00c0',1,'1','1','1','2014-08-08 17:15:21','2014-08-08 17:15:50','admin','管理员','2014-08-08 17:15:54',NULL,NULL,NULL,0,NULL,'402882ed47b428580147b4e6ab9100c2'),('402882ed47b428580147b4e8bc5600cd','402882ed47b428580147b4e7de3400c9',1,'1','1','1','2014-08-08 17:16:43','2014-08-08 17:17:26','admin','管理员','2014-08-08 17:17:37',NULL,NULL,NULL,0,NULL,'402882ed47b428580147b4e7e94600cb'),('402882ed47b428580147b4f7905c00d6','402882ed47b428580147b4e9f65400d2',1,'1','1','1','2014-08-08 17:20:31','2014-08-08 17:33:48','admin','管理员','2014-08-08 17:33:49',NULL,NULL,NULL,0,NULL,'402882ed47b428580147b4eb632600d4'),('402882ed47b428580147b50b939500f1','402882ed47b428580147b500a24000e5',1,'1_1','1','1','2014-08-08 17:54:35','2014-08-08 17:55:40','admin','管理员','2014-08-08 17:55:41',NULL,NULL,NULL,0,NULL,'402882ed47b428580147b50a93a600ef'),('402882ed47b428580147b50b939900f2','402882ed47b428580147b500a24000e5',1,'1_2','1','1','2014-08-08 17:53:43','2014-08-08 17:54:28','admin','管理员','2014-08-08 17:55:41',NULL,NULL,NULL,0,NULL,'402882ed47b428580147b509c9b600ed'),('402882ed47b428580147b50b939900f3','402882ed47b428580147b500a24000e5',1,'1_3','1','1','2014-08-08 17:51:39','2014-08-08 17:53:35','admin','管理员','2014-08-08 17:55:41',NULL,NULL,NULL,0,NULL,'402882ed47b428580147b507e55100eb'),('402882ed47b428580147b50b939900f4','402882ed47b428580147b500a24000e5',1,'1_4','1','1','2014-08-08 17:49:11','2014-08-08 17:51:33','admin','管理员','2014-08-08 17:55:41',NULL,NULL,NULL,0,NULL,'402882ed47b428580147b505a1e400e9'),('402882ed47b428580147b50b939a00f5','402882ed47b428580147b500a24000e5',1,'1_5','1','1','2014-08-08 17:43:52','2014-08-08 17:48:55','admin','管理员','2014-08-08 17:55:41',NULL,NULL,NULL,0,NULL,'402882ed47b428580147b500c6a000e7'),('402882ed47b428580147b50d54730102','402882ed47b428580147b50be05b00fe',1,'1','1','1','2014-08-08 17:56:22','2014-08-08 17:57:16','admin','管理员','2014-08-08 17:57:35',NULL,NULL,NULL,0,NULL,'402882ed47b428580147b50c392a0100'),('402882ed47b428580147b515e89c010b','402882ed47b428580147b5155a510107',1,'123123','123123','123123','2014-08-08 18:06:24','2014-08-08 18:06:57','admin','管理员','2014-08-08 18:06:58',NULL,NULL,NULL,0,NULL,'402882ed47b428580147b51565d60109'),('402882ed47b428580147b518f6ff0114','402882ed47b428580147b517e7f90110',1,'321','321','321','2014-08-08 18:09:11','2014-08-08 18:10:10','admin','管理员','2014-08-08 18:10:18',NULL,NULL,NULL,0,NULL,'402882ed47b428580147b517f16c0112'),('402882ed47b51da10147b527dda3000c','402882ed47b51da10147b5272bfe0008',1,'1212','1212','1212','2014-08-08 18:25:53','2014-08-08 18:26:31','admin','管理员','2014-08-08 18:26:35',NULL,NULL,NULL,0,NULL,'402882ed47b51da10147b5273c95000a'),('402882ed47b51da10147b52c31ec0015','402882ed47b51da10147b52b68d80011',1,'13','13','13','2014-08-08 18:30:30','2014-08-08 18:31:18','admin','管理员','2014-08-08 18:31:18',NULL,NULL,NULL,0,NULL,'402882ed47b51da10147b52b757d0013');
/*!40000 ALTER TABLE `meeting_vod_session` ENABLE KEYS */;
UNLOCK TABLES;

--
-- Table structure for table `meetingauthgroup_termgroup`
--

DROP TABLE IF EXISTS `meetingauthgroup_termgroup`;
/*!40101 SET @saved_cs_client     = @@character_set_client */;
/*!40101 SET character_set_client = utf8 */;
CREATE TABLE `meetingauthgroup_termgroup` (
  `ID` varchar(36) NOT NULL COMMENT '主键',
  `AUTHID` varchar(36) DEFAULT NULL COMMENT '权限主键',
  `TERMINALGRPID` varchar(36) DEFAULT NULL COMMENT '终端分组主键',
  `CREATE_BY` varchar(36) DEFAULT NULL COMMENT '创建人',
  `CREATE_NAME` varchar(32) DEFAULT NULL COMMENT '创建人名字',
  `CREATE_DATE` datetime DEFAULT NULL COMMENT '创建时间',
  `UPDATE_BY` varchar(36) DEFAULT NULL COMMENT '修改人',
  `UPDATE_NAME` varchar(32) DEFAULT NULL COMMENT '修改人名字',
  `UPDATE_DATE` datetime DEFAULT NULL COMMENT '修改时间',
  `DELFLAG` int(2) DEFAULT '0' COMMENT '删除标记',
  `DEL_DATE` datetime DEFAULT NULL COMMENT '删除时间',
  PRIMARY KEY (`ID`)
) ENGINE=InnoDB DEFAULT CHARSET=utf8;
/*!40101 SET character_set_client = @saved_cs_client */;

--
-- Dumping data for table `meetingauthgroup_termgroup`
--

LOCK TABLES `meetingauthgroup_termgroup` WRITE;
/*!40000 ALTER TABLE `meetingauthgroup_termgroup` DISABLE KEYS */;
INSERT INTO `meetingauthgroup_termgroup` VALUES ('03894d84-68e9-4f27-b06b-8e22fb51d2b9','038b442f-7e9e-4523-950f-9fa2108033c0',NULL,NULL,NULL,NULL,NULL,NULL,NULL,NULL,NULL),('1b4047e2-9ef6-463d-ba87-8b913998d235','038b442f-7e9e-4523-950f-9fa2108033c0',NULL,NULL,NULL,NULL,NULL,NULL,NULL,NULL,NULL),('2059af8b-75fb-45d6-b573-480cfb40399a','038b442f-7e9e-4523-950f-9fa2108033c0',NULL,NULL,NULL,NULL,NULL,NULL,NULL,NULL,NULL),('25834068-c56e-45cf-9252-57b4b4512066','2dd4452f-3030-4fc2-8492-9d44093f6314',NULL,NULL,NULL,NULL,NULL,NULL,NULL,NULL,NULL),('2a53fe68-d40a-4a51-b21f-7cf19b73b5d4','2dd4452f-3030-4fc2-8492-9d44093f6314',NULL,NULL,NULL,NULL,NULL,NULL,NULL,NULL,NULL),('41137cba-6502-4e39-b383-5f4c1ca98d8e','cae5a523-9563-4a80-9d14-eb518bbc3996',NULL,NULL,NULL,NULL,NULL,NULL,NULL,NULL,NULL),('4125ee0b-a292-4966-aad0-2ebfe591a354','038b442f-7e9e-4523-950f-9fa2108033c0',NULL,NULL,NULL,NULL,NULL,NULL,NULL,NULL,NULL),('4309c754-f422-44e0-9ffc-22622bc1c37f','038b442f-7e9e-4523-950f-9fa2108033c0',NULL,NULL,NULL,NULL,NULL,NULL,NULL,NULL,NULL),('47cc1079-bfed-4553-b991-d53d459543d0','038b442f-7e9e-4523-950f-9fa2108033c0',NULL,NULL,NULL,NULL,NULL,NULL,NULL,NULL,NULL),('4b8fd198-da92-441a-b167-3bd46fad8ed5','cae5a523-9563-4a80-9d14-eb518bbc3996',NULL,NULL,NULL,NULL,NULL,NULL,NULL,NULL,NULL),('4ff0d69d-8063-43c5-8585-1fff823fb31c','cae5a523-9563-4a80-9d14-eb518bbc3996',NULL,NULL,NULL,NULL,NULL,NULL,NULL,NULL,NULL),('581e88e1-0e51-4621-9e15-b95bf55c7229','cae5a523-9563-4a80-9d14-eb518bbc3996',NULL,NULL,NULL,NULL,NULL,NULL,NULL,NULL,NULL),('5ee03845-da97-42a4-a0b5-ad82094ce9ca','038b442f-7e9e-4523-950f-9fa2108033c0',NULL,NULL,NULL,NULL,NULL,NULL,NULL,NULL,NULL),('83985f17-ff4d-4616-a4d7-d19096ed0093','2dd4452f-3030-4fc2-8492-9d44093f6314',NULL,NULL,NULL,NULL,NULL,NULL,NULL,NULL,NULL),('c568f500-cc1a-44c2-9b07-b5154571bf9a','cae5a523-9563-4a80-9d14-eb518bbc3996',NULL,NULL,NULL,NULL,NULL,NULL,NULL,NULL,NULL),('e9585f2e-6b87-4a68-b3c7-f587dcfae28c','2dd4452f-3030-4fc2-8492-9d44093f6314',NULL,NULL,NULL,NULL,NULL,NULL,NULL,NULL,NULL),('ec7c0313-ebbe-4855-a2cf-0ac397882c20','038b442f-7e9e-4523-950f-9fa2108033c0',NULL,NULL,NULL,NULL,NULL,NULL,NULL,NULL,NULL);
/*!40000 ALTER TABLE `meetingauthgroup_termgroup` ENABLE KEYS */;
UNLOCK TABLES;

--
-- Table structure for table `meetingauthgroup_terminal`
--

DROP TABLE IF EXISTS `meetingauthgroup_terminal`;
/*!40101 SET @saved_cs_client     = @@character_set_client */;
/*!40101 SET character_set_client = utf8 */;
CREATE TABLE `meetingauthgroup_terminal` (
  `ID` varchar(36) NOT NULL COMMENT '主键',
  `AUTHID` varchar(36) DEFAULT NULL COMMENT '权限主键',
  `TERMINALID` varchar(36) DEFAULT NULL COMMENT '终端主键',
  `CREATE_BY` varchar(36) DEFAULT NULL COMMENT '创建人',
  `CREATE_NAME` varchar(32) DEFAULT NULL COMMENT '创建人名字',
  `CREATE_DATE` datetime DEFAULT NULL COMMENT '创建时间',
  `UPDATE_BY` varchar(36) DEFAULT NULL COMMENT '修改人',
  `UPDATE_NAME` varchar(32) DEFAULT NULL COMMENT '修改人名字',
  `UPDATE_DATE` datetime DEFAULT NULL COMMENT '修改时间',
  `DELFLAG` int(2) DEFAULT '0' COMMENT '删除标记',
  `DEL_DATE` datetime DEFAULT NULL COMMENT '删除时间',
  PRIMARY KEY (`ID`)
) ENGINE=InnoDB DEFAULT CHARSET=utf8;
/*!40101 SET character_set_client = @saved_cs_client */;

--
-- Dumping data for table `meetingauthgroup_terminal`
--

LOCK TABLES `meetingauthgroup_terminal` WRITE;
/*!40000 ALTER TABLE `meetingauthgroup_terminal` DISABLE KEYS */;
INSERT INTO `meetingauthgroup_terminal` VALUES ('402881ae478611620147861cfd46002f','402881ae478611620147861ac7a9000c','33dbba02-3bb7-4c19-8568-573879907c7d','admin','管理员','2014-07-30 15:12:33',NULL,NULL,NULL,0,NULL),('402881ae478611620147861cfd9f0030','402881ae478611620147861ac7a9000c','71162aa1-5c03-498c-bad8-802dfd9ccfb6','admin','管理员','2014-07-30 15:12:33',NULL,NULL,NULL,0,NULL),('402881ae478611620147861cfdce0031','402881ae478611620147861ac7a9000c','ce002c7c-eb61-4357-a583-31cd1aed4c32','admin','管理员','2014-07-30 15:12:33',NULL,NULL,NULL,0,NULL);
/*!40000 ALTER TABLE `meetingauthgroup_terminal` ENABLE KEYS */;
UNLOCK TABLES;

--
-- Table structure for table `meetingautusergroup_user`
--

DROP TABLE IF EXISTS `meetingautusergroup_user`;
/*!40101 SET @saved_cs_client     = @@character_set_client */;
/*!40101 SET character_set_client = utf8 */;
CREATE TABLE `meetingautusergroup_user` (
  `ID` varchar(36) NOT NULL COMMENT '主键',
  `AUTHID` varchar(36) DEFAULT NULL COMMENT '权限组ID(外键引用)',
  `USERID` varchar(36) DEFAULT NULL COMMENT '用户ID(外键引用)',
  `CREATE_BY` varchar(36) DEFAULT NULL COMMENT '创建人',
  `CREATE_NAME` varchar(32) DEFAULT NULL COMMENT '创建人名字',
  `CREATE_DATE` datetime DEFAULT NULL COMMENT '创建时间',
  `UPDATE_BY` varchar(36) DEFAULT NULL COMMENT '修改人',
  `UPDATE_NAME` varchar(32) DEFAULT NULL COMMENT '修改人名字',
  `UPDATE_DATE` datetime DEFAULT NULL COMMENT '修改时间',
  `DELFLAG` int(2) DEFAULT '0' COMMENT '删除标记',
  `DEL_DATE` datetime DEFAULT NULL COMMENT '删除时间',
  PRIMARY KEY (`ID`)
) ENGINE=InnoDB DEFAULT CHARSET=utf8;
/*!40101 SET character_set_client = @saved_cs_client */;

--
-- Dumping data for table `meetingautusergroup_user`
--

LOCK TABLES `meetingautusergroup_user` WRITE;
/*!40000 ALTER TABLE `meetingautusergroup_user` DISABLE KEYS */;
INSERT INTO `meetingautusergroup_user` VALUES ('0650eaad-73bd-4c56-8b7b-e7b9046ce2d9','707c7f12-0a68-4be2-9fe5-6fb27b739fc0','554a5a80-5ae8-263c-87a2-cb322fed582a',NULL,NULL,NULL,NULL,NULL,NULL,NULL,NULL),('137a24f9-e7f2-4590-ba65-7c84156bc944','707c7f12-0a68-4be2-9fe5-6fb27b739fc0','d4c6cf3e-8524-1fac-8bb1-75ab63b13a6e',NULL,NULL,NULL,NULL,NULL,NULL,NULL,NULL),('1889b400-bb33-47ff-95e0-8247d9c4b127','707c7f12-0a68-4be2-9fe5-6fb27b739fc0','10af91a7-149f-fdbb-b5c5-1802bcfe1051',NULL,NULL,NULL,NULL,NULL,NULL,NULL,NULL),('1a4820c9-2480-4b5d-92a6-a5600982fc5a','e09f53af-d61e-4590-b098-31e130dbd63d','d4c6cf3e-8524-1fac-8bb1-75ab63b13a6e',NULL,NULL,NULL,NULL,NULL,NULL,NULL,NULL),('1a922733-8d86-46fc-b74d-20f650b54df4','707c7f12-0a68-4be2-9fe5-6fb27b739fc0','0a0bc7d2-eb28-16d7-1e03-b8afa833118f',NULL,NULL,NULL,NULL,NULL,NULL,NULL,NULL),('1bad069c-0859-4403-b1ac-899a968e38e7','e09f53af-d61e-4590-b098-31e130dbd63d','f7995607-6da2-fea5-6b6b-ce1a91fa4dd0',NULL,NULL,NULL,NULL,NULL,NULL,NULL,NULL),('1f0b01a6-465e-4a5a-9d08-f5906c87db06','e09f53af-d61e-4590-b098-31e130dbd63d','b4385f87-39bf-8bcb-945b-799e79a08e61',NULL,NULL,NULL,NULL,NULL,NULL,NULL,NULL),('22c31871-e386-4a4e-aede-45926ad8612f','fc93f34e-fa2f-4a38-9b66-ecbb3759bf40','0a0bc7d2-eb28-16d7-1e03-b8afa833118f',NULL,NULL,NULL,NULL,NULL,NULL,NULL,NULL),('31f1c112-42c7-4286-8e54-e059296769e2','af995838-ae1c-4dcd-b933-56e8e6f21306','b4385f87-39bf-8bcb-945b-799e79a08e61',NULL,NULL,NULL,NULL,NULL,NULL,NULL,NULL),('38379f07-953b-435f-aacf-2c1d4684f2d6','eaa53a09-3ab7-43d3-8df5-7b0d8fa8c0a8','b9445c0d-3a0d-5a60-1fd0-00e24835e12e',NULL,NULL,NULL,NULL,NULL,NULL,NULL,NULL),('3e63af08-39a5-4d5b-8e04-86ba199a14d1','e09f53af-d61e-4590-b098-31e130dbd63d','d9316632-5df7-f819-3f01-007c6f05fe81',NULL,NULL,NULL,NULL,NULL,NULL,NULL,NULL),('47812727-ff07-4918-a655-18c704e367c0','fc93f34e-fa2f-4a38-9b66-ecbb3759bf40','f7995607-6da2-fea5-6b6b-ce1a91fa4dd0',NULL,NULL,NULL,NULL,NULL,NULL,NULL,NULL),('4b5c4ba2-8c36-4110-8d06-180d618a6601','af995838-ae1c-4dcd-b933-56e8e6f21306','10af91a7-149f-fdbb-b5c5-1802bcfe1051',NULL,NULL,NULL,NULL,NULL,NULL,NULL,NULL),('4d137cf5-d447-459b-b80a-fc50c7591bfd','707c7f12-0a68-4be2-9fe5-6fb27b739fc0','d9316632-5df7-f819-3f01-007c6f05fe81',NULL,NULL,NULL,NULL,NULL,NULL,NULL,NULL),('4ebc0e51-0a43-4039-801f-81de093c7cbe','e09f53af-d61e-4590-b098-31e130dbd63d','0',NULL,NULL,NULL,NULL,NULL,NULL,NULL,NULL),('5435c694-5279-4f1e-8f00-891ef76a378a','af995838-ae1c-4dcd-b933-56e8e6f21306','b9445c0d-3a0d-5a60-1fd0-00e24835e12e',NULL,NULL,NULL,NULL,NULL,NULL,NULL,NULL),('56876484-9005-406e-a513-cecf135bdefe','e09f53af-d61e-4590-b098-31e130dbd63d','b9445c0d-3a0d-5a60-1fd0-00e24835e12e',NULL,NULL,NULL,NULL,NULL,NULL,NULL,NULL),('61f64468-598b-41cb-990e-328faa90cadc','eaa53a09-3ab7-43d3-8df5-7b0d8fa8c0a8','f7995607-6da2-fea5-6b6b-ce1a91fa4dd0',NULL,NULL,NULL,NULL,NULL,NULL,NULL,NULL),('6254150a-5b98-4dbf-b3bb-49a3544c2811','af995838-ae1c-4dcd-b933-56e8e6f21306','f7995607-6da2-fea5-6b6b-ce1a91fa4dd0',NULL,NULL,NULL,NULL,NULL,NULL,NULL,NULL),('63e88395-eb0a-460b-b44c-56e3640145a9','eaa53a09-3ab7-43d3-8df5-7b0d8fa8c0a8','d9316632-5df7-f819-3f01-007c6f05fe81',NULL,NULL,NULL,NULL,NULL,NULL,NULL,NULL),('788c4939-03a9-4926-9cf4-83f2705c9dbf','fc93f34e-fa2f-4a38-9b66-ecbb3759bf40','0',NULL,NULL,NULL,NULL,NULL,NULL,NULL,NULL),('84d8c958-c8e0-4eba-9de4-0bdeba4aecb9','eaa53a09-3ab7-43d3-8df5-7b0d8fa8c0a8','d4c6cf3e-8524-1fac-8bb1-75ab63b13a6e',NULL,NULL,NULL,NULL,NULL,NULL,NULL,NULL),('89c4a3ad-00fc-4dee-b56f-f792aee68744','eaa53a09-3ab7-43d3-8df5-7b0d8fa8c0a8','0',NULL,NULL,NULL,NULL,NULL,NULL,NULL,NULL),('91709808-dee2-462f-a6c3-0259685d5a09','af995838-ae1c-4dcd-b933-56e8e6f21306','0a0bc7d2-eb28-16d7-1e03-b8afa833118f',NULL,NULL,NULL,NULL,NULL,NULL,NULL,NULL),('a9fd21d3-5400-4df9-bd3f-9384bea4f2c6','e09f53af-d61e-4590-b098-31e130dbd63d','0a0bc7d2-eb28-16d7-1e03-b8afa833118f',NULL,NULL,NULL,NULL,NULL,NULL,NULL,NULL),('adea653c-cd26-42a3-a0a5-87e25722281e','fc93f34e-fa2f-4a38-9b66-ecbb3759bf40','d9316632-5df7-f819-3f01-007c6f05fe81',NULL,NULL,NULL,NULL,NULL,NULL,NULL,NULL),('b20af4ab-b5dd-4a94-a3a2-e6b1fec2d711','eaa53a09-3ab7-43d3-8df5-7b0d8fa8c0a8','10af91a7-149f-fdbb-b5c5-1802bcfe1051',NULL,NULL,NULL,NULL,NULL,NULL,NULL,NULL),('b7b651bc-3101-4cee-a854-47e11189fd0e','eaa53a09-3ab7-43d3-8df5-7b0d8fa8c0a8','0a0bc7d2-eb28-16d7-1e03-b8afa833118f',NULL,NULL,NULL,NULL,NULL,NULL,NULL,NULL),('c9824e15-6fe5-40a9-984f-3a34c734fcfa','707c7f12-0a68-4be2-9fe5-6fb27b739fc0','0',NULL,NULL,NULL,NULL,NULL,NULL,NULL,NULL),('cfe300cf-559c-4bb6-af7d-8663a043a694','fc93f34e-fa2f-4a38-9b66-ecbb3759bf40','d4c6cf3e-8524-1fac-8bb1-75ab63b13a6e',NULL,NULL,NULL,NULL,NULL,NULL,NULL,NULL),('d1ea3451-3c71-4a45-953e-f976afae6218','eaa53a09-3ab7-43d3-8df5-7b0d8fa8c0a8','b4385f87-39bf-8bcb-945b-799e79a08e61',NULL,NULL,NULL,NULL,NULL,NULL,NULL,NULL),('d9a5e56b-03c7-4e6d-b9dd-9cbf62849eb2','fc93f34e-fa2f-4a38-9b66-ecbb3759bf40','10af91a7-149f-fdbb-b5c5-1802bcfe1051',NULL,NULL,NULL,NULL,NULL,NULL,NULL,NULL),('da0fa687-3cee-48cb-b57d-db64c05b9670','707c7f12-0a68-4be2-9fe5-6fb27b739fc0','400e4e5b-ad80-4499-990e-619637234969',NULL,NULL,NULL,NULL,NULL,NULL,NULL,NULL),('dfcf6a82-3724-4b7d-a6b7-2633de0e5de3','707c7f12-0a68-4be2-9fe5-6fb27b739fc0','f7995607-6da2-fea5-6b6b-ce1a91fa4dd0',NULL,NULL,NULL,NULL,NULL,NULL,NULL,NULL),('f34a467f-dcf5-46a6-8de6-3ca7fd1238a4','e09f53af-d61e-4590-b098-31e130dbd63d','10af91a7-149f-fdbb-b5c5-1802bcfe1051',NULL,NULL,NULL,NULL,NULL,NULL,NULL,NULL),('f9fbb0fd-9550-4a9b-b218-9aaed3f7f913','af995838-ae1c-4dcd-b933-56e8e6f21306','d4c6cf3e-8524-1fac-8bb1-75ab63b13a6e',NULL,NULL,NULL,NULL,NULL,NULL,NULL,NULL),('fb30b4f5-eeb6-4ff9-b303-79682f6cd63d','af995838-ae1c-4dcd-b933-56e8e6f21306','d9316632-5df7-f819-3f01-007c6f05fe81',NULL,NULL,NULL,NULL,NULL,NULL,NULL,NULL),('fca0b08d-72af-414d-9554-eb1852036d91','af995838-ae1c-4dcd-b933-56e8e6f21306','0',NULL,NULL,NULL,NULL,NULL,NULL,NULL,NULL);
/*!40000 ALTER TABLE `meetingautusergroup_user` ENABLE KEYS */;
UNLOCK TABLES;

--
-- Table structure for table `optimistic_locking`
--

DROP TABLE IF EXISTS `optimistic_locking`;
/*!40101 SET @saved_cs_client     = @@character_set_client */;
/*!40101 SET character_set_client = utf8 */;
CREATE TABLE `optimistic_locking` (
  `ID` varchar(32) NOT NULL,
  `ACCOUNT` int(11) DEFAULT NULL,
  `AGE` int(11) DEFAULT NULL,
  `NAME` varchar(85) DEFAULT NULL,
  `VER` int(11) DEFAULT NULL,
  PRIMARY KEY (`ID`)
) ENGINE=InnoDB DEFAULT CHARSET=utf8;
/*!40101 SET character_set_client = @saved_cs_client */;

--
-- Dumping data for table `optimistic_locking`
--

LOCK TABLES `optimistic_locking` WRITE;
/*!40000 ALTER TABLE `optimistic_locking` DISABLE KEYS */;
/*!40000 ALTER TABLE `optimistic_locking` ENABLE KEYS */;
UNLOCK TABLES;

--
-- Table structure for table `person`
--

DROP TABLE IF EXISTS `person`;
/*!40101 SET @saved_cs_client     = @@character_set_client */;
/*!40101 SET character_set_client = utf8 */;
CREATE TABLE `person` (
  `ID` varchar(32) NOT NULL DEFAULT '' COMMENT '主键',
  `NAME` varchar(32) DEFAULT NULL COMMENT '用户名',
  `AGE` int(11) DEFAULT NULL COMMENT '年龄',
  `SALARY` decimal(10,2) DEFAULT NULL COMMENT '工资',
  `createDt` datetime DEFAULT NULL COMMENT '创建时间',
  PRIMARY KEY (`ID`)
) ENGINE=InnoDB DEFAULT CHARSET=utf8;
/*!40101 SET character_set_client = @saved_cs_client */;

--
-- Dumping data for table `person`
--

LOCK TABLES `person` WRITE;
/*!40000 ALTER TABLE `person` DISABLE KEYS */;
/*!40000 ALTER TABLE `person` ENABLE KEYS */;
UNLOCK TABLES;

--
-- Table structure for table `t_finance`
--

DROP TABLE IF EXISTS `t_finance`;
/*!40101 SET @saved_cs_client     = @@character_set_client */;
/*!40101 SET character_set_client = utf8 */;
CREATE TABLE `t_finance` (
  `ID` varchar(32) NOT NULL,
  `APPROFILETYPE` varchar(255) DEFAULT NULL,
  `BUYMONEY` float DEFAULT NULL,
  `BUYPROJECTNO` varchar(255) DEFAULT NULL,
  `BUYPROJECTORG` varchar(255) DEFAULT NULL,
  `BUYUSE` varchar(255) DEFAULT NULL,
  `BUYYEAR` varchar(255) DEFAULT NULL,
  `CATEGORY` varchar(255) DEFAULT NULL,
  `COLLECTORG` varchar(255) DEFAULT NULL,
  `EXPENSEACCOUNT` varchar(255) DEFAULT NULL,
  `HAPPENYEAR` int(11) DEFAULT NULL,
  `MONEYAREA` varchar(255) DEFAULT NULL,
  `MONEYSOURCE` varchar(255) DEFAULT NULL,
  `MONEYTOTAL` float DEFAULT NULL,
  `MONEYUSE` varchar(255) DEFAULT NULL,
  `PAYTIME` datetime DEFAULT NULL,
  `ZBWNO` varchar(255) DEFAULT NULL,
  PRIMARY KEY (`ID`)
) ENGINE=InnoDB DEFAULT CHARSET=utf8;
/*!40101 SET character_set_client = @saved_cs_client */;

--
-- Dumping data for table `t_finance`
--

LOCK TABLES `t_finance` WRITE;
/*!40000 ALTER TABLE `t_finance` DISABLE KEYS */;
/*!40000 ALTER TABLE `t_finance` ENABLE KEYS */;
UNLOCK TABLES;

--
-- Table structure for table `t_finance_files`
--

DROP TABLE IF EXISTS `t_finance_files`;
/*!40101 SET @saved_cs_client     = @@character_set_client */;
/*!40101 SET character_set_client = utf8 */;
CREATE TABLE `t_finance_files` (
  `id` varchar(32) NOT NULL,
  `financeId` varchar(32) DEFAULT NULL,
  PRIMARY KEY (`id`),
  KEY `FK_ij2p74feypwcda4n0n96pyd10` (`financeId`),
  KEY `FK_28m7vvi0cy5r5keke68b6f7rt` (`id`),
  CONSTRAINT `FK_28m7vvi0cy5r5keke68b6f7rt` FOREIGN KEY (`id`) REFERENCES `t_s_attachment` (`ID`),
  CONSTRAINT `FK_ij2p74feypwcda4n0n96pyd10` FOREIGN KEY (`financeId`) REFERENCES `t_finance` (`ID`)
) ENGINE=InnoDB DEFAULT CHARSET=utf8;
/*!40101 SET character_set_client = @saved_cs_client */;

--
-- Dumping data for table `t_finance_files`
--

LOCK TABLES `t_finance_files` WRITE;
/*!40000 ALTER TABLE `t_finance_files` DISABLE KEYS */;
/*!40000 ALTER TABLE `t_finance_files` ENABLE KEYS */;
UNLOCK TABLES;

--
-- Table structure for table `t_s_attachment`
--

DROP TABLE IF EXISTS `t_s_attachment`;
/*!40101 SET @saved_cs_client     = @@character_set_client */;
/*!40101 SET character_set_client = utf8 */;
CREATE TABLE `t_s_attachment` (
  `ID` varchar(32) NOT NULL,
  `attachmentcontent` longblob,
  `attachmenttitle` varchar(100) DEFAULT NULL,
  `businesskey` varchar(32) DEFAULT NULL,
  `createdate` datetime DEFAULT NULL,
  `extend` varchar(32) DEFAULT NULL,
  `note` longtext,
  `realpath` varchar(100) DEFAULT NULL,
  `subclassname` longtext,
  `swfpath` longtext,
  `BUSENTITYNAME` varchar(100) DEFAULT NULL,
  `INFOTYPEID` varchar(32) DEFAULT NULL,
  `USERID` varchar(32) DEFAULT NULL,
  PRIMARY KEY (`ID`),
  KEY `FK_mnq23hlc835n4ufgjl7nkn3bd` (`USERID`),
  CONSTRAINT `FK_mnq23hlc835n4ufgjl7nkn3bd` FOREIGN KEY (`USERID`) REFERENCES `t_s_user` (`id`)
) ENGINE=InnoDB DEFAULT CHARSET=utf8;
/*!40101 SET character_set_client = @saved_cs_client */;

--
-- Dumping data for table `t_s_attachment`
--

LOCK TABLES `t_s_attachment` WRITE;
/*!40000 ALTER TABLE `t_s_attachment` DISABLE KEYS */;
INSERT INTO `t_s_attachment` VALUES ('402882f94680252d0146802af9450008',NULL,'JR079839867R90000001000',NULL,NULL,'doc',NULL,'JR079839867R90000001000',NULL,'upload/files/20130719201109hDr31jP1.swf',NULL,NULL,NULL),('402882f94680252d0146802af9490009',NULL,'JEECG平台协议',NULL,NULL,'docx',NULL,'JEECG平台协议',NULL,'upload/files/20130719201156sYHjSFJj.swf',NULL,NULL,NULL),('402882f94680252d0146802af94c000a',NULL,'分析JEECG与其他的开源项目的不足和优势',NULL,NULL,'docx',NULL,'分析JEECG与其他的开源项目的不足和优势',NULL,'upload/files/20130719201727ZLEX1OSf.swf',NULL,NULL,NULL),('402882f94680252d0146802af94d000b',NULL,'DMS-T3第三方租赁业务接口开发说明',NULL,NULL,'docx',NULL,'DMS-T3第三方租赁业务接口开发说明',NULL,'upload/files/20130719201841LzcgqUek.swf',NULL,NULL,NULL),('402882f94680252d0146802af94f000c',NULL,'SAP-需求说明书-金融服务公司-第三方租赁业务需求V1.7-研发',NULL,NULL,'doc',NULL,'SAP-需求说明书-金融服务公司-第三方租赁业务需求V1.7-研发',NULL,'upload/files/20130719201925mkCrU47P.swf',NULL,NULL,NULL),('402882f94680252d0146802af954000d',NULL,'JEECG团队开发规范',NULL,NULL,'txt',NULL,'JEECG团队开发规范',NULL,'upload/files/20130724103633fvOTwNSV.swf',NULL,NULL,NULL),('402882f94680252d0146802af958000e',NULL,'第一模板',NULL,NULL,'doc',NULL,'第一模板',NULL,'upload/files/20130724104603pHDw4QUT.swf',NULL,NULL,NULL),('402882f94680252d0146802af95a000f',NULL,'github入门使用教程',NULL,NULL,'doc',NULL,'github入门使用教程',NULL,'upload/files/20130704200345EakUH3WB.swf',NULL,NULL,NULL),('402882f94680252d0146802af95d0010',NULL,'github入门使用教程',NULL,NULL,'doc',NULL,'github入门使用教程',NULL,'upload/files/20130704200651IE8wPdZ4.swf',NULL,NULL,NULL),('402882f94680252d0146802af9600011',NULL,'（张代浩）-金融服务公司机构岗位职责与任职资格设置表(根据模板填写）',NULL,NULL,'xlsx',NULL,'（张代浩）-金融服务公司机构岗位职责与任职资格设置表(根据模板填写）',NULL,'upload/files/20130704201022KhdRW1Gd.swf',NULL,NULL,NULL),('402882f94680252d0146802af9620012',NULL,'EIM201_CN',NULL,NULL,'pdf',NULL,'EIM201_CN',NULL,'upload/files/20130704201046JVAkvvOt.swf',NULL,NULL,NULL),('402882f94680252d0146802af9650013',NULL,'github入门使用教程',NULL,NULL,'doc',NULL,'github入门使用教程',NULL,'upload/files/20130704201116Z8NhEK57.swf',NULL,NULL,NULL),('402882f94680252d0146802af9670014',NULL,'JEECGUI标签库帮助文档v3.2',NULL,NULL,'pdf',NULL,'JEECGUI标签库帮助文档v3.2',NULL,'upload/files/20130704201125DQg8hi2x.swf',NULL,NULL,NULL);
/*!40000 ALTER TABLE `t_s_attachment` ENABLE KEYS */;
UNLOCK TABLES;

--
-- Table structure for table `t_s_base_user`
--

DROP TABLE IF EXISTS `t_s_base_user`;
/*!40101 SET @saved_cs_client     = @@character_set_client */;
/*!40101 SET character_set_client = utf8 */;
CREATE TABLE `t_s_base_user` (
  `ID` varchar(32) NOT NULL,
  `activitiSync` smallint(6) DEFAULT NULL,
  `browser` varchar(20) DEFAULT NULL,
  `password` varchar(100) DEFAULT NULL,
  `realname` varchar(50) DEFAULT NULL,
  `signature` blob,
  `status` smallint(6) DEFAULT NULL,
  `userkey` varchar(200) DEFAULT NULL,
  `username` varchar(10) NOT NULL,
  `departid` varchar(32) DEFAULT NULL,
  `territoryid` varchar(32) DEFAULT NULL,
  PRIMARY KEY (`ID`),
  KEY `FK_15jh1g4iem1857546ggor42et` (`departid`),
  CONSTRAINT `FK_15jh1g4iem1857546ggor42et` FOREIGN KEY (`departid`) REFERENCES `t_s_depart` (`ID`)
) ENGINE=InnoDB DEFAULT CHARSET=utf8;
/*!40101 SET character_set_client = @saved_cs_client */;

--
-- Dumping data for table `t_s_base_user`
--

LOCK TABLES `t_s_base_user` WRITE;
/*!40000 ALTER TABLE `t_s_base_user` DISABLE KEYS */;
INSERT INTO `t_s_base_user` VALUES ('402882ed47672d5801476732dae90005',NULL,NULL,'f2df8a7358e54c64','gale',NULL,1,NULL,'gale','402882f94680252d0146802af96a0015','4'),('402882f94680252d0146802afaf70044',NULL,NULL,'c44b01947c9e6e3f','管理员',NULL,1,NULL,'admin','402882f94680252d0146802af96a0015','12'),('402882f94680252d0146802afb400045',0,NULL,'97c07a884bf272b5','张代浩',NULL,1,NULL,'scott','402882f94680252d0146802af9780017','12'),('402882f94680252d0146802afb8c0046',0,NULL,'f2322ec2fb9f40d1','采购员',NULL,1,NULL,'cgy','402882f94680252d0146802af96a0015','12'),('402882f94680252d0146802afbd00047',1,NULL,'a324509dc1a3089a','采购审批员',NULL,1,NULL,'cgspy','402882f94680252d0146802af96a0015','12');
/*!40000 ALTER TABLE `t_s_base_user` ENABLE KEYS */;
UNLOCK TABLES;

--
-- Table structure for table `t_s_config`
--

DROP TABLE IF EXISTS `t_s_config`;
/*!40101 SET @saved_cs_client     = @@character_set_client */;
/*!40101 SET character_set_client = utf8 */;
CREATE TABLE `t_s_config` (
  `ID` varchar(32) NOT NULL,
  `code` varchar(100) DEFAULT NULL,
  `content` longtext,
  `name` varchar(100) NOT NULL,
  `note` longtext,
  `userid` varchar(32) DEFAULT NULL,
  PRIMARY KEY (`ID`),
  KEY `FK_m3q8r50ror4fl7fjkvd82tqgn` (`userid`),
  CONSTRAINT `FK_m3q8r50ror4fl7fjkvd82tqgn` FOREIGN KEY (`userid`) REFERENCES `t_s_user` (`id`)
) ENGINE=InnoDB DEFAULT CHARSET=utf8;
/*!40101 SET character_set_client = @saved_cs_client */;

--
-- Dumping data for table `t_s_config`
--

LOCK TABLES `t_s_config` WRITE;
/*!40000 ALTER TABLE `t_s_config` DISABLE KEYS */;
/*!40000 ALTER TABLE `t_s_config` ENABLE KEYS */;
UNLOCK TABLES;

--
-- Table structure for table `t_s_demo`
--

DROP TABLE IF EXISTS `t_s_demo`;
/*!40101 SET @saved_cs_client     = @@character_set_client */;
/*!40101 SET character_set_client = utf8 */;
CREATE TABLE `t_s_demo` (
  `ID` varchar(32) NOT NULL,
  `democode` longtext,
  `demoorder` smallint(6) DEFAULT NULL,
  `demotitle` varchar(200) DEFAULT NULL,
  `demourl` varchar(200) DEFAULT NULL,
  `demopid` varchar(32) DEFAULT NULL,
  PRIMARY KEY (`ID`),
  KEY `FK_fni8e3v88wcf2sahhlv57u4nm` (`demopid`),
  CONSTRAINT `FK_fni8e3v88wcf2sahhlv57u4nm` FOREIGN KEY (`demopid`) REFERENCES `t_s_demo` (`ID`)
) ENGINE=InnoDB DEFAULT CHARSET=utf8;
/*!40101 SET character_set_client = @saved_cs_client */;

--
-- Dumping data for table `t_s_demo`
--

LOCK TABLES `t_s_demo` WRITE;
/*!40000 ALTER TABLE `t_s_demo` DISABLE KEYS */;
INSERT INTO `t_s_demo` VALUES ('402882f94680252d0146802b000d00c7','<div class=\"form\">\r\n   <label class=\"Validform_label\">\r\n     非空验证：\r\n    </label>\r\n    <input name=\"demotitle\" id=\"demotitle\" datatype=\"*\" errormsg=\"该字段不为空\">\r\n    <span class=\"Validform_checktip\"></span>\r\n   </div>\r\n   <div class=\"form\">\r\n     <label class=\"Validform_label\">\r\n     URL验证：\r\n    </label>\r\n    <input name=\"demourl\" id=\"demourl\" datatype=\"url\" errormsg=\"必须是URL\">\r\n    <span class=\"Validform_checktip\"></span>\r\n   </div>\r\n   <div class=\"form\">\r\n     <label class=\"Validform_label\">\r\n     至少选择2项：\r\n    </label>\r\n    <input name=\"shoppingsite1\" class=\"rt2\" id=\"shoppingsite21\" type=\"checkbox\" value=\"1\" datatype=\"need2\" nullmsg=\"请选择您的爱好！\" />\r\n  \r\n     阅读\r\n  \r\n    <input name=\"shoppingsite1\" class=\"rt2\" id=\"shoppingsite22\" type=\"checkbox\" value=\"2\" />\r\n    \r\n     音乐\r\n  \r\n    <input name=\"shoppingsite1\" class=\"rt2\" id=\"shoppingsite23\" type=\"checkbox\" value=\"3\" />\r\n  \r\n     运动\r\n   \r\n    <span class=\"Validform_checktip\"></span>\r\n   </div>\r\n   <div class=\"form\">\r\n     <label class=\"Validform_label\">\r\n     邮箱：\r\n    </label>\r\n    <input name=\"demoorder\" id=\"demoorder\" datatype=\"e\" errormsg=\"邮箱非法\">\r\n    <span class=\"Validform_checktip\"></span>\r\n   </div>\r\n   <div class=\"form\">\r\n     <label class=\"Validform_label\">\r\n     手机号：\r\n    </label>\r\n    <input name=\"phone\" id=\"phone\" datatype=\"m\" errormsg=\"手机号非法\">\r\n    <span class=\"Validform_checktip\"></span>\r\n   </div>\r\n   <div class=\"form\">\r\n     <label class=\"Validform_label\">\r\n     金额：\r\n    </label>\r\n    <input name=\"money\" id=\"money\" datatype=\"d\" errormsg=\"金额非法\">\r\n    <span class=\"Validform_checktip\"></span>\r\n   </div>\r\n   <div class=\"form\">\r\n     <label class=\"Validform_label\">\r\n     日期：\r\n    </label>\r\n    <input name=\"date\" id=\"date\" class=\"easyui-datebox\">\r\n    <span class=\"Validform_checktip\"></span>\r\n   </div>\r\n   <div class=\"form\">\r\n     <label class=\"Validform_label\">\r\n     时间：\r\n    </label>\r\n    <input name=\"time\" id=\"time\" class=\"easyui-datetimebox\">\r\n    <span class=\"Validform_checktip\"></span>\r\n   </div>',NULL,'表单验证',NULL,NULL);
/*!40000 ALTER TABLE `t_s_demo` ENABLE KEYS */;
UNLOCK TABLES;

--
-- Table structure for table `t_s_depart`
--

DROP TABLE IF EXISTS `t_s_depart`;
/*!40101 SET @saved_cs_client     = @@character_set_client */;
/*!40101 SET character_set_client = utf8 */;
CREATE TABLE `t_s_depart` (
  `ID` varchar(32) NOT NULL,
  `departname` varchar(100) NOT NULL,
  `description` longtext,
  `parentdepartid` varchar(32) DEFAULT NULL,
  PRIMARY KEY (`ID`),
  KEY `FK_knnm3wb0bembwvm0il7tf6686` (`parentdepartid`),
  CONSTRAINT `FK_knnm3wb0bembwvm0il7tf6686` FOREIGN KEY (`parentdepartid`) REFERENCES `t_s_depart` (`ID`)
) ENGINE=InnoDB DEFAULT CHARSET=utf8;
/*!40101 SET character_set_client = @saved_cs_client */;

--
-- Dumping data for table `t_s_depart`
--

LOCK TABLES `t_s_depart` WRITE;
/*!40000 ALTER TABLE `t_s_depart` DISABLE KEYS */;
INSERT INTO `t_s_depart` VALUES ('402882f94680252d0146802af96a0015','信息部','12',NULL),('402882f94680252d0146802af9720016','设计部',NULL,NULL),('402882f94680252d0146802af9780017','研发室','研发技术难题','402882f94680252d0146802af9720016');
/*!40000 ALTER TABLE `t_s_depart` ENABLE KEYS */;
UNLOCK TABLES;

--
-- Table structure for table `t_s_document`
--

DROP TABLE IF EXISTS `t_s_document`;
/*!40101 SET @saved_cs_client     = @@character_set_client */;
/*!40101 SET character_set_client = utf8 */;
CREATE TABLE `t_s_document` (
  `documentstate` smallint(6) DEFAULT NULL,
  `documenttitle` varchar(100) DEFAULT NULL,
  `pictureindex` blob,
  `showhome` smallint(6) DEFAULT NULL,
  `id` varchar(32) NOT NULL,
  `typeid` varchar(32) DEFAULT NULL,
  PRIMARY KEY (`id`),
  KEY `FK_qr3qlmgkflj35m5ci1xv0vvg3` (`typeid`),
  KEY `FK_f2mc12eu0umghp2i70apmtxjl` (`id`),
  CONSTRAINT `FK_f2mc12eu0umghp2i70apmtxjl` FOREIGN KEY (`id`) REFERENCES `t_s_attachment` (`ID`),
  CONSTRAINT `FK_qr3qlmgkflj35m5ci1xv0vvg3` FOREIGN KEY (`typeid`) REFERENCES `t_s_type` (`ID`)
) ENGINE=InnoDB DEFAULT CHARSET=utf8;
/*!40101 SET character_set_client = @saved_cs_client */;

--
-- Dumping data for table `t_s_document`
--

LOCK TABLES `t_s_document` WRITE;
/*!40000 ALTER TABLE `t_s_document` DISABLE KEYS */;
/*!40000 ALTER TABLE `t_s_document` ENABLE KEYS */;
UNLOCK TABLES;

--
-- Table structure for table `t_s_fileno`
--

DROP TABLE IF EXISTS `t_s_fileno`;
/*!40101 SET @saved_cs_client     = @@character_set_client */;
/*!40101 SET character_set_client = utf8 */;
CREATE TABLE `t_s_fileno` (
  `ID` varchar(32) NOT NULL,
  `filenobefore` varchar(32) DEFAULT NULL,
  `filenonum` int(11) DEFAULT NULL,
  `filenotype` varchar(32) DEFAULT NULL,
  `filenoYear` date DEFAULT NULL,
  PRIMARY KEY (`ID`)
) ENGINE=InnoDB DEFAULT CHARSET=utf8;
/*!40101 SET character_set_client = @saved_cs_client */;

--
-- Dumping data for table `t_s_fileno`
--

LOCK TABLES `t_s_fileno` WRITE;
/*!40000 ALTER TABLE `t_s_fileno` DISABLE KEYS */;
/*!40000 ALTER TABLE `t_s_fileno` ENABLE KEYS */;
UNLOCK TABLES;

--
-- Table structure for table `t_s_function`
--

DROP TABLE IF EXISTS `t_s_function`;
/*!40101 SET @saved_cs_client     = @@character_set_client */;
/*!40101 SET character_set_client = utf8 */;
CREATE TABLE `t_s_function` (
  `ID` varchar(32) NOT NULL,
  `functioniframe` smallint(6) DEFAULT NULL,
  `functionlevel` smallint(6) DEFAULT NULL,
  `functionname` varchar(50) NOT NULL,
  `functionorder` varchar(255) DEFAULT NULL,
  `functionurl` varchar(100) DEFAULT NULL,
  `parentfunctionid` varchar(32) DEFAULT NULL,
  `iconid` varchar(32) DEFAULT NULL,
  PRIMARY KEY (`ID`),
  KEY `FK_brd7b3keorj8pmxcv8bpahnxp` (`parentfunctionid`),
  KEY `FK_q5tqo3v4ltsp1pehdxd59rccx` (`iconid`),
  CONSTRAINT `FK_brd7b3keorj8pmxcv8bpahnxp` FOREIGN KEY (`parentfunctionid`) REFERENCES `t_s_function` (`ID`),
  CONSTRAINT `FK_q5tqo3v4ltsp1pehdxd59rccx` FOREIGN KEY (`iconid`) REFERENCES `t_s_icon` (`ID`)
) ENGINE=InnoDB DEFAULT CHARSET=utf8;
/*!40101 SET character_set_client = @saved_cs_client */;

--
-- Dumping data for table `t_s_function`
--

LOCK TABLES `t_s_function` WRITE;
/*!40000 ALTER TABLE `t_s_function` DISABLE KEYS */;
INSERT INTO `t_s_function` VALUES ('402882ed4725061f01472508e4880004',NULL,0,'终端管理','3','',NULL,'402882f94680252d0146802af9430007'),('402882ed4725061f01472509a89a0006',NULL,1,'终端注册','1','terminalInfoController.do?terminalInfo','402882ed4725061f01472508e4880004','402882f94680252d0146802af93a0002'),('402882ed4725061f01472509f5d60008',NULL,1,'终端日志','2','meetingLogController.do?meetingLog','402882ed4725061f01472508e4880004','402882f94680252d0146802af93a0002'),('402882ed4725061f0147250a1b73000a',NULL,1,'异常请求','3','heartRequestController.do?heartRequest','402882ed4725061f01472508e4880004','402882f94680252d0146802af93a0002'),('402882ed473e5b8a01473e859a5b000a',NULL,0,'配置管理','4','',NULL,'402882f94680252d0146802af93a0002'),('402882ed473e5b8a01473e8653d8000c',NULL,1,'点播服务器','1','confRtspSrvInfoController.do?confRtspSrvInfo','402882ed473e5b8a01473e859a5b000a','402882f94680252d0146802af93a0002'),('402882ed473e5b8a01473e8752f2000e',NULL,1,'录制服务器','2','confRecordSrvInfoController.do?confRecordSrvInfo','402882ed473e5b8a01473e859a5b000a','402882f94680252d0146802af93a0002'),('402882ed473e5b8a01473e8846730010',NULL,1,'编码器管理','3','confCodecInfoController.do?confCodecInfo','402882ed473e5b8a01473e859a5b000a','402882f94680252d0146802af93a0002'),('402882ed47579744014757af58ad0001',NULL,1,'终端状态','4','terminalInfoController.do?terminalStatus','402882ed4725061f01472508e4880004','402882f94680252d0146802af93a0002'),('402882ed47611e4a0147611f45bf0001',NULL,0,'培训管理','2','',NULL,'402882f94680252d0146802af93a0002'),('402882ed47611e4a014761204b560004',NULL,1,'培训信息','1','trainingInfoController.do?trainingInfo','402882ed47611e4a0147611f45bf0001','402882f94680252d0146802af93a0002'),('402882ed47611e4a01476120e6880006',NULL,1,'预约培训','2','appointmentTrainingController.do?appointmentTraining','402882ed47611e4a0147611f45bf0001','402882f94680252d0146802af93a0002'),('402882ed47611e4a0147612162830008',NULL,1,'培训日志','3','trainingInfoHistoryController.do?trainingInfoHistory','402882ed47611e4a0147611f45bf0001','402882f94680252d0146802af93a0002'),('402882ed47665f3301476669754b0001',NULL,1,'用户分组','4','authorityUserGroupController.do?authorityUserGroup','402882ed473e5b8a01473e859a5b000a','402882f94680252d0146802af93a0002'),('402882ed47665f330147666a1ce50003',NULL,1,'设备分组','5','authorityGroupController.do?authorityGroup','402882ed473e5b8a01473e859a5b000a','402882f94680252d0146802af93a0002'),('402882ed47a9e9400147aa2ca4280018',NULL,1,'点播会议','5','vodSessionController.do?vodSession','402882f9468a142301468a2a275f0004','402882f94680252d0146802af93a0002'),('402882f94680252d0146802af9c40018',NULL,0,'Online 开发','6','',NULL,'402882f94680252d0146802af9430007'),('402882f94680252d0146802af9c80019',NULL,0,'系统管理','5','',NULL,'402882f94680252d0146802af93f0005'),('402882f94680252d0146802af9cb001a',NULL,0,'统计查询','8','',NULL,'402882f94680252d0146802af9430007'),('402882f94680252d0146802afa13001b',NULL,0,'常用示例','9','',NULL,'402882f94680252d0146802af93a0002'),('402882f94680252d0146802afa19001c',NULL,0,'系统监控','7','',NULL,'402882f94680252d0146802af93a0002'),('402882f94680252d0146802afa24001d',NULL,1,'用户管理','5','userController.do?user','402882f94680252d0146802af9c80019','402882f94680252d0146802af93a0002'),('402882f94680252d0146802afa2a001e',NULL,1,'角色管理','6','roleController.do?role','402882f94680252d0146802af9c80019','402882f94680252d0146802af93a0002'),('402882f94680252d0146802afa2e001f',NULL,1,'菜单管理','7','functionController.do?function','402882f94680252d0146802af9c80019','402882f94680252d0146802af93a0002'),('402882f94680252d0146802afa350020',NULL,1,'数据字典','6','systemController.do?typeGroupList','402882f94680252d0146802af9c80019','402882f94680252d0146802af93a0002'),('402882f94680252d0146802afa390021',NULL,1,'图标管理','18','iconController.do?icon','402882f94680252d0146802af9c80019','402882f94680252d0146802af93a0002'),('402882f94680252d0146802afa3e0022',NULL,1,'部门管理','22','departController.do?depart','402882f94680252d0146802af9c80019','402882f94680252d0146802af93a0002'),('402882f94680252d0146802afa420023',NULL,1,'地域管理','22','territoryController.do?territory','402882f94680252d0146802af9c80019','402882f94680252d0146802af9390001'),('402882f94680252d0146802afa460024',NULL,1,'用户分析','17','logController.do?statisticTabs&isIframe','402882f94680252d0146802af9cb001a','402882f94680252d0146802af9390001'),('402882f94680252d0146802afa4a0025',NULL,1,'表单配置','1','cgFormHeadController.do?cgFormHeadList','402882f94680252d0146802af9c40018','402882f94680252d0146802af93a0002'),('402882f94680252d0146802afa4d0026',NULL,1,'动态报表配置','2','cgreportConfigHeadController.do?cgreportConfigHead','402882f94680252d0146802af9c40018','402882f94680252d0146802af93a0002'),('402882f94680252d0146802afa500027',NULL,1,'数据监控','11','dataSourceController.do?goDruid&isIframe','402882f94680252d0146802afa19001c','402882f94680252d0146802af93a0002'),('402882f94680252d0146802afa550028',NULL,1,'系统日志','21','logController.do?log','402882f94680252d0146802afa19001c','402882f94680252d0146802af93a0002'),('402882f94680252d0146802afa5a0029',NULL,1,'定时任务','21','timeTaskController.do?timeTask','402882f94680252d0146802afa19001c','402882f94680252d0146802af93a0002'),('402882f94680252d0146802afa67002a',NULL,1,'表单验证','1','demoController.do?formTabs','402882f94680252d0146802afa13001b','402882f94680252d0146802af93a0002'),('402882f94680252d0146802afa6d002b',NULL,1,'Demo示例','2','jeecgDemoController.do?jeecgDemo','402882f94680252d0146802afa13001b','402882f94680252d0146802af93a0002'),('402882f94680252d0146802afa72002c',NULL,1,'Minidao例子','2','jeecgMinidaoController.do?jeecgMinidao','402882f94680252d0146802afa13001b','402882f94680252d0146802af93a0002'),('402882f94680252d0146802afa77002d',NULL,1,'单表模型','3','jeecgNoteController.do?jeecgNote','402882f94680252d0146802afa13001b','402882f94680252d0146802af93a0002'),('402882f94680252d0146802afa7c002e',NULL,1,'一对多模型','4','jeecgOrderMainController.do?jeecgOrderMain','402882f94680252d0146802afa13001b','402882f94680252d0146802af93a0002'),('402882f94680252d0146802afa81002f',NULL,1,'Excel导入导出','5','courseController.do?course','402882f94680252d0146802afa13001b','402882f94680252d0146802af93a0002'),('402882f94680252d0146802afa860030',NULL,1,'上传下载','6','commonController.do?listTurn&turn=system/document/filesList','402882f94680252d0146802afa13001b','402882f94680252d0146802af93a0002'),('402882f94680252d0146802afa8a0031',NULL,1,'JqueryFileUpload示例','6','fileUploadController.do?fileUploadSample&isIframe','402882f94680252d0146802afa13001b','402882f94680252d0146802af93a0002'),('402882f94680252d0146802afa910032',NULL,1,'无分页列表','7','userNoPageController.do?user','402882f94680252d0146802afa13001b','402882f94680252d0146802af93a0002'),('402882f94680252d0146802afa960033',NULL,1,'jdbc示例','8','jeecgJdbcController.do?jeecgJdbc','402882f94680252d0146802afa13001b','402882f94680252d0146802af93a0002'),('402882f94680252d0146802afa9b0034',NULL,1,'SQL分离','9','jeecgJdbcController.do?dictParameter','402882f94680252d0146802afa13001b','402882f94680252d0146802af93a0002'),('402882f94680252d0146802afa9f0035',NULL,1,'字典标签','10','demoController.do?dictSelect','402882f94680252d0146802afa13001b','402882f94680252d0146802af93a0002'),('402882f94680252d0146802afaa50036',NULL,1,'表单弹出风格','11','demoController.do?demoList','402882f94680252d0146802afa13001b','402882f94680252d0146802af93a0002'),('402882f94680252d0146802afaac0037',NULL,1,'特殊布局','12','demoController.do?demoIframe','402882f94680252d0146802afa13001b','402882f94680252d0146802af93a0002'),('402882f94680252d0146802afab10038',NULL,1,'单表例子(无Tag)','13','jeecgEasyUIController.do?jeecgEasyUI','402882f94680252d0146802afa13001b','402882f94680252d0146802af93a0002'),('402882f94680252d0146802afab60039',NULL,1,'一对多例子(无Tag)','14','jeecgOrderMainNoTagController.do?jeecgOrderMainNoTag','402882f94680252d0146802afa13001b','402882f94680252d0146802af93a0002'),('402882f94680252d0146802afaba003a',NULL,1,'HTML编辑器','15','jeecgDemoController.do?ckeditor&isIframe','402882f94680252d0146802afa13001b','402882f94680252d0146802af93a0002'),('402882f94680252d0146802afabf003b',NULL,1,'在线word(IE)','16','webOfficeController.do?webOffice','402882f94680252d0146802afa13001b','402882f94680252d0146802af93a0002'),('402882f94680252d0146802afac4003c',NULL,1,'WebOffice官方例子','17','webOfficeController.do?webOfficeSample&isIframe','402882f94680252d0146802afa13001b','402882f94680252d0146802af93a0002'),('402882f94680252d0146802afaca003d',NULL,1,'多附件管理','18','tFinanceController.do?tFinance','402882f94680252d0146802afa13001b','402882f94680252d0146802af93a0002'),('402882f94680252d0146802afacf003e',NULL,1,'Datagrid手工Html','19','userController.do?userDemo','402882f94680252d0146802afa13001b','402882f94680252d0146802af93a0002'),('402882f94680252d0146802afad5003f',NULL,1,'物料Bom','20','jeecgMatterBomController.do?goList','402882f94680252d0146802afa13001b','402882f94680252d0146802af93a0002'),('402882f94680252d0146802afadb0040',NULL,1,'报表示例','21','reportDemoController.do?studentStatisticTabs&isIframe','402882f94680252d0146802af9cb001a','402882f94680252d0146802af9390001'),('402882f94680252d0146802afadf0041',NULL,1,'ckfinder例子','100','jeecgDemoCkfinderController.do?jeecgDemoCkfinder','402882f94680252d0146802afa13001b','402882f94680252d0146802af93a0002'),('402882f9468a142301468a2a275f0004',NULL,0,'会议管理','1','',NULL,'402882f94680252d0146802af9430007'),('402882f9468a142301468a2b1cf30006',NULL,1,'会议信息','1','meetingInfoController.do?meetingInfo','402882f9468a142301468a2a275f0004','402882f94680252d0146802af93a0002'),('402882f9468a142301468a2f4d3e000e',NULL,1,'会议日志','4','meetingHistoryController.do?meetingHistory','402882f9468a142301468a2a275f0004','402882f94680252d0146802af93a0002'),('402882f946add4570146ae37652a0002',NULL,1,'会议预约','3','appointmentMeetingInfoController.do?appointmentMeetingInfo','402882f9468a142301468a2a275f0004','402882f94680252d0146802af93a0002');
/*!40000 ALTER TABLE `t_s_function` ENABLE KEYS */;
UNLOCK TABLES;

--
-- Table structure for table `t_s_icon`
--

DROP TABLE IF EXISTS `t_s_icon`;
/*!40101 SET @saved_cs_client     = @@character_set_client */;
/*!40101 SET character_set_client = utf8 */;
CREATE TABLE `t_s_icon` (
  `ID` varchar(32) NOT NULL,
  `extend` varchar(255) DEFAULT NULL,
  `iconclas` varchar(200) DEFAULT NULL,
  `content` blob,
  `name` varchar(100) NOT NULL,
  `path` longtext,
  `type` smallint(6) DEFAULT NULL,
  PRIMARY KEY (`ID`)
) ENGINE=InnoDB DEFAULT CHARSET=utf8;
/*!40101 SET character_set_client = @saved_cs_client */;

--
-- Dumping data for table `t_s_icon`
--

LOCK TABLES `t_s_icon` WRITE;
/*!40000 ALTER TABLE `t_s_icon` DISABLE KEYS */;
INSERT INTO `t_s_icon` VALUES ('402882f94680252d0146802af8db0000','png','back',NULL,'返回','plug-in/accordion/images/back.png',1),('402882f94680252d0146802af9390001','png','pie',NULL,'饼图','plug-in/accordion/images/pie.png',1),('402882f94680252d0146802af93a0002','png','pictures',NULL,'图片','plug-in/accordion/images/pictures.png',1),('402882f94680252d0146802af93b0003','png','pencil',NULL,'笔','plug-in/accordion/images/pencil.png',1),('402882f94680252d0146802af93d0004','png','map',NULL,'地图','plug-in/accordion/images/map.png',1),('402882f94680252d0146802af93f0005','png','group_add',NULL,'组','plug-in/accordion/images/group_add.png',1),('402882f94680252d0146802af9410006','png','calculator',NULL,'计算器','plug-in/accordion/images/calculator.png',1),('402882f94680252d0146802af9430007','png','folder',NULL,'文件夹','plug-in/accordion/images/folder.png',1);
/*!40000 ALTER TABLE `t_s_icon` ENABLE KEYS */;
UNLOCK TABLES;

--
-- Table structure for table `t_s_log`
--

DROP TABLE IF EXISTS `t_s_log`;
/*!40101 SET @saved_cs_client     = @@character_set_client */;
/*!40101 SET character_set_client = utf8 */;
CREATE TABLE `t_s_log` (
  `ID` varchar(32) NOT NULL,
  `broswer` varchar(100) DEFAULT NULL,
  `logcontent` longtext NOT NULL,
  `loglevel` smallint(6) DEFAULT NULL,
  `note` longtext,
  `operatetime` datetime NOT NULL,
  `operatetype` smallint(6) DEFAULT NULL,
  `userid` varchar(32) DEFAULT NULL,
  PRIMARY KEY (`ID`),
  KEY `FK_oe64k4852uylhyc5a00rfwtay` (`userid`),
  CONSTRAINT `FK_oe64k4852uylhyc5a00rfwtay` FOREIGN KEY (`userid`) REFERENCES `t_s_user` (`id`)
) ENGINE=InnoDB DEFAULT CHARSET=utf8;
/*!40101 SET character_set_client = @saved_cs_client */;

--
-- Dumping data for table `t_s_log`
--

LOCK TABLES `t_s_log` WRITE;
/*!40000 ALTER TABLE `t_s_log` DISABLE KEYS */;
INSERT INTO `t_s_log` VALUES ('402881ae4786116201478611eb280000','Chrome','用户: admin[信息部]登录成功',1,'192.168.1.46','2014-07-30 15:00:27',1,'402882f94680252d0146802afaf70044'),('402881ae47861162014786131ec50002','Chrome','点播服务器添加成功',3,'192.168.1.46','2014-07-30 15:01:45',1,'402882f94680252d0146802afaf70044'),('402881ae4786116201478613cca10004','Chrome','录制服务器添加成功',3,'192.168.1.46','2014-07-30 15:02:30',1,'402882f94680252d0146802afaf70044'),('402881ae478611620147861479c30006','Chrome','录制服务器更新成功',5,'192.168.1.46','2014-07-30 15:03:14',1,'402882f94680252d0146802afaf70044'),('402881ae4786116201478614daba0007','Chrome','点播服务器更新成功',5,'192.168.1.46','2014-07-30 15:03:39',1,'402882f94680252d0146802afaf70044'),('402881ae4786116201478615982d0009','Chrome','编码器配置信息添加成功',3,'192.168.1.46','2014-07-30 15:04:27',1,'402882f94680252d0146802afaf70044'),('402881ae478611620147861891ff000b','Chrome','用户: admin[信息部]登录成功',1,'192.168.1.46','2014-07-30 15:07:42',1,'402882f94680252d0146802afaf70044'),('402881ae478611620147861ace31002e','Chrome','终端分组添加成功',3,'192.168.1.46','2014-07-30 15:10:09',1,'402882f94680252d0146802afaf70044'),('402881ae478611620147861cfdee0032','Chrome','终端分组更新成功',5,'192.168.1.46','2014-07-30 15:12:32',1,'402882f94680252d0146802afaf70044'),('402881ae478611620147861dadc50034','Chrome','预约频道信息添加成功',3,'192.168.1.46','2014-07-30 15:13:17',1,'402882f94680252d0146802afaf70044'),('402881ae478611620147861dbf9b0036','Chrome','会议直播成功',3,'192.168.1.46','2014-07-30 15:13:22',1,'402882f94680252d0146802afaf70044'),('402881ae478627330147862785350000','Chrome','用户: admin[信息部]登录成功',1,'192.168.1.46','2014-07-30 15:24:02',1,'402882f94680252d0146802afaf70044'),('402881ae4786273301478628e7990001','Chrome','用户: admin[信息部]登录成功',1,'192.168.1.46','2014-07-30 15:25:33',1,'402882f94680252d0146802afaf70044'),('402881ae478627330147863ea8900002','Chrome','会议信息删除成功',4,'192.168.1.46','2014-07-30 15:49:19',1,'402882f94680252d0146802afaf70044'),('402881ae478627330147863eeebc0004','Chrome','预约频道信息添加成功',3,'192.168.1.46','2014-07-30 15:49:37',1,'402882f94680252d0146802afaf70044'),('402881ae478627330147863ef80d0006','Chrome','会议直播成功',3,'192.168.1.46','2014-07-30 15:49:39',1,'402882f94680252d0146802afaf70044'),('402881ae478627330147864b13e20007','Chrome','会议信息删除成功',4,'192.168.1.46','2014-07-30 16:02:53',1,'402882f94680252d0146802afaf70044'),('402881ae478627330147864b643c0009','Chrome','预约频道信息添加成功',3,'192.168.1.46','2014-07-30 16:03:13',1,'402882f94680252d0146802afaf70044'),('402881ae478627330147864c3ba9000b','Chrome','会议直播成功',3,'192.168.1.46','2014-07-30 16:04:08',1,'402882f94680252d0146802afaf70044'),('402881ae47864e9c0147864f70280000','Chrome','用户: admin[信息部]登录成功',1,'192.168.1.46','2014-07-30 16:07:38',1,'402882f94680252d0146802afaf70044'),('402881ae47864e9c0147865026020001','Chrome','会议信息删除成功',4,'192.168.1.46','2014-07-30 16:08:25',1,'402882f94680252d0146802afaf70044'),('402881ae47864e9c0147865064290003','Chrome','预约频道信息添加成功',3,'192.168.1.46','2014-07-30 16:08:41',1,'402882f94680252d0146802afaf70044'),('402881ae47864e9c014786507e350005','Chrome','会议直播成功',3,'192.168.1.46','2014-07-30 16:08:47',1,'402882f94680252d0146802afaf70044'),('402881ae47864e9c014786528fe00006','Chrome','用户: admin[信息部]登录成功',1,'192.168.1.46','2014-07-30 16:11:03',1,'402882f94680252d0146802afaf70044'),('402881ae47864e9c01478652b01c0007','Chrome','会议信息删除成功',4,'192.168.1.46','2014-07-30 16:11:11',1,'402882f94680252d0146802afaf70044'),('402881ae47864e9c01478652fee30009','Chrome','预约频道信息添加成功',3,'192.168.1.46','2014-07-30 16:11:31',1,'402882f94680252d0146802afaf70044'),('402881ae47864e9c014786530a2f000b','Chrome','会议直播成功',3,'192.168.1.46','2014-07-30 16:11:34',1,'402882f94680252d0146802afaf70044'),('402881ae47864e9c01478654adb7000c','Chrome','会议信息删除成功',4,'192.168.1.46','2014-07-30 16:13:22',1,'402882f94680252d0146802afaf70044'),('402881ae47864e9c01478654d7a8000e','Chrome','预约频道信息添加成功',3,'192.168.1.46','2014-07-30 16:13:32',1,'402882f94680252d0146802afaf70044'),('402881ae47864e9c01478654e1780010','Chrome','会议直播成功',3,'192.168.1.46','2014-07-30 16:13:35',1,'402882f94680252d0146802afaf70044'),('402881ae47864e9c0147865560c40011','Chrome','用户: admin[信息部]登录成功',1,'192.168.1.46','2014-07-30 16:14:08',1,'402882f94680252d0146802afaf70044'),('402881ae47864e9c01478658b65a0012','Chrome','会议信息删除成功',4,'192.168.1.46','2014-07-30 16:17:46',1,'402882f94680252d0146802afaf70044'),('402881ae47864e9c01478658dc780014','Chrome','预约频道信息添加成功',3,'192.168.1.46','2014-07-30 16:17:56',1,'402882f94680252d0146802afaf70044'),('402881ae47864e9c01478658e7910016','Chrome','会议直播成功',3,'192.168.1.46','2014-07-30 16:17:59',1,'402882f94680252d0146802afaf70044'),('402881ae47865e700147865eb9430000','Chrome','用户: admin[信息部]登录成功',1,'192.168.1.46','2014-07-30 16:24:20',1,'402882f94680252d0146802afaf70044'),('402881ae47865e700147865ed6450001','Chrome','会议信息删除成功',4,'192.168.1.46','2014-07-30 16:24:27',1,'402882f94680252d0146802afaf70044'),('402881ae47865e700147865efaef0003','Chrome','预约频道信息添加成功',3,'192.168.1.46','2014-07-30 16:24:37',1,'402882f94680252d0146802afaf70044'),('402881ae47865e700147865f09300005','Chrome','会议直播成功',3,'192.168.1.46','2014-07-30 16:24:41',1,'402882f94680252d0146802afaf70044'),('402881ae47865e700147865fce880008','Chrome','用户: admin[信息部]登录成功',1,'192.168.1.46','2014-07-30 16:25:31',1,'402882f94680252d0146802afaf70044'),('402881ae47865e700147865fef090009','Chrome','会议信息删除成功',4,'192.168.1.46','2014-07-30 16:25:39',1,'402882f94680252d0146802afaf70044'),('402881ae47865e70014786602897000b','Chrome','预约频道信息添加成功',3,'192.168.1.46','2014-07-30 16:25:54',1,'402882f94680252d0146802afaf70044'),('402881ae47865e70014786602e03000d','Chrome','会议直播成功',3,'192.168.1.46','2014-07-30 16:25:55',1,'402882f94680252d0146802afaf70044'),('402881ae47865e7001478665eb38000e','Chrome','终端信息更新成功',5,'192.168.1.46','2014-07-30 16:32:12',1,'402882f94680252d0146802afaf70044'),('402881ae47865e7001478669908f000f','Chrome','用户admin已退出',2,'192.168.1.46','2014-07-30 16:36:11',1,'402882f94680252d0146802afaf70044'),('402881ae47865e7001478669a2a80010','Chrome','用户: admin[信息部]登录成功',1,'192.168.1.46','2014-07-30 16:36:15',1,'402882f94680252d0146802afaf70044'),('402881ae47865e7001478669bf620011','Chrome','会议信息删除成功',4,'192.168.1.46','2014-07-30 16:36:23',1,'402882f94680252d0146802afaf70044'),('402881ae47865e7001478669ef430013','Chrome','预约频道信息添加成功',3,'192.168.1.46','2014-07-30 16:36:35',1,'402882f94680252d0146802afaf70044'),('402881ae47865e7001478669f6280015','Chrome','会议直播成功',3,'192.168.1.46','2014-07-30 16:36:37',1,'402882f94680252d0146802afaf70044'),('402881ae47865e70014786766d0a0016','Chrome','会议信息删除成功',4,'192.168.1.46','2014-07-30 16:50:13',1,'402882f94680252d0146802afaf70044'),('402881ae47865e7001478676c9550018','Chrome','预约频道信息添加成功',3,'192.168.1.46','2014-07-30 16:50:37',1,'402882f94680252d0146802afaf70044'),('402881ae47865e7001478676d797001a','Chrome','会议直播成功',3,'192.168.1.46','2014-07-30 16:50:41',1,'402882f94680252d0146802afaf70044'),('402881ae4786803801478680a5d90000','Chrome','用户: admin[信息部]登录成功',1,'192.168.1.46','2014-07-30 17:01:23',1,'402882f94680252d0146802afaf70044'),('402881ae4786803801478680cc700001','Chrome','会议信息删除成功',4,'192.168.1.46','2014-07-30 17:01:33',1,'402882f94680252d0146802afaf70044'),('402881ae4786803801478680f9cc0003','Chrome','预约频道信息添加成功',3,'192.168.1.46','2014-07-30 17:01:45',1,'402882f94680252d0146802afaf70044'),('402881ae478680380147868100a80005','Chrome','会议直播成功',3,'192.168.1.46','2014-07-30 17:01:47',1,'402882f94680252d0146802afaf70044'),('402881ae4786f8b1014786f992500000','Chrome','用户: admin[信息部]登录成功',1,'192.168.1.46','2014-07-30 19:13:28',1,'402882f94680252d0146802afaf70044'),('402881ae478a2c4901478a3533050000','Chrome','用户: admin[信息部]登录成功',1,'192.168.2.109','2014-07-31 10:17:28',1,'402882f94680252d0146802afaf70044'),('402881ae478a2c4901478a35c2790001','Chrome','权限: 会议管理被更新成功',5,'192.168.2.109','2014-07-31 10:18:04',1,'402882f94680252d0146802afaf70044'),('402881ae478a2c4901478a35db560002','Chrome','权限: 培训管理被更新成功',5,'192.168.2.109','2014-07-31 10:18:11',1,'402882f94680252d0146802afaf70044'),('402881ae478a2c4901478a36134a0003','Chrome','权限: 终端管理被更新成功',5,'192.168.2.109','2014-07-31 10:18:25',1,'402882f94680252d0146802afaf70044'),('402881ae478a2c4901478a36288f0004','Chrome','权限: 配置管理被更新成功',5,'192.168.2.109','2014-07-31 10:18:30',1,'402882f94680252d0146802afaf70044'),('402881ae478a2c4901478a3657b30005','Chrome','权限: Online 开发被更新成功',5,'192.168.2.109','2014-07-31 10:18:42',1,'402882f94680252d0146802afaf70044'),('402881ae478a2c4901478a3670f40006','Chrome','权限: 系统监控被更新成功',5,'192.168.2.109','2014-07-31 10:18:49',1,'402882f94680252d0146802afaf70044'),('402881ae478a2c4901478a368b2a0007','Chrome','权限: 统计查询被更新成功',5,'192.168.2.109','2014-07-31 10:18:56',1,'402882f94680252d0146802afaf70044'),('402881ae478a2c4901478a36a5220008','Chrome','权限: 常用示例被更新成功',5,'192.168.2.109','2014-07-31 10:19:02',1,'402882f94680252d0146802afaf70044'),('402881ae478a2c4901478a36c5800009','Chrome','用户admin已退出',2,'192.168.2.109','2014-07-31 10:19:11',1,'402882f94680252d0146802afaf70044'),('402881ae478a2c4901478a36d3c6000a','Chrome','用户: admin[信息部]登录成功',1,'192.168.2.109','2014-07-31 10:19:14',1,'402882f94680252d0146802afaf70044'),('402881ae478a2c4901478a5a8efd000b','Chrome','用户: admin[信息部]登录成功',1,'192.168.2.109','2014-07-31 10:58:16',1,'402882f94680252d0146802afaf70044'),('402881ae478a2c4901478a7f46bd000c','Chrome','会议信息删除成功',4,'192.168.2.109','2014-07-31 11:38:22',1,'402882f94680252d0146802afaf70044'),('402881ae478a2c4901478a7f8782000e','Chrome','预约频道信息添加成功',3,'192.168.2.109','2014-07-31 11:38:39',1,'402882f94680252d0146802afaf70044'),('402881ae478a2c4901478a7f92e70010','Chrome','会议直播成功',3,'192.168.2.109','2014-07-31 11:38:42',1,'402882f94680252d0146802afaf70044'),('402881ae478a2c4901478a810db20011','Chrome','会议信息删除成功',4,'192.168.2.109','2014-07-31 11:40:19',1,'402882f94680252d0146802afaf70044'),('402881ae478a2c4901478a813b040013','Chrome','预约频道信息添加成功',3,'192.168.2.109','2014-07-31 11:40:30',1,'402882f94680252d0146802afaf70044'),('402881ae478a2c4901478a8146090015','Chrome','会议直播成功',3,'192.168.2.109','2014-07-31 11:40:33',1,'402882f94680252d0146802afaf70044'),('402881ae478a2c4901478a821a270016','Chrome','会议信息删除成功',4,'192.168.2.109','2014-07-31 11:41:27',1,'402882f94680252d0146802afaf70044'),('402881ae478a2c4901478a8246150018','Chrome','预约频道信息添加成功',3,'192.168.2.109','2014-07-31 11:41:39',1,'402882f94680252d0146802afaf70044'),('402881ae478a2c4901478a8250d8001a','Chrome','会议直播成功',3,'192.168.2.109','2014-07-31 11:41:41',1,'402882f94680252d0146802afaf70044'),('402881ae478a2c4901478a85f695001b','Chrome','会议信息删除成功',4,'192.168.2.109','2014-07-31 11:45:41',1,'402882f94680252d0146802afaf70044'),('402881ae478a2c4901478a861cbe001d','Chrome','预约频道信息添加成功',3,'192.168.2.109','2014-07-31 11:45:50',1,'402882f94680252d0146802afaf70044'),('402881ae478a2c4901478a8626ba001f','Chrome','会议直播成功',3,'192.168.2.109','2014-07-31 11:45:53',1,'402882f94680252d0146802afaf70044'),('402881ae478a2c4901478a8689410020','Chrome','会议信息删除成功',4,'192.168.2.109','2014-07-31 11:46:18',1,'402882f94680252d0146802afaf70044'),('402881ae478a2c4901478a86b23a0022','Chrome','预约频道信息添加成功',3,'192.168.2.109','2014-07-31 11:46:29',1,'402882f94680252d0146802afaf70044'),('402881ae478a2c4901478a86bc610024','Chrome','会议直播成功',3,'192.168.2.109','2014-07-31 11:46:31',1,'402882f94680252d0146802afaf70044'),('402881ae478a2c4901478a8b590e0026','Chrome','会议信息删除成功',4,'192.168.2.109','2014-07-31 11:51:33',1,'402882f94680252d0146802afaf70044'),('402881ae478a2c4901478a8b7e620028','Chrome','预约频道信息添加成功',3,'192.168.2.109','2014-07-31 11:51:43',1,'402882f94680252d0146802afaf70044'),('402881ae478a2c4901478a8b880d002a','Chrome','会议直播成功',3,'192.168.2.109','2014-07-31 11:51:45',1,'402882f94680252d0146802afaf70044'),('402881ae478a2c4901478a8d217d002b','Chrome','会议信息删除成功',4,'192.168.2.109','2014-07-31 11:53:30',1,'402882f94680252d0146802afaf70044'),('402881ae478a2c4901478a8d488e002d','Chrome','预约频道信息添加成功',3,'192.168.2.109','2014-07-31 11:53:40',1,'402882f94680252d0146802afaf70044'),('402881ae478a2c4901478a8d5451002f','Chrome','会议直播成功',3,'192.168.2.109','2014-07-31 11:53:43',1,'402882f94680252d0146802afaf70044'),('402881ae478a2c4901478a8e89060030','Chrome','会议信息删除成功',4,'192.168.2.109','2014-07-31 11:55:02',1,'402882f94680252d0146802afaf70044'),('402881ae478a2c4901478a8ead820032','Chrome','预约频道信息添加成功',3,'192.168.2.109','2014-07-31 11:55:12',1,'402882f94680252d0146802afaf70044'),('402881ae478a2c4901478a8eb8190034','Chrome','会议直播成功',3,'192.168.2.109','2014-07-31 11:55:14',1,'402882f94680252d0146802afaf70044'),('402881ae478a2c4901478a91ae0d0035','Chrome','会议信息删除成功',4,'192.168.2.109','2014-07-31 11:58:28',1,'402882f94680252d0146802afaf70044'),('402881ae478a2c4901478a91d2c50037','Chrome','预约频道信息添加成功',3,'192.168.2.109','2014-07-31 11:58:38',1,'402882f94680252d0146802afaf70044'),('402881ae478a2c4901478a91dcb50039','Chrome','会议直播成功',3,'192.168.2.109','2014-07-31 11:58:40',1,'402882f94680252d0146802afaf70044'),('402881ae478a2c4901478a92efa4003a','Chrome','会议信息删除成功',4,'192.168.2.109','2014-07-31 11:59:51',1,'402882f94680252d0146802afaf70044'),('402881ae478a2c4901478a9a7eab003c','Chrome','预约频道信息添加成功',3,'192.168.2.109','2014-07-31 12:08:06',1,'402882f94680252d0146802afaf70044'),('402881ae478a2c4901478a9a88f5003e','Chrome','会议直播成功',3,'192.168.2.109','2014-07-31 12:08:09',1,'402882f94680252d0146802afaf70044'),('402881ae478a2c4901478a9c939b003f','Chrome','会议信息删除成功',4,'192.168.2.109','2014-07-31 12:10:23',1,'402882f94680252d0146802afaf70044'),('402881ae478a2c4901478a9cbb630041','Chrome','预约频道信息添加成功',3,'192.168.2.109','2014-07-31 12:10:33',1,'402882f94680252d0146802afaf70044'),('402881ae478a2c4901478a9cc58b0043','Chrome','会议直播成功',3,'192.168.2.109','2014-07-31 12:10:35',1,'402882f94680252d0146802afaf70044'),('402881ae478a2c4901478a9e7cd40044','Chrome','会议信息删除成功',4,'192.168.2.109','2014-07-31 12:12:28',1,'402882f94680252d0146802afaf70044'),('402881ae478a2c4901478a9e9ebb0046','Chrome','预约频道信息添加成功',3,'192.168.2.109','2014-07-31 12:12:36',1,'402882f94680252d0146802afaf70044'),('402881ae478a2c4901478a9ea9540048','Chrome','会议直播成功',3,'192.168.2.109','2014-07-31 12:12:39',1,'402882f94680252d0146802afaf70044'),('402881ae478a2c4901478aa049570049','Chrome','会议信息删除成功',4,'192.168.2.109','2014-07-31 12:14:26',1,'402882f94680252d0146802afaf70044'),('402881ae478a2c4901478aa06835004b','Chrome','预约频道信息添加成功',3,'192.168.2.109','2014-07-31 12:14:34',1,'402882f94680252d0146802afaf70044'),('402881ae478a2c4901478aa0730e004d','Chrome','会议直播成功',3,'192.168.2.109','2014-07-31 12:14:36',1,'402882f94680252d0146802afaf70044'),('402881ae478a2c4901478aa1ecd6004e','Chrome','会议信息删除成功',4,'192.168.2.109','2014-07-31 12:16:13',1,'402882f94680252d0146802afaf70044'),('402881ae478a2c4901478aa21c980050','Chrome','预约频道信息添加成功',3,'192.168.2.109','2014-07-31 12:16:25',1,'402882f94680252d0146802afaf70044'),('402881ae478a2c4901478aa2286e0052','Chrome','会议直播成功',3,'192.168.2.109','2014-07-31 12:16:28',1,'402882f94680252d0146802afaf70044'),('402881ae478a2c4901478aae70b30053','Chrome','会议信息删除成功',4,'192.168.2.109','2014-07-31 12:29:53',1,'402882f94680252d0146802afaf70044'),('402881ae478a2c4901478ab0382f0055','Chrome','预约频道信息添加成功',3,'192.168.2.109','2014-07-31 12:31:50',1,'402882f94680252d0146802afaf70044'),('402881ae478a2c4901478ab043ba0057','Chrome','会议直播成功',3,'192.168.2.109','2014-07-31 12:31:53',1,'402882f94680252d0146802afaf70044'),('402881ae478a2c4901478ab0dfd90058','Chrome','会议信息删除成功',4,'192.168.2.109','2014-07-31 12:32:33',1,'402882f94680252d0146802afaf70044'),('402881ae478a2c4901478ab1000d005a','Chrome','预约频道信息添加成功',3,'192.168.2.109','2014-07-31 12:32:41',1,'402882f94680252d0146802afaf70044'),('402881ae478a2c4901478ab10985005c','Chrome','会议直播成功',3,'192.168.2.109','2014-07-31 12:32:43',1,'402882f94680252d0146802afaf70044'),('402881ae478a2c4901478ab12b74005d','Chrome','会议信息删除成功',4,'192.168.2.109','2014-07-31 12:32:52',1,'402882f94680252d0146802afaf70044'),('402881ae478a2c4901478ab154a7005f','Chrome','预约频道信息添加成功',3,'192.168.2.109','2014-07-31 12:33:03',1,'402882f94680252d0146802afaf70044'),('402881ae478a2c4901478ab16d9b0061','Chrome','会议直播成功',3,'192.168.2.109','2014-07-31 12:33:09',1,'402882f94680252d0146802afaf70044'),('402881ae478a2c4901478ab18b140062','Chrome','会议信息删除成功',4,'192.168.2.109','2014-07-31 12:33:17',1,'402882f94680252d0146802afaf70044'),('402881ae478a2c4901478ab217340064','Chrome','预约频道信息添加成功',3,'192.168.2.109','2014-07-31 12:33:52',1,'402882f94680252d0146802afaf70044'),('402881ae478a2c4901478ab221970066','Chrome','会议直播成功',3,'192.168.2.109','2014-07-31 12:33:55',1,'402882f94680252d0146802afaf70044'),('402881ae478a2c4901478ab2e8360067','Chrome','会议信息删除成功',4,'192.168.2.109','2014-07-31 12:34:46',1,'402882f94680252d0146802afaf70044'),('402881ae478a2c4901478ab30bc60069','Chrome','预约频道信息添加成功',3,'192.168.2.109','2014-07-31 12:34:55',1,'402882f94680252d0146802afaf70044'),('402881ae478a2c4901478ab315d7006b','Chrome','会议直播成功',3,'192.168.2.109','2014-07-31 12:34:58',1,'402882f94680252d0146802afaf70044'),('402881ae478a2c4901478ab7dd4f006c','Chrome','会议信息删除成功',4,'192.168.2.109','2014-07-31 12:40:11',1,'402882f94680252d0146802afaf70044'),('402881ae478a2c4901478ab7ffba006e','Chrome','预约频道信息添加成功',3,'192.168.2.109','2014-07-31 12:40:20',1,'402882f94680252d0146802afaf70044'),('402881ae478a2c4901478ab809b40070','Chrome','会议直播成功',3,'192.168.2.109','2014-07-31 12:40:22',1,'402882f94680252d0146802afaf70044'),('402881ae478a2c4901478abae2b80071','Chrome','会议信息删除成功',4,'192.168.2.109','2014-07-31 12:43:29',1,'402882f94680252d0146802afaf70044'),('402881ae478a2c4901478abb07010073','Chrome','预约频道信息添加成功',3,'192.168.2.109','2014-07-31 12:43:38',1,'402882f94680252d0146802afaf70044'),('402881ae478a2c4901478abb12f40075','Chrome','会议直播成功',3,'192.168.2.109','2014-07-31 12:43:41',1,'402882f94680252d0146802afaf70044'),('402881ae478a2c4901478abc7da00076','Chrome','会议信息删除成功',4,'192.168.2.109','2014-07-31 12:45:14',1,'402882f94680252d0146802afaf70044'),('402881ae478a2c4901478abdab670078','Chrome','预约频道信息添加成功',3,'192.168.2.109','2014-07-31 12:46:31',1,'402882f94680252d0146802afaf70044'),('402881ae478a2c4901478abdb702007a','Chrome','会议直播成功',3,'192.168.2.109','2014-07-31 12:46:34',1,'402882f94680252d0146802afaf70044'),('402881ae478a2c4901478abf6459007b','Chrome','会议信息删除成功',4,'192.168.2.109','2014-07-31 12:48:24',1,'402882f94680252d0146802afaf70044'),('402881ae478a2c4901478abf8910007d','Chrome','预约频道信息添加成功',3,'192.168.2.109','2014-07-31 12:48:34',1,'402882f94680252d0146802afaf70044'),('402881ae478a2c4901478abf91a9007f','Chrome','会议直播成功',3,'192.168.2.109','2014-07-31 12:48:36',1,'402882f94680252d0146802afaf70044'),('402881ae478a2c4901478ac184960080','Chrome','会议信息删除成功',4,'192.168.2.109','2014-07-31 12:50:43',1,'402882f94680252d0146802afaf70044'),('402881ae478a2c4901478ac1a8c20082','Chrome','预约频道信息添加成功',3,'192.168.2.109','2014-07-31 12:50:53',1,'402882f94680252d0146802afaf70044'),('402881ae478a2c4901478ac1b44b0084','Chrome','会议直播成功',3,'192.168.2.109','2014-07-31 12:50:56',1,'402882f94680252d0146802afaf70044'),('402881ae478a2c4901478ac236c20085','Chrome','会议信息删除成功',4,'192.168.2.109','2014-07-31 12:51:29',1,'402882f94680252d0146802afaf70044'),('402881ae478a2c4901478ac2769d0087','Chrome','预约频道信息添加成功',3,'192.168.2.109','2014-07-31 12:51:45',1,'402882f94680252d0146802afaf70044'),('402881ae478a2c4901478ac27fe50089','Chrome','会议直播成功',3,'192.168.2.109','2014-07-31 12:51:48',1,'402882f94680252d0146802afaf70044'),('402881ae478a2c4901478ac2cd1b008a','Chrome','会议信息删除成功',4,'192.168.2.109','2014-07-31 12:52:08',1,'402882f94680252d0146802afaf70044'),('402881ae478a2c4901478ac30674008c','Chrome','预约频道信息添加成功',3,'192.168.2.109','2014-07-31 12:52:22',1,'402882f94680252d0146802afaf70044'),('402881ae478a2c4901478ac3162b008e','Chrome','会议直播成功',3,'192.168.2.109','2014-07-31 12:52:26',1,'402882f94680252d0146802afaf70044'),('402881ae478a2c4901478ac75679008f','Chrome','会议信息删除成功',4,'192.168.2.109','2014-07-31 12:57:05',1,'402882f94680252d0146802afaf70044'),('402881ae478a2c4901478aee8a840090','Chrome','用户: admin[信息部]登录成功',1,'192.168.2.109','2014-07-31 13:39:54',1,'402882f94680252d0146802afaf70044'),('402881ae478a2c4901478aeec8b10092','Chrome','预约频道信息添加成功',3,'192.168.2.109','2014-07-31 13:40:10',1,'402882f94680252d0146802afaf70044'),('402881ae478a2c4901478aeed7ca0094','Chrome','会议直播成功',3,'192.168.2.109','2014-07-31 13:40:14',1,'402882f94680252d0146802afaf70044'),('402881ae478a2c4901478af9da8d0095','Chrome','会议信息删除成功',4,'192.168.2.109','2014-07-31 13:52:16',1,'402882f94680252d0146802afaf70044'),('402881ae478a2c4901478af9fd1f0097','Chrome','预约频道信息添加成功',3,'192.168.2.109','2014-07-31 13:52:24',1,'402882f94680252d0146802afaf70044'),('402881ae478a2c4901478afa078b0099','Chrome','会议直播成功',3,'192.168.2.109','2014-07-31 13:52:27',1,'402882f94680252d0146802afaf70044'),('402881ae478a2c4901478afba32e009a','Chrome','会议信息删除成功',4,'192.168.2.109','2014-07-31 13:54:12',1,'402882f94680252d0146802afaf70044'),('402881ae478a2c4901478afbce73009c','Chrome','预约频道信息添加成功',3,'192.168.2.109','2014-07-31 13:54:23',1,'402882f94680252d0146802afaf70044'),('402881ae478a2c4901478afbd94c009e','Chrome','会议直播成功',3,'192.168.2.109','2014-07-31 13:54:26',1,'402882f94680252d0146802afaf70044'),('402881ae478a2c4901478afcbceb009f','Chrome','会议信息删除成功',4,'192.168.2.109','2014-07-31 13:55:25',1,'402882f94680252d0146802afaf70044'),('402881ae478a2c4901478afd4af000a1','Chrome','预约频道信息添加成功',3,'192.168.2.109','2014-07-31 13:56:01',1,'402882f94680252d0146802afaf70044'),('402881ae478a2c4901478afd5bdc00a3','Chrome','会议直播成功',3,'192.168.2.109','2014-07-31 13:56:05',1,'402882f94680252d0146802afaf70044'),('402881ae478a2c4901478afeb61c00a4','Chrome','会议信息删除成功',4,'192.168.2.109','2014-07-31 13:57:34',1,'402882f94680252d0146802afaf70044'),('402881ae478a2c4901478afed68e00a6','Chrome','预约频道信息添加成功',3,'192.168.2.109','2014-07-31 13:57:42',1,'402882f94680252d0146802afaf70044'),('402881ae478a2c4901478afedf8c00a8','Chrome','会议直播成功',3,'192.168.2.109','2014-07-31 13:57:44',1,'402882f94680252d0146802afaf70044'),('402881ae478a2c4901478aff942200a9','Chrome','会议信息删除成功',4,'192.168.2.109','2014-07-31 13:58:31',1,'402882f94680252d0146802afaf70044'),('402881ae478a2c4901478affbca500ab','Chrome','预约频道信息添加成功',3,'192.168.2.109','2014-07-31 13:58:41',1,'402882f94680252d0146802afaf70044'),('402881ae478a2c4901478affc7ce00ad','Chrome','会议直播成功',3,'192.168.2.109','2014-07-31 13:58:44',1,'402882f94680252d0146802afaf70044'),('402881ae478a2c4901478afff0e000ae','Chrome','会议信息删除成功',4,'192.168.2.109','2014-07-31 13:58:54',1,'402882f94680252d0146802afaf70044'),('402881ae478a2c4901478b00162c00b0','Chrome','预约频道信息添加成功',3,'192.168.2.109','2014-07-31 13:59:04',1,'402882f94680252d0146802afaf70044'),('402881ae478a2c4901478b001ea500b2','Chrome','会议直播成功',3,'192.168.2.109','2014-07-31 13:59:06',1,'402882f94680252d0146802afaf70044'),('402881ae478a2c4901478b0117f000b3','Chrome','会议信息删除成功',4,'192.168.2.109','2014-07-31 14:00:10',1,'402882f94680252d0146802afaf70044'),('402881ae478a2c4901478b01cbe000b5','Chrome','预约频道信息添加成功',3,'192.168.2.109','2014-07-31 14:00:56',1,'402882f94680252d0146802afaf70044'),('402881ae478a2c4901478b01d45f00b7','Chrome','会议直播成功',3,'192.168.2.109','2014-07-31 14:00:58',1,'402882f94680252d0146802afaf70044'),('402881ae478a2c4901478b02eb2a00b8','Chrome','会议信息删除成功',4,'192.168.2.109','2014-07-31 14:02:10',1,'402882f94680252d0146802afaf70044'),('402881ae478a2c4901478b034e8f00ba','Chrome','预约频道信息添加成功',3,'192.168.2.109','2014-07-31 14:02:35',1,'402882f94680252d0146802afaf70044'),('402881ae478a2c4901478b03585200bc','Chrome','会议直播成功',3,'192.168.2.109','2014-07-31 14:02:38',1,'402882f94680252d0146802afaf70044'),('402881ae478a2c4901478b0e076b00bd','Chrome','会议信息删除成功',4,'192.168.2.109','2014-07-31 14:14:18',1,'402882f94680252d0146802afaf70044'),('402881ae478a2c4901478b0e235200bf','Chrome','预约频道信息添加成功',3,'192.168.2.109','2014-07-31 14:14:25',1,'402882f94680252d0146802afaf70044'),('402881ae478a2c4901478b0e2c2200c1','Chrome','会议直播成功',3,'192.168.2.109','2014-07-31 14:14:27',1,'402882f94680252d0146802afaf70044'),('402881ae478a2c4901478b0f4ad100c2','Chrome','会议信息删除成功',4,'192.168.2.109','2014-07-31 14:15:41',1,'402882f94680252d0146802afaf70044'),('402881ae478a2c4901478b0f681400c4','Chrome','预约频道信息添加成功',3,'192.168.2.109','2014-07-31 14:15:48',1,'402882f94680252d0146802afaf70044'),('402881ae478a2c4901478b0f71b400c6','Chrome','会议直播成功',3,'192.168.2.109','2014-07-31 14:15:50',1,'402882f94680252d0146802afaf70044'),('402881ae478a2c4901478b10f8a600c7','Chrome','会议信息删除成功',4,'192.168.2.109','2014-07-31 14:17:31',1,'402882f94680252d0146802afaf70044'),('402881ae478a2c4901478b11183400c9','Chrome','预约频道信息添加成功',3,'192.168.2.109','2014-07-31 14:17:39',1,'402882f94680252d0146802afaf70044'),('402881ae478a2c4901478b11216700cb','Chrome','会议直播成功',3,'192.168.2.109','2014-07-31 14:17:41',1,'402882f94680252d0146802afaf70044'),('402881ae478a2c4901478b14871500cc','Chrome','会议信息删除成功',4,'192.168.2.109','2014-07-31 14:21:24',1,'402882f94680252d0146802afaf70044'),('402881ae478a2c4901478b14a5d200ce','Chrome','预约频道信息添加成功',3,'192.168.2.109','2014-07-31 14:21:31',1,'402882f94680252d0146802afaf70044'),('402881ae478a2c4901478b14b34500d0','Chrome','会议直播成功',3,'192.168.2.109','2014-07-31 14:21:35',1,'402882f94680252d0146802afaf70044'),('402881ae478a2c4901478b15bbc700d1','Chrome','会议信息删除成功',4,'192.168.2.109','2014-07-31 14:22:43',1,'402882f94680252d0146802afaf70044'),('402881ae478a2c4901478b15ecdd00d3','Chrome','预约频道信息添加成功',3,'192.168.2.109','2014-07-31 14:22:55',1,'402882f94680252d0146802afaf70044'),('402881ae478a2c4901478b15f8e100d5','Chrome','会议直播成功',3,'192.168.2.109','2014-07-31 14:22:58',1,'402882f94680252d0146802afaf70044'),('402881ae478a2c4901478b17ac3a00d6','Chrome','会议信息删除成功',4,'192.168.2.109','2014-07-31 14:24:50',1,'402882f94680252d0146802afaf70044'),('402881ae478a2c4901478b17cea600d8','Chrome','预约频道信息添加成功',3,'192.168.2.109','2014-07-31 14:24:59',1,'402882f94680252d0146802afaf70044'),('402881ae478a2c4901478b17d77f00da','Chrome','会议直播成功',3,'192.168.2.109','2014-07-31 14:25:01',1,'402882f94680252d0146802afaf70044'),('402881ae478a2c4901478b1d40c700db','Chrome','会议信息删除成功',4,'192.168.2.109','2014-07-31 14:30:55',1,'402882f94680252d0146802afaf70044'),('402881ae478a2c4901478b1d635600dd','Chrome','预约频道信息添加成功',3,'192.168.2.109','2014-07-31 14:31:04',1,'402882f94680252d0146802afaf70044'),('402881ae478a2c4901478b1d6d0c00df','Chrome','会议直播成功',3,'192.168.2.109','2014-07-31 14:31:07',1,'402882f94680252d0146802afaf70044'),('402881ae478a2c4901478b1de5d800e0','Chrome','会议信息删除成功',4,'192.168.2.109','2014-07-31 14:31:38',1,'402882f94680252d0146802afaf70044'),('402881ae478a2c4901478b1e073900e2','Chrome','预约频道信息添加成功',3,'192.168.2.109','2014-07-31 14:31:46',1,'402882f94680252d0146802afaf70044'),('402881ae478a2c4901478b1e714e00e4','Chrome','预约频道信息添加成功',3,'192.168.2.109','2014-07-31 14:32:13',1,'402882f94680252d0146802afaf70044'),('402881ae478a2c4901478b1e7ab800e6','Chrome','会议直播成功',3,'192.168.2.109','2014-07-31 14:32:16',1,'402882f94680252d0146802afaf70044'),('402881ae478a2c4901478b20c95d00e7','Chrome','会议信息删除成功',4,'192.168.2.109','2014-07-31 14:34:47',1,'402882f94680252d0146802afaf70044'),('402881ae478a2c4901478b21065000e9','Chrome','预约频道信息添加成功',3,'192.168.2.109','2014-07-31 14:35:03',1,'402882f94680252d0146802afaf70044'),('402881ae478a2c4901478b2110e400eb','Chrome','会议直播成功',3,'192.168.2.109','2014-07-31 14:35:05',1,'402882f94680252d0146802afaf70044'),('402881ae478a2c4901478b24846c00ec','Chrome','会议信息删除成功',4,'192.168.2.109','2014-07-31 14:38:52',1,'402882f94680252d0146802afaf70044'),('402881ae478a2c4901478b25533e00ee','Chrome','预约频道信息添加成功',3,'192.168.2.109','2014-07-31 14:39:44',1,'402882f94680252d0146802afaf70044'),('402881ae478a2c4901478b255cd300f0','Chrome','会议直播成功',3,'192.168.2.109','2014-07-31 14:39:47',1,'402882f94680252d0146802afaf70044'),('402881ae47b5356a0147b5360ded0000','Chrome','用户: admin[信息部]登录成功',1,'192.168.1.46','2014-08-08 18:42:04',1,'402882f94680252d0146802afaf70044'),('402881ae47b5356a0147b539f46f0002','Chrome','预约频道信息添加成功',3,'192.168.1.46','2014-08-08 18:46:20',1,'402882f94680252d0146802afaf70044'),('402881ae47b5356a0147b539fe980004','Chrome','会议直播成功',3,'192.168.1.46','2014-08-08 18:46:22',1,'402882f94680252d0146802afaf70044'),('402881ae47b5356a0147b53ff020000b','Chrome','预约频道信息添加成功',3,'192.168.1.46','2014-08-08 18:52:52',1,'402882f94680252d0146802afaf70044'),('402881ae47b5356a0147b53ff4c2000d','Chrome','会议直播成功',3,'192.168.1.46','2014-08-08 18:52:53',1,'402882f94680252d0146802afaf70044'),('402881f2471f027901471f03875c0000','Chrome','用户: admin[信息部]登录成功',1,'192.168.1.114','2014-07-10 14:43:50',1,'402882f94680252d0146802afaf70044'),('402881f2471f027901471f04165d0002','Chrome','会议预约启用成功',5,'192.168.1.114','2014-07-10 14:44:27',1,'402882f94680252d0146802afaf70044'),('402881f2471f027901471f1becd40004','Chrome','会议预约启用成功',5,'192.168.1.114','2014-07-10 15:10:29',1,'402882f94680252d0146802afaf70044'),('402881f2471f027901471f228c7c0006','Chrome','会议预约取消成功',5,'192.168.1.114','2014-07-10 15:17:43',1,'402882f94680252d0146802afaf70044'),('402881f2471f027901471f257f880008','Chrome','会议预约启用成功',5,'192.168.1.114','2014-07-10 15:20:56',1,'402882f94680252d0146802afaf70044'),('402881f2471f4c6d01471f4de4d20000','Chrome','用户: admin[信息部]登录成功',1,'192.168.1.114','2014-07-10 16:05:04',1,'402882f94680252d0146802afaf70044'),('402881f2471f611701471f6161d10000','Chrome','用户: admin[信息部]登录成功',1,'192.168.1.114','2014-07-10 16:26:21',1,'402882f94680252d0146802afaf70044'),('402881f2471f611701471f6423950013','Chrome','会议预约启用成功',5,'192.168.1.114','2014-07-10 16:29:22',1,'402882f94680252d0146802afaf70044'),('402881f2471f611701471f65001e0014','Chrome','会议预约删除成功',4,'192.168.1.114','2014-07-10 16:30:18',1,'402882f94680252d0146802afaf70044'),('402881f2471f611701471f650ab80015','Chrome','会议预约删除成功',4,'192.168.1.114','2014-07-10 16:30:21',1,'402882f94680252d0146802afaf70044'),('402881f2471f611701471f6512c60016','Chrome','会议预约删除成功',4,'192.168.1.114','2014-07-10 16:30:23',1,'402882f94680252d0146802afaf70044'),('402881f2471f611701471f651a360017','Chrome','会议预约删除成功',4,'192.168.1.114','2014-07-10 16:30:25',1,'402882f94680252d0146802afaf70044'),('402881f2471f611701471f657fd10019','Chrome','预约频道信息添加成功',3,'192.168.1.114','2014-07-10 16:30:51',1,'402882f94680252d0146802afaf70044'),('402881f2471f611701471f65888c001b','Chrome','会议预约添加成功',3,'192.168.1.114','2014-07-10 16:30:53',1,'402882f94680252d0146802afaf70044'),('402881f2471f611701471f65ea14001d','Chrome','预约频道信息添加成功',3,'192.168.1.114','2014-07-10 16:31:18',1,'402882f94680252d0146802afaf70044'),('402881f2471f611701471f65f1ab001f','Chrome','会议预约添加成功',3,'192.168.1.114','2014-07-10 16:31:20',1,'402882f94680252d0146802afaf70044'),('402881f2471f611701471f66094f0021','Chrome','会议预约启用成功',5,'192.168.1.114','2014-07-10 16:31:26',1,'402882f94680252d0146802afaf70044'),('402881f2471f611701471f66d2c60023','Chrome','会议预约启用成功',5,'192.168.1.114','2014-07-10 16:32:18',1,'402882f94680252d0146802afaf70044'),('402881f2471f611701471f7592610025','Chrome','预约频道信息添加成功',3,'192.168.1.114','2014-07-10 16:48:24',1,'402882f94680252d0146802afaf70044'),('402881f2471f77f501471f78ae770000','Chrome','用户: admin[信息部]登录成功',1,'192.168.1.114','2014-07-10 16:51:48',1,'402882f94680252d0146802afaf70044'),('402881f2471f77f501471f7911a70002','Chrome','预约频道信息添加成功',3,'192.168.1.114','2014-07-10 16:52:13',1,'402882f94680252d0146802afaf70044'),('402881f2471f77f501471f793a1c0004','Chrome','会议预约添加成功',3,'192.168.1.114','2014-07-10 16:52:24',1,'402882f94680252d0146802afaf70044'),('402881f2471f77f501471f7c40ca0006','Chrome','预约频道信息添加成功',3,'192.168.1.114','2014-07-10 16:55:42',1,'402882f94680252d0146802afaf70044'),('402881f2471f77f501471f7c62ca0008','Chrome','会议预约添加成功',3,'192.168.1.114','2014-07-10 16:55:51',1,'402882f94680252d0146802afaf70044'),('402881f2471f77f501471f964636000a','Chrome','会议预约启用成功',5,'192.168.1.114','2014-07-10 17:24:07',1,'402882f94680252d0146802afaf70044'),('402881f2471f77f501471f9a6c01000c','Chrome','会议预约启用成功',5,'192.168.1.114','2014-07-10 17:28:39',1,'402882f94680252d0146802afaf70044'),('402881f2471f77f501471f9c9850000e','Chrome','会议预约启用成功',5,'192.168.1.114','2014-07-10 17:31:02',1,'402882f94680252d0146802afaf70044'),('402881f2471f77f501471f9e54680010','Chrome','会议预约启用成功',5,'192.168.1.114','2014-07-10 17:32:55',1,'402882f94680252d0146802afaf70044'),('402881f2471f77f501471f9eb33d0011','Chrome','会议预约删除成功',4,'192.168.1.114','2014-07-10 17:33:20',1,'402882f94680252d0146802afaf70044'),('402881f2471f77f501471f9ec9760012','Chrome','会议信息删除成功',4,'192.168.1.114','2014-07-10 17:33:25',1,'402882f94680252d0146802afaf70044'),('402881f2471f77f501471f9ed1c90013','Chrome','会议信息删除成功',4,'192.168.1.114','2014-07-10 17:33:27',1,'402882f94680252d0146802afaf70044'),('402881f2471f77f501471f9edb2d0014','Chrome','会议信息删除成功',4,'192.168.1.114','2014-07-10 17:33:30',1,'402882f94680252d0146802afaf70044'),('402881f2471f77f501471f9ee5be0015','Chrome','会议信息删除成功',4,'192.168.1.114','2014-07-10 17:33:32',1,'402882f94680252d0146802afaf70044'),('402881f2471f77f501471fa53c4d0017','Chrome','类型分组: 直播会议状态被添加成功',3,'192.168.1.114','2014-07-10 17:40:28',1,'402882f94680252d0146802afaf70044'),('402881f2471f77f501471fa5f5770019','Chrome','类型: live被添加成功',3,'192.168.1.114','2014-07-10 17:41:15',1,'402882f94680252d0146802afaf70044'),('402881f2471f77f501471fa6a42a001b','Chrome','类型: 直播并录制中被添加成功',3,'192.168.1.114','2014-07-10 17:42:00',1,'402882f94680252d0146802afaf70044'),('402881f2471f77f501471fa6cca7001c','Chrome','类型: 直播中被更新成功',5,'192.168.1.114','2014-07-10 17:42:10',1,'402882f94680252d0146802afaf70044'),('402881f2471f77f501471fa6ec7f001e','Chrome','类型: 已结束被添加成功',3,'192.168.1.114','2014-07-10 17:42:19',1,'402882f94680252d0146802afaf70044'),('402881f2471f77f501471fa70dea0020','Chrome','类型: 已延时被添加成功',3,'192.168.1.114','2014-07-10 17:42:27',1,'402882f94680252d0146802afaf70044'),('402881f2471f77f501471fabfb970022','Chrome','预约频道信息添加成功',3,'192.168.1.114','2014-07-10 17:47:50',1,'402882f94680252d0146802afaf70044'),('402881f2471f77f501471fac03220024','Chrome','会议预约添加成功',3,'192.168.1.114','2014-07-10 17:47:52',1,'402882f94680252d0146802afaf70044'),('402881f2471f77f501471fae3e990026','Chrome','会议预约启用成功',5,'192.168.1.114','2014-07-10 17:50:18',1,'402882f94680252d0146802afaf70044'),('402881f2471fc53801471fc5739f0000','Chrome','用户: admin[信息部]登录成功',1,'192.168.1.114','2014-07-10 18:15:39',1,'402882f94680252d0146802afaf70044'),('402881f2471fc53801471fc595be0002','Chrome','会议预约启用成功',5,'192.168.1.114','2014-07-10 18:15:48',1,'402882f94680252d0146802afaf70044'),('402881f2471fc7ad01471fc999ee0000','Chrome','用户: admin[信息部]登录成功',1,'192.168.1.114','2014-07-10 18:20:11',1,'402882f94680252d0146802afaf70044'),('402881f2471fc7ad01471fce55230002','Chrome','预约频道信息添加成功',3,'192.168.1.114','2014-07-10 18:25:21',1,'402882f94680252d0146802afaf70044'),('402881f2471fc7ad01471fce5a000004','Chrome','会议预约添加成功',3,'192.168.1.114','2014-07-10 18:25:22',1,'402882f94680252d0146802afaf70044'),('402881f2471fc7ad01471fceccd20006','Chrome','会议预约启用成功',5,'192.168.1.114','2014-07-10 18:25:52',1,'402882f94680252d0146802afaf70044'),('402881f2471fc7ad01471fd0082e0007','Chrome','会议信息更新成功',5,'192.168.1.114','2014-07-10 18:27:13',1,'402882f94680252d0146802afaf70044'),('402881f24723348a01472334f2160000','Chrome','用户: admin[信息部]登录成功',1,'192.168.1.114','2014-07-11 10:16:18',1,'402882f94680252d0146802afaf70044'),('402881f24723348a01472348bff90002','Chrome','预约频道信息添加成功',3,'192.168.1.114','2014-07-11 10:37:56',1,'402882f94680252d0146802afaf70044'),('402881f24723348a01472348f85e0004','Chrome','预约频道信息添加成功',3,'192.168.1.114','2014-07-11 10:38:10',1,'402882f94680252d0146802afaf70044'),('402881f24723348a0147234b44120006','Chrome','预约频道信息添加成功',3,'192.168.1.114','2014-07-11 10:40:40',1,'402882f94680252d0146802afaf70044'),('402881f24723348a0147234e3e160008','Chrome','预约频道信息添加成功',3,'192.168.1.114','2014-07-11 10:43:56',1,'402882f94680252d0146802afaf70044'),('402881f24723348a0147234e6290000a','Chrome','预约频道信息添加成功',3,'192.168.1.114','2014-07-11 10:44:05',1,'402882f94680252d0146802afaf70044'),('402881f24723348a0147234f506c000c','Chrome','预约频道信息添加成功',3,'192.168.1.114','2014-07-11 10:45:06',1,'402882f94680252d0146802afaf70044'),('402881f24723348a0147234ffebc000e','Chrome','预约频道信息添加成功',3,'192.168.1.114','2014-07-11 10:45:50',1,'402882f94680252d0146802afaf70044'),('402881f24723348a014723502e580010','Chrome','预约频道信息添加成功',3,'192.168.1.114','2014-07-11 10:46:03',1,'402882f94680252d0146802afaf70044'),('402881f24723348a0147235047440012','Chrome','预约频道信息添加成功',3,'192.168.1.114','2014-07-11 10:46:09',1,'402882f94680252d0146802afaf70044'),('402881f24723348a0147235134800014','Chrome','预约频道信息添加成功',3,'192.168.1.114','2014-07-11 10:47:10',1,'402882f94680252d0146802afaf70044'),('402881f24723348a014723520d910016','Chrome','预约频道信息添加成功',3,'192.168.1.114','2014-07-11 10:48:05',1,'402882f94680252d0146802afaf70044'),('402881f24723348a0147236ff8710018','Chrome','预约频道信息添加成功',3,'192.168.1.114','2014-07-11 11:20:46',1,'402882f94680252d0146802afaf70044'),('402881f24723348a014723708e94001a','Chrome','会议直播成功',3,'192.168.1.114','2014-07-11 11:21:24',1,'402882f94680252d0146802afaf70044'),('402881f24723348a01472372ed3c001b','Chrome','会议信息删除成功',4,'192.168.1.114','2014-07-11 11:24:00',1,'402882f94680252d0146802afaf70044'),('402881f24723348a014723730973001d','Chrome','预约频道信息添加成功',3,'192.168.1.114','2014-07-11 11:24:07',1,'402882f94680252d0146802afaf70044'),('402881f24723348a0147237339a9001f','Chrome','会议直播成功',3,'192.168.1.114','2014-07-11 11:24:19',1,'402882f94680252d0146802afaf70044'),('402881f24723348a01472375e88d0020','Chrome','会议信息删除成功',4,'192.168.1.114','2014-07-11 11:27:15',1,'402882f94680252d0146802afaf70044'),('402881f24723348a014723761d5e0022','Chrome','预约频道信息添加成功',3,'192.168.1.114','2014-07-11 11:27:29',1,'402882f94680252d0146802afaf70044'),('402881f24723348a01472376253c0024','Chrome','会议直播成功',3,'192.168.1.114','2014-07-11 11:27:31',1,'402882f94680252d0146802afaf70044'),('402881f24723348a01472381dd0a0025','Chrome','会议信息删除成功',4,'192.168.1.114','2014-07-11 11:40:19',1,'402882f94680252d0146802afaf70044'),('402881f24723348a0147238522990027','Chrome','预约频道信息添加成功',3,'192.168.1.114','2014-07-11 11:43:53',1,'402882f94680252d0146802afaf70044'),('402881f24723348a014723870e920029','Chrome','预约频道信息添加成功',3,'192.168.1.114','2014-07-11 11:45:59',1,'402882f94680252d0146802afaf70044'),('402881f24723348a0147238714bd002b','Chrome','会议直播成功',3,'192.168.1.114','2014-07-11 11:46:01',1,'402882f94680252d0146802afaf70044'),('402881f24723348a01472388fcc6002c','Chrome','会议信息删除成功',4,'192.168.1.114','2014-07-11 11:48:05',1,'402882f94680252d0146802afaf70044'),('402881f24723348a0147238929c9002e','Chrome','预约频道信息添加成功',3,'192.168.1.114','2014-07-11 11:48:17',1,'402882f94680252d0146802afaf70044'),('402881f24723348a0147238936680030','Chrome','会议直播成功',3,'192.168.1.114','2014-07-11 11:48:20',1,'402882f94680252d0146802afaf70044'),('402881f24723348a0147238afb610031','Chrome','会议信息删除成功',4,'192.168.1.114','2014-07-11 11:50:16',1,'402882f94680252d0146802afaf70044'),('402881f24723348a0147238b7c980033','Chrome','预约频道信息添加成功',3,'192.168.1.114','2014-07-11 11:50:49',1,'402882f94680252d0146802afaf70044'),('402881f24723348a0147238b88bc0035','Chrome','会议直播成功',3,'192.168.1.114','2014-07-11 11:50:52',1,'402882f94680252d0146802afaf70044'),('402881f24723348a0147238ec1fd0037','Chrome','预约频道信息添加成功',3,'192.168.1.114','2014-07-11 11:54:24',1,'402882f94680252d0146802afaf70044'),('402881f24723348a0147238ec95d0039','Chrome','会议直播成功',3,'192.168.1.114','2014-07-11 11:54:26',1,'402882f94680252d0146802afaf70044'),('402881f24723348a0147238fb320003b','Chrome','预约频道信息添加成功',3,'192.168.1.114','2014-07-11 11:55:25',1,'402882f94680252d0146802afaf70044'),('402881f24723348a0147238fc215003d','Chrome','会议直播成功',3,'192.168.1.114','2014-07-11 11:55:29',1,'402882f94680252d0146802afaf70044'),('402881f24723348a014723939626003f','Chrome','预约频道信息添加成功',3,'192.168.1.114','2014-07-11 11:59:40',1,'402882f94680252d0146802afaf70044'),('402881f24723348a014723939c550041','Chrome','会议直播成功',3,'192.168.1.114','2014-07-11 11:59:42',1,'402882f94680252d0146802afaf70044'),('402881f24723348a01472393f1f70042','Chrome','会议信息删除成功',4,'192.168.1.114','2014-07-11 12:00:04',1,'402882f94680252d0146802afaf70044'),('402881f24723348a01472393fa140043','Chrome','会议信息删除成功',4,'192.168.1.114','2014-07-11 12:00:06',1,'402882f94680252d0146802afaf70044'),('402881f24723348a0147239404ee0044','Chrome','会议信息删除成功',4,'192.168.1.114','2014-07-11 12:00:08',1,'402882f94680252d0146802afaf70044'),('402881f24723348a014723940da80045','Chrome','会议信息删除成功',4,'192.168.1.114','2014-07-11 12:00:11',1,'402882f94680252d0146802afaf70044'),('402882ed46c7680f0146c76acc3a0000','Chrome','用户: admin[信息部]登录成功',1,'192.168.2.109','2014-06-23 14:30:03',1,'402882f94680252d0146802afaf70044'),('402882ed46c7680f0146c790c4330001','Chrome','用户: admin[信息部]登录成功',1,'192.168.2.109','2014-06-23 15:11:31',1,'402882f94680252d0146802afaf70044'),('402882ed46c815750146c81686510000','Chrome','用户: admin[信息部]登录成功',1,'192.168.2.109','2014-06-23 17:37:37',1,'402882f94680252d0146802afaf70044'),('402882ed46c81c060146c81c7e8d0000','Chrome','用户: admin[信息部]登录成功',1,'192.168.2.109','2014-06-23 17:44:09',1,'402882f94680252d0146802afaf70044'),('402882ed46c820810146c8211c9f0000','Chrome','用户: admin[信息部]登录成功',1,'192.168.2.109','2014-06-23 17:49:11',1,'402882f94680252d0146802afaf70044'),('402882ed46c827860146c827d2580000','Chrome','用户: admin[信息部]登录成功',1,'192.168.2.109','2014-06-23 17:56:31',1,'402882f94680252d0146802afaf70044'),('402882ed46c8297e0146c829c79f0000','Chrome','用户: admin[信息部]登录成功',1,'192.168.2.109','2014-06-23 17:58:39',1,'402882f94680252d0146802afaf70044'),('402882ed46cbaaf10146cbad64640000','Chrome','用户: admin[信息部]登录成功',1,'192.168.2.109','2014-06-24 10:21:16',1,'402882f94680252d0146802afaf70044'),('402882ed46cbb2210146cbb276f70000','Chrome','用户: admin[信息部]登录成功',1,'192.168.2.109','2014-06-24 10:26:49',1,'402882f94680252d0146802afaf70044'),('402882ed46cbb6be0146cbb7005d0000','Chrome','用户: admin[信息部]登录成功',1,'192.168.2.109','2014-06-24 10:31:46',1,'402882f94680252d0146802afaf70044'),('402882ed46cbb6be0146cbb74d1e0002','Chrome','预约频道信息添加成功',3,'192.168.2.109','2014-06-24 10:32:06',1,'402882f94680252d0146802afaf70044'),('402882ed46cbbfa60146cbc034dd0000','Chrome','用户: admin[信息部]登录成功',1,'192.168.2.109','2014-06-24 10:41:49',1,'402882f94680252d0146802afaf70044'),('402882ed46cbc4460146cbc48b4c0000','Chrome','用户: admin[信息部]登录成功',1,'192.168.2.109','2014-06-24 10:46:34',1,'402882f94680252d0146802afaf70044'),('402882ed46cbc4460146cbc4be670002','Chrome','预约频道信息添加成功',3,'192.168.2.109','2014-06-24 10:46:47',1,'402882f94680252d0146802afaf70044'),('402882ed46cbc85e0146cbc8f1180000','Chrome','用户: admin[信息部]登录成功',1,'192.168.2.109','2014-06-24 10:51:22',1,'402882f94680252d0146802afaf70044'),('402882ed46cbea180146cbeaa3dd0000','Chrome','用户: admin[信息部]登录成功',1,'192.168.2.109','2014-06-24 11:28:10',1,'402882f94680252d0146802afaf70044'),('402882ed46cbf1460146cbf247250000','Chrome','用户: admin[信息部]登录成功',1,'192.168.2.109','2014-06-24 11:36:31',1,'402882f94680252d0146802afaf70044'),('402882ed46cc7cf00146cc7d4c340000','Chrome','用户: admin[信息部]登录成功',1,'192.168.2.109','2014-06-24 14:08:22',1,'402882f94680252d0146802afaf70044'),('402882ed46cc86250146cc8675170000','Chrome','用户: admin[信息部]登录成功',1,'192.168.2.109','2014-06-24 14:18:22',1,'402882f94680252d0146802afaf70044'),('402882ed46cc92740146cc92c4820000','Chrome','用户: admin[信息部]登录成功',1,'192.168.2.109','2014-06-24 14:31:49',1,'402882f94680252d0146802afaf70044'),('402882ed46cc92740146cc93e65a0002','Chrome','预约频道信息添加成功',3,'192.168.2.109','2014-06-24 14:33:03',1,'402882f94680252d0146802afaf70044'),('402882ed46cc92740146cc9688a10004','Chrome','预约频道信息添加成功',3,'192.168.2.109','2014-06-24 14:35:55',1,'402882f94680252d0146802afaf70044'),('402882ed46cc92740146cc98948a0006','Chrome','预约频道信息添加成功',3,'192.168.2.109','2014-06-24 14:38:10',1,'402882f94680252d0146802afaf70044'),('402882ed46cca1300146cca17d7e0000','Chrome','用户: admin[信息部]登录成功',1,'192.168.2.109','2014-06-24 14:47:53',1,'402882f94680252d0146802afaf70044'),('402882ed46cca3f50146cca49df70000','Chrome','用户: admin[信息部]登录成功',1,'192.168.2.109','2014-06-24 14:51:18',1,'402882f94680252d0146802afaf70044'),('402882ed46ccabd00146ccac19ac0000','Chrome','用户: admin[信息部]登录成功',1,'192.168.2.109','2014-06-24 14:59:29',1,'402882f94680252d0146802afaf70044'),('402882ed46ccabd00146ccafcbbc0002','Chrome','预约频道信息添加成功',3,'192.168.2.109','2014-06-24 15:03:31',1,'402882f94680252d0146802afaf70044'),('402882ed46ccbdd70146ccbe19980000','Chrome','用户: admin[信息部]登录成功',1,'192.168.2.109','2014-06-24 15:19:08',1,'402882f94680252d0146802afaf70044'),('402882ed46ccc4290146ccc495280000','Chrome','用户: admin[信息部]登录成功',1,'192.168.2.109','2014-06-24 15:26:13',1,'402882f94680252d0146802afaf70044'),('402882ed46ccc6c90146ccc752020000','Chrome','用户: admin[信息部]登录成功',1,'192.168.2.109','2014-06-24 15:29:13',1,'402882f94680252d0146802afaf70044'),('402882ed46ccccef0146ccd069790000','Chrome','用户: admin[信息部]登录成功',1,'192.168.2.109','2014-06-24 15:39:09',1,'402882f94680252d0146802afaf70044'),('402882ed46ccd2130146ccd25a310000','Chrome','用户: admin[信息部]登录成功',1,'192.168.2.109','2014-06-24 15:41:16',1,'402882f94680252d0146802afaf70044'),('402882ed46ccdcfe0146ccdd760b0000','Chrome','用户: admin[信息部]登录成功',1,'192.168.2.109','2014-06-24 15:53:24',1,'402882f94680252d0146802afaf70044'),('402882ed46cce16f0146cce1debe0000','Chrome','用户: admin[信息部]登录成功',1,'192.168.2.109','2014-06-24 15:58:13',1,'402882f94680252d0146802afaf70044'),('402882ed46cce16f0146cce4d68e0002','Chrome','预约频道信息添加成功',3,'192.168.2.109','2014-06-24 16:01:27',1,'402882f94680252d0146802afaf70044'),('402882ed46cce16f0146cce7a9870004','Chrome','预约频道信息添加成功',3,'192.168.2.109','2014-06-24 16:04:32',1,'402882f94680252d0146802afaf70044'),('402882ed46ccee710146cd0ce9b90000','Chrome','用户: admin[信息部]登录成功',1,'192.168.2.109','2014-06-24 16:45:14',1,'402882f94680252d0146802afaf70044'),('402882ed46ccee710146cd0d4a350002','Chrome','预约频道信息添加成功',3,'192.168.2.109','2014-06-24 16:45:38',1,'402882f94680252d0146802afaf70044'),('402882ed46ccee710146cd14c8880004','Chrome','预约频道信息添加成功',3,'192.168.2.109','2014-06-24 16:53:49',1,'402882f94680252d0146802afaf70044'),('402882ed46cd26910146cd270dc40000','Chrome','用户: admin[信息部]登录成功',1,'192.168.2.109','2014-06-24 17:13:47',1,'402882f94680252d0146802afaf70044'),('402882ed46cd26910146cd27b0930002','Chrome','预约频道信息添加成功',3,'192.168.2.109','2014-06-24 17:14:28',1,'402882f94680252d0146802afaf70044'),('402882ed46cd26910146cd39ef3b0004','Chrome','预约频道信息添加成功',3,'192.168.2.109','2014-06-24 17:34:24',1,'402882f94680252d0146802afaf70044'),('402882ed46cd26910146cd3f7b450006','Chrome','预约频道信息添加成功',3,'192.168.2.109','2014-06-24 17:40:28',1,'402882f94680252d0146802afaf70044'),('402882ed46cd26910146cd43513e0008','Chrome','预约频道信息添加成功',3,'192.168.2.109','2014-06-24 17:44:39',1,'402882f94680252d0146802afaf70044'),('402882ed46cd26910146cd47a101000a','Chrome','预约频道信息添加成功',3,'192.168.2.109','2014-06-24 17:49:22',1,'402882f94680252d0146802afaf70044'),('402882ed46cd26910146cd485186000c','Chrome','预约频道信息添加成功',3,'192.168.2.109','2014-06-24 17:50:07',1,'402882f94680252d0146802afaf70044'),('402882ed46cd52ba0146cd5313440000','Chrome','用户: admin[信息部]登录成功',1,'192.168.2.109','2014-06-24 18:01:52',1,'402882f94680252d0146802afaf70044'),('402882ed46cd52ba0146cd53715b0002','Chrome','预约频道信息添加成功',3,'192.168.2.109','2014-06-24 18:02:16',1,'402882f94680252d0146802afaf70044'),('402882ed46cd52ba0146cd557ba90004','Chrome','预约频道信息添加成功',3,'192.168.2.109','2014-06-24 18:04:29',1,'402882f94680252d0146802afaf70044'),('402882ed46cd65d70146cd6aa3400000','Chrome','用户: admin[信息部]登录成功',1,'192.168.2.109','2014-06-24 18:27:36',1,'402882f94680252d0146802afaf70044'),('402882ed46cd65d70146cd6ae4880002','Chrome','预约频道信息添加成功',3,'192.168.2.109','2014-06-24 18:27:53',1,'402882f94680252d0146802afaf70044'),('402882ed46cd65d70146cd72e3310004','Chrome','预约频道信息添加成功',3,'192.168.2.109','2014-06-24 18:36:37',1,'402882f94680252d0146802afaf70044'),('402882ed46cd65d70146cd7310cc0006','Chrome','预约频道信息添加成功',3,'192.168.2.109','2014-06-24 18:36:48',1,'402882f94680252d0146802afaf70044'),('402882ed46cd65d70146cd73da220008','Chrome','预约频道信息添加成功',3,'192.168.2.109','2014-06-24 18:37:40',1,'402882f94680252d0146802afaf70044'),('402882ed46d0d60f0146d0db2adb0000','Chrome','用户: admin[信息部]登录成功',1,'192.168.2.109','2014-06-25 10:29:22',1,'402882f94680252d0146802afaf70044'),('402882ed46d0ec5d0146d0ecb25b0000','Chrome','用户: admin[信息部]登录成功',1,'192.168.2.109','2014-06-25 10:48:31',1,'402882f94680252d0146802afaf70044'),('402882ed46d0ec5d0146d0ee1f230002','Chrome','预约频道信息添加成功',3,'192.168.2.109','2014-06-25 10:50:04',1,'402882f94680252d0146802afaf70044'),('402882ed46d0ec5d0146d0f15f5d0004','Chrome','预约频道信息添加成功',3,'192.168.2.109','2014-06-25 10:53:38',1,'402882f94680252d0146802afaf70044'),('402882ed46d0ec5d0146d0f707ef0006','Chrome','预约频道信息添加成功',3,'192.168.2.109','2014-06-25 10:59:48',1,'402882f94680252d0146802afaf70044'),('402882ed46d0ec5d0146d0fc4ad30008','Chrome','预约频道信息添加成功',3,'192.168.2.109','2014-06-25 11:05:33',1,'402882f94680252d0146802afaf70044'),('402882ed46d0ec5d0146d1041ea6000a','Chrome','预约频道信息添加成功',3,'192.168.2.109','2014-06-25 11:14:06',1,'402882f94680252d0146802afaf70044'),('402882ed46d0ec5d0146d10571e5000c','Chrome','预约频道信息添加成功',3,'192.168.2.109','2014-06-25 11:15:33',1,'402882f94680252d0146802afaf70044'),('402882ed46d0ec5d0146d108bb8c000e','Chrome','预约频道信息添加成功',3,'192.168.2.109','2014-06-25 11:19:08',1,'402882f94680252d0146802afaf70044'),('402882ed46d0ec5d0146d10a6f040010','Chrome','预约频道信息添加成功',3,'192.168.2.109','2014-06-25 11:21:00',1,'402882f94680252d0146802afaf70044'),('402882ed46d0ec5d0146d1174f1b0012','Chrome','预约频道信息添加成功',3,'192.168.2.109','2014-06-25 11:35:04',1,'402882f94680252d0146802afaf70044'),('402882ed46d1ce980146d1cf1bba0000','Chrome','用户: admin[信息部]登录成功',1,'192.168.2.109','2014-06-25 14:55:49',1,'402882f94680252d0146802afaf70044'),('402882ed46d1ce980146d1cf92a80002','Chrome','预约频道信息添加成功',3,'192.168.2.109','2014-06-25 14:56:20',1,'402882f94680252d0146802afaf70044'),('402882ed46d1d4740146d1d4f07b0000','Chrome','用户: admin[信息部]登录成功',1,'192.168.2.109','2014-06-25 15:02:11',1,'402882f94680252d0146802afaf70044'),('402882ed46d20d2d0146d20dfeaf0000','Chrome','用户: admin[信息部]登录成功',1,'192.168.2.109','2014-06-25 16:04:31',1,'402882f94680252d0146802afaf70044'),('402882ed46d20ed90146d20f342a0000','Chrome','用户: admin[信息部]登录成功',1,'192.168.2.109','2014-06-25 16:05:50',1,'402882f94680252d0146802afaf70044'),('402882ed46d2119d0146d212423f0000','Chrome','用户: admin[信息部]登录成功',1,'192.168.2.109','2014-06-25 16:09:10',1,'402882f94680252d0146802afaf70044'),('402882ed46d2119d0146d2139cc10002','Chrome','预约频道信息添加成功',3,'192.168.2.109','2014-06-25 16:10:39',1,'402882f94680252d0146802afaf70044'),('402882ed46d2119d0146d21503d20004','Chrome','会议预约添加成功',3,'192.168.2.109','2014-06-25 16:12:11',1,'402882f94680252d0146802afaf70044'),('402882ed46d2119d0146d216bc120006','Chrome','预约频道信息添加成功',3,'192.168.2.109','2014-06-25 16:14:03',1,'402882f94680252d0146802afaf70044'),('402882ed46d2119d0146d216e0910008','Chrome','预约频道信息添加成功',3,'192.168.2.109','2014-06-25 16:14:13',1,'402882f94680252d0146802afaf70044'),('402882ed46d2119d0146d216fb50000a','Chrome','预约频道信息添加成功',3,'192.168.2.109','2014-06-25 16:14:19',1,'402882f94680252d0146802afaf70044'),('402882ed46d2119d0146d2171332000c','Chrome','预约频道信息添加成功',3,'192.168.2.109','2014-06-25 16:14:26',1,'402882f94680252d0146802afaf70044'),('402882ed46d2119d0146d2172d9d000e','Chrome','预约频道信息添加成功',3,'192.168.2.109','2014-06-25 16:14:32',1,'402882f94680252d0146802afaf70044'),('402882ed46d2119d0146d21767fc0010','Chrome','预约频道信息添加成功',3,'192.168.2.109','2014-06-25 16:14:47',1,'402882f94680252d0146802afaf70044'),('402882ed46d2119d0146d2307cdc0012','Chrome','类型分组: 预约会议状态被添加成功',3,'192.168.2.109','2014-06-25 16:42:11',1,'402882f94680252d0146802afaf70044'),('402882ed46d2119d0146d230cdfc0014','Chrome','类型: 新建被添加成功',3,'192.168.2.109','2014-06-25 16:42:32',1,'402882f94680252d0146802afaf70044'),('402882ed46d2119d0146d230f3e00016','Chrome','类型: 启用被添加成功',3,'192.168.2.109','2014-06-25 16:42:42',1,'402882f94680252d0146802afaf70044'),('402882ed46d2119d0146d23129f40018','Chrome','类型: 取消被添加成功',3,'192.168.2.109','2014-06-25 16:42:55',1,'402882f94680252d0146802afaf70044'),('402882ed46d2119d0146d2322bb0001a','Chrome','类型分组: 会议类型被添加成功',3,'192.168.2.109','2014-06-25 16:44:01',1,'402882f94680252d0146802afaf70044'),('402882ed46d2119d0146d23287e0001c','Chrome','类型: 公共类被添加成功',3,'192.168.2.109','2014-06-25 16:44:25',1,'402882f94680252d0146802afaf70044'),('402882ed46d2119d0146d232aa2c001e','Chrome','类型: 专题类被添加成功',3,'192.168.2.109','2014-06-25 16:44:34',1,'402882f94680252d0146802afaf70044'),('402882ed46d2119d0146d232d1120020','Chrome','类型: 讨论类被添加成功',3,'192.168.2.109','2014-06-25 16:44:44',1,'402882f94680252d0146802afaf70044'),('402882ed46d25b950146d25cada00000','Chrome','用户: admin[信息部]登录成功',1,'192.168.2.109','2014-06-25 17:30:27',1,'402882f94680252d0146802afaf70044'),('402882ed46d274aa0146d274fd3e0000','Chrome','用户: admin[信息部]登录成功',1,'192.168.2.109','2014-06-25 17:57:00',1,'402882f94680252d0146802afaf70044'),('402882ed46d278a80146d278fa810000','Chrome','用户: admin[信息部]登录成功',1,'192.168.2.109','2014-06-25 18:01:22',1,'402882f94680252d0146802afaf70044'),('402882ed46d27ea30146d27ee8d80000','Chrome','用户: admin[信息部]登录成功',1,'192.168.2.109','2014-06-25 18:07:50',1,'402882f94680252d0146802afaf70044'),('402882ed46d27ea30146d27fad210002','Chrome','预约频道信息添加成功',3,'192.168.2.109','2014-06-25 18:08:41',1,'402882f94680252d0146802afaf70044'),('402882ed46d27ea30146d27fd4680004','Chrome','会议预约添加成功',3,'192.168.2.109','2014-06-25 18:08:51',1,'402882f94680252d0146802afaf70044'),('402882ed46d27ea30146d28802560005','Chrome','会议预约更新成功',5,'192.168.2.109','2014-06-25 18:17:47',1,'402882f94680252d0146802afaf70044'),('402882ed46d5ea040146d5ecb2f50000','Chrome','用户: admin[信息部]登录成功',1,'192.168.2.109','2014-06-26 10:06:37',1,'402882f94680252d0146802afaf70044'),('402882ed46d6264c0146d626a84e0000','Chrome','用户: admin[信息部]登录成功',1,'192.168.2.109','2014-06-26 11:09:56',1,'402882f94680252d0146802afaf70044'),('402882ed46d62af10146d62b3a6b0000','Chrome','用户: admin[信息部]登录成功',1,'192.168.2.109','2014-06-26 11:14:55',1,'402882f94680252d0146802afaf70044'),('402882ed46d6403b0146d6417dec0000','Chrome','用户: admin[信息部]登录成功',1,'192.168.2.109','2014-06-26 11:39:14',1,'402882f94680252d0146802afaf70044'),('402882ed46d64f860146d64fccd90000','Chrome','用户: admin[信息部]登录成功',1,'192.168.2.109','2014-06-26 11:54:52',1,'402882f94680252d0146802afaf70044'),('402882ed46d6b1e00146d6b24c650000','Chrome','用户: admin[信息部]登录成功',1,'192.168.2.109','2014-06-26 13:42:27',1,'402882f94680252d0146802afaf70044'),('402882ed46d6b1e00146d6ba78fd0001','Chrome','会议预约更新成功',5,'192.168.2.109','2014-06-26 13:51:23',1,'402882f94680252d0146802afaf70044'),('402882ed46d6b1e00146d6c0c98c0002','Chrome','会议预约删除成功',4,'192.168.2.109','2014-06-26 13:58:17',1,'402882f94680252d0146802afaf70044'),('402882ed46d6c5a60146d6c650740000','Chrome','用户: admin[信息部]登录成功',1,'192.168.2.109','2014-06-26 14:04:19',1,'402882f94680252d0146802afaf70044'),('402882ed46d6cd910146d6cdd5c00000','Chrome','用户: admin[信息部]登录成功',1,'192.168.2.109','2014-06-26 14:12:32',1,'402882f94680252d0146802afaf70044'),('402882ed46d6cd910146d725c2f10001','Chrome','用户: admin[信息部]登录成功',1,'192.168.2.109','2014-06-26 15:48:34',1,'402882f94680252d0146802afaf70044'),('402882ed46d6cd910146d72ea0a60003','Chrome','类型分组: 是否录制被添加成功',3,'192.168.2.109','2014-06-26 15:58:15',1,'402882f94680252d0146802afaf70044'),('402882ed46d6cd910146d72ee9e90005','Chrome','类型: 否被添加成功',3,'192.168.2.109','2014-06-26 15:58:34',1,'402882f94680252d0146802afaf70044'),('402882ed46d6cd910146d72f056c0007','Chrome','类型: 是被添加成功',3,'192.168.2.109','2014-06-26 15:58:41',1,'402882f94680252d0146802afaf70044'),('402882ed46d6cd910146d7320fa60009','Chrome','类型分组: LIVE类型被添加成功',3,'192.168.2.109','2014-06-26 16:02:00',1,'402882f94680252d0146802afaf70044'),('402882ed46d6cd910146d7325506000b','Chrome','类型: 直播被添加成功',3,'192.168.2.109','2014-06-26 16:02:18',1,'402882f94680252d0146802afaf70044'),('402882ed46d6cd910146d7327890000d','Chrome','类型: 点播被添加成功',3,'192.168.2.109','2014-06-26 16:02:27',1,'402882f94680252d0146802afaf70044'),('402882ed46d758530146d758e4270000','Chrome','用户: admin[信息部]登录成功',1,'192.168.2.109','2014-06-26 16:44:25',1,'402882f94680252d0146802afaf70044'),('402882ed46d7a01a0146d7a095410000','Chrome','用户: admin[信息部]登录成功',1,'192.168.2.109','2014-06-26 18:02:43',1,'402882f94680252d0146802afaf70044'),('402882ed46faea350146faeb0f300000','Chrome','用户: admin[信息部]登录成功',1,'192.168.2.109','2014-07-03 14:30:47',1,'402882f94680252d0146802afaf70044'),('402882ed46fb1d4c0146fb1e1c290000','Chrome','用户: admin[信息部]登录成功',1,'192.168.2.109','2014-07-03 15:26:33',1,'402882f94680252d0146802afaf70044'),('402882ed46fb1d4c0146fb5043970001','Chrome','用户: admin[信息部]登录成功',1,'192.168.2.109','2014-07-03 16:21:19',1,'402882f94680252d0146802afaf70044'),('402882ed46fb5a6a0146fb5aa3350000','Chrome','用户: admin[信息部]登录成功',1,'192.168.2.109','2014-07-03 16:32:39',1,'402882f94680252d0146802afaf70044'),('402882ed46ff0f2f0146ff0f99a10000','Chrome','用户: admin[信息部]登录成功',1,'192.168.2.109','2014-07-04 09:49:10',1,'402882f94680252d0146802afaf70044'),('402882ed46ff0f2f01470020904a0001','Chrome','用户: admin[信息部]登录成功',1,'192.168.2.109','2014-07-04 14:47:19',1,'402882f94680252d0146802afaf70044'),('402882ed470047af0147004a38550000','Chrome','用户: admin[信息部]登录成功',1,'192.168.2.109','2014-07-04 15:32:49',1,'402882f94680252d0146802afaf70044'),('402882ed470055ce01470057fd780000','Chrome','用户: admin[信息部]登录成功',1,'192.168.2.109','2014-07-04 15:47:52',1,'402882f94680252d0146802afaf70044'),('402882ed4700b51c014700b59c1b0000','Chrome','用户: admin[信息部]登录成功',1,'192.168.2.109','2014-07-04 17:30:07',1,'402882f94680252d0146802afaf70044'),('402882ed4700b51c014700b5dd5f0002','Chrome','会议预约添加成功',3,'192.168.2.109','2014-07-04 17:30:24',1,'402882f94680252d0146802afaf70044'),('402882ed470e892201470e897c0a0000','Chrome','用户: admin[信息部]登录成功',1,'192.168.2.109','2014-07-07 09:56:37',1,'402882f94680252d0146802afaf70044'),('402882ed470e892201470e9ef8bb0001','Chrome','用户admin已退出',2,'192.168.2.109','2014-07-07 10:20:05',1,'402882f94680252d0146802afaf70044'),('402882ed470e892201470e9f5e440002','Chrome','用户: admin[信息部]登录成功',1,'192.168.2.109','2014-07-07 10:20:31',1,'402882f94680252d0146802afaf70044'),('402882ed470e892201470ea044800004','Chrome','会议预约添加成功',3,'192.168.2.109','2014-07-07 10:21:30',1,'402882f94680252d0146802afaf70044'),('402882ed470e892201470ea115530005','Chrome','会议预约删除成功',4,'192.168.2.109','2014-07-07 10:22:23',1,'402882f94680252d0146802afaf70044'),('402882ed470e892201470ea1e53b0007','Chrome','会议预约添加成功',3,'192.168.2.109','2014-07-07 10:23:16',1,'402882f94680252d0146802afaf70044'),('402882ed470e892201470ea5772e0008','Chrome','用户admin已退出',2,'192.168.2.109','2014-07-07 10:27:10',1,'402882f94680252d0146802afaf70044'),('402882ed470e892201470ebb24da0009','Chrome','用户: admin[信息部]登录成功',1,'192.168.2.109','2014-07-07 10:50:51',1,'402882f94680252d0146802afaf70044'),('402882ed470e892201470edb15ee000a','Chrome','用户: admin[信息部]登录成功',1,'192.168.2.109','2014-07-07 11:25:44',1,'402882f94680252d0146802afaf70044'),('402882ed470ef9a201470efbfda00000','Chrome','用户: admin[信息部]登录成功',1,'192.168.2.109','2014-07-07 12:01:41',1,'402882f94680252d0146802afaf70044'),('402882ed470efda101470efe30890000','Chrome','用户: admin[信息部]登录成功',1,'192.168.2.109','2014-07-07 12:04:05',1,'402882f94680252d0146802afaf70044'),('402882ed470f670601470f67e7f50000','Chrome','用户: admin[信息部]登录成功',1,'192.168.2.109','2014-07-07 13:59:33',1,'402882f94680252d0146802afaf70044'),('402882ed470f670601470f6811730001','Chrome','会议预约删除成功',4,'192.168.2.109','2014-07-07 13:59:44',1,'402882f94680252d0146802afaf70044'),('402882ed470fafcf01470fb1a9f80000','Chrome','用户: admin[信息部]登录成功',1,'192.168.2.109','2014-07-07 15:20:07',1,'402882f94680252d0146802afaf70044'),('402882ed470fafcf01470fcb3aa50002','Chrome','预约频道信息添加成功',3,'192.168.2.109','2014-07-07 15:48:02',1,'402882f94680252d0146802afaf70044'),('402882ed470ffcab01470ffda55e0000','Chrome','用户: admin[信息部]登录成功',1,'192.168.2.109','2014-07-07 16:43:06',1,'402882f94680252d0146802afaf70044'),('402882ed470ffcab01471044bbec0002','Chrome','预约频道信息添加成功',3,'192.168.2.109','2014-07-07 18:00:45',1,'402882f94680252d0146802afaf70044'),('402882ed470ffcab01471046349d0004','Chrome','会议预约添加成功',3,'192.168.2.109','2014-07-07 18:02:22',1,'402882f94680252d0146802afaf70044'),('402882ed470ffcab0147104bc86e0005','Chrome','会议预约更新成功',5,'192.168.2.109','2014-07-07 18:08:27',1,'402882f94680252d0146802afaf70044'),('402882ed47105aad0147105b40ca0000','Chrome','用户: admin[信息部]登录成功',1,'192.168.2.109','2014-07-07 18:25:21',1,'402882f94680252d0146802afaf70044'),('402882ed4713cc0a014713cc59260000','Chrome','用户: admin[信息部]登录成功',1,'192.168.2.109','2014-07-08 10:27:45',1,'402882f94680252d0146802afaf70044'),('402882ed4713cc0a014713cd81340001','Chrome','会议预约更新成功',5,'192.168.2.109','2014-07-08 10:29:00',1,'402882f94680252d0146802afaf70044'),('402882ed4713d6f3014713d79c2e0000','Chrome','用户: admin[信息部]登录成功',1,'192.168.2.109','2014-07-08 10:40:03',1,'402882f94680252d0146802afaf70044'),('402882ed471498c00147149934cf0000','Chrome','用户: admin[信息部]登录成功',1,'192.168.2.109','2014-07-08 14:11:30',1,'402882f94680252d0146802afaf70044'),('402882ed471498c0014714bcbf9d0002','Chrome','预约频道信息添加成功',3,'192.168.2.109','2014-07-08 14:50:19',1,'402882f94680252d0146802afaf70044'),('402882ed471498c0014714bee7c10004','Chrome','预约频道信息添加成功',3,'192.168.2.109','2014-07-08 14:52:41',1,'402882f94680252d0146802afaf70044'),('402882ed471498c0014714c2c87b0006','Chrome','预约频道信息添加成功',3,'192.168.2.109','2014-07-08 14:56:55',1,'402882f94680252d0146802afaf70044'),('402882ed471498c0014714d129190008','Chrome','预约频道信息添加成功',3,'192.168.2.109','2014-07-08 15:12:37',1,'402882f94680252d0146802afaf70044'),('402882ed471498c0014714d2d8e0000a','Chrome','预约频道信息添加成功',3,'192.168.2.109','2014-07-08 15:14:28',1,'402882f94680252d0146802afaf70044'),('402882ed471498c0014714d2fec4000c','Chrome','预约频道信息添加成功',3,'192.168.2.109','2014-07-08 15:14:37',1,'402882f94680252d0146802afaf70044'),('402882ed4715207001471520da380000','Chrome','用户: admin[信息部]登录成功',1,'192.168.2.109','2014-07-08 16:39:40',1,'402882f94680252d0146802afaf70044'),('402882ed4715207001471521230b0001','Chrome','会议信息删除成功',4,'192.168.2.109','2014-07-08 16:39:58',1,'402882f94680252d0146802afaf70044'),('402882ed471520700147152133050002','Chrome','会议信息删除成功',4,'192.168.2.109','2014-07-08 16:40:03',1,'402882f94680252d0146802afaf70044'),('402882ed47152070014715213cff0003','Chrome','会议信息删除成功',4,'192.168.2.109','2014-07-08 16:40:05',1,'402882f94680252d0146802afaf70044'),('402882ed4715207001471521476b0004','Chrome','会议信息删除成功',4,'192.168.2.109','2014-07-08 16:40:08',1,'402882f94680252d0146802afaf70044'),('402882ed47152070014715214fcb0005','Chrome','会议信息删除成功',4,'192.168.2.109','2014-07-08 16:40:10',1,'402882f94680252d0146802afaf70044'),('402882ed47152070014715215ab20006','Chrome','会议信息删除成功',4,'192.168.2.109','2014-07-08 16:40:13',1,'402882f94680252d0146802afaf70044'),('402882ed471520700147152165800007','Chrome','会议信息删除成功',4,'192.168.2.109','2014-07-08 16:40:16',1,'402882f94680252d0146802afaf70044'),('402882ed47152070014715216d9d0008','Chrome','会议信息删除成功',4,'192.168.2.109','2014-07-08 16:40:18',1,'402882f94680252d0146802afaf70044'),('402882ed471520700147152174e70009','Chrome','会议信息删除成功',4,'192.168.2.109','2014-07-08 16:40:19',1,'402882f94680252d0146802afaf70044'),('402882ed47152070014715217cfb000a','Chrome','会议信息删除成功',4,'192.168.2.109','2014-07-08 16:40:22',1,'402882f94680252d0146802afaf70044'),('402882ed4715207001471521855b000b','Chrome','会议信息删除成功',4,'192.168.2.109','2014-07-08 16:40:24',1,'402882f94680252d0146802afaf70044'),('402882ed47152070014715218dd1000c','Chrome','会议信息删除成功',4,'192.168.2.109','2014-07-08 16:40:26',1,'402882f94680252d0146802afaf70044'),('402882ed4715255e0147152599b80000','Chrome','用户: admin[信息部]登录成功',1,'192.168.2.109','2014-07-08 16:44:51',1,'402882f94680252d0146802afaf70044'),('402882ed4715255e014715273d950002','Chrome','会议预约启用成功',5,'192.168.2.109','2014-07-08 16:46:38',1,'402882f94680252d0146802afaf70044'),('402882ed4715255e0147152907970003','Chrome','会议信息删除成功',4,'192.168.2.109','2014-07-08 16:48:36',1,'402882f94680252d0146802afaf70044'),('402882ed47152e990147152fd4780000','Chrome','用户: admin[信息部]登录成功',1,'192.168.2.109','2014-07-08 16:56:01',1,'402882f94680252d0146802afaf70044'),('402882ed47152e99014715304fb20002','Chrome','会议预约启用成功',5,'192.168.2.109','2014-07-08 16:56:33',1,'402882f94680252d0146802afaf70044'),('402882ed47152e9901471533a7d80003','Chrome','会议信息删除成功',4,'192.168.2.109','2014-07-08 17:00:12',1,'402882f94680252d0146802afaf70044'),('402882ed47152e990147153432410005','Chrome','会议预约启用成功',5,'192.168.2.109','2014-07-08 17:00:48',1,'402882f94680252d0146802afaf70044'),('402882ed47152e990147154178910007','Chrome','会议预约启用成功',5,'192.168.2.109','2014-07-08 17:15:18',1,'402882f94680252d0146802afaf70044'),('402882ed47152e990147154551880008','Chrome','会议信息删除成功',4,'192.168.2.109','2014-07-08 17:19:30',1,'402882f94680252d0146802afaf70044'),('402882ed47152e990147154559d00009','Chrome','会议信息删除成功',4,'192.168.2.109','2014-07-08 17:19:32',1,'402882f94680252d0146802afaf70044'),('402882ed47152e9901471545a9d0000b','Chrome','会议预约启用成功',5,'192.168.2.109','2014-07-08 17:19:52',1,'402882f94680252d0146802afaf70044'),('402882ed47152e99014715481adf000d','Chrome','会议预约启用成功',5,'192.168.2.109','2014-07-08 17:22:32',1,'402882f94680252d0146802afaf70044'),('402882ed47152e990147155caf74000e','Chrome','会议信息删除成功',4,'192.168.2.109','2014-07-08 17:45:01',1,'402882f94680252d0146802afaf70044'),('402882ed47152e990147155cb858000f','Chrome','会议信息删除成功',4,'192.168.2.109','2014-07-08 17:45:03',1,'402882f94680252d0146802afaf70044'),('402882ed47152e990147155ebf3d0011','Chrome','会议预约启用成功',5,'192.168.2.109','2014-07-08 17:47:16',1,'402882f94680252d0146802afaf70044'),('402882ed47152e9901471560c7a40013','Chrome','会议预约启用成功',5,'192.168.2.109','2014-07-08 17:49:29',1,'402882f94680252d0146802afaf70044'),('402882ed47152e99014715611b130015','Chrome','会议预约启用成功',5,'192.168.2.109','2014-07-08 17:49:51',1,'402882f94680252d0146802afaf70044'),('402882ed47152e9901471562e7290017','Chrome','会议预约启用成功',5,'192.168.2.109','2014-07-08 17:51:49',1,'402882f94680252d0146802afaf70044'),('402882ed47152e990147156a8bfc0019','Chrome','会议预约启用成功',5,'192.168.2.109','2014-07-08 18:00:09',1,'402882f94680252d0146802afaf70044'),('402882ed47152e990147156c0d27001b','Chrome','会议预约启用成功',5,'192.168.2.109','2014-07-08 18:01:48',1,'402882f94680252d0146802afaf70044'),('402882ed47152e99014715711ceb001d','Chrome','会议预约启用成功',5,'192.168.2.109','2014-07-08 18:07:20',1,'402882f94680252d0146802afaf70044'),('402882ed47152e9901471571c26e001f','Chrome','会议预约启用成功',5,'192.168.2.109','2014-07-08 18:08:02',1,'402882f94680252d0146802afaf70044'),('402882ed47152e9901471572291f0020','Chrome','会议信息删除成功',4,'192.168.2.109','2014-07-08 18:08:28',1,'402882f94680252d0146802afaf70044'),('402882ed47152e990147157230f90021','Chrome','会议信息删除成功',4,'192.168.2.109','2014-07-08 18:08:30',1,'402882f94680252d0146802afaf70044'),('402882ed47152e990147157235ea0022','Chrome','会议信息删除成功',4,'192.168.2.109','2014-07-08 18:08:32',1,'402882f94680252d0146802afaf70044'),('402882ed47152e99014715723a380023','Chrome','会议信息删除成功',4,'192.168.2.109','2014-07-08 18:08:33',1,'402882f94680252d0146802afaf70044'),('402882ed47152e99014715723e3f0024','Chrome','会议信息删除成功',4,'192.168.2.109','2014-07-08 18:08:34',1,'402882f94680252d0146802afaf70044'),('402882ed47152e990147157242280025','Chrome','会议信息删除成功',4,'192.168.2.109','2014-07-08 18:08:35',1,'402882f94680252d0146802afaf70044'),('402882ed47152e990147157245ed0026','Chrome','会议信息删除成功',4,'192.168.2.109','2014-07-08 18:08:36',1,'402882f94680252d0146802afaf70044'),('402882ed47152e990147157249670027','Chrome','会议信息删除成功',4,'192.168.2.109','2014-07-08 18:08:37',1,'402882f94680252d0146802afaf70044'),('402882ed4718f286014718f3e6ef0000','Chrome','用户: admin[信息部]登录成功',1,'192.168.2.109','2014-07-09 10:29:03',1,'402882f94680252d0146802afaf70044'),('402882ed4718f2860147194048320001','Chrome','用户: admin[信息部]登录成功',1,'192.168.2.109','2014-07-09 11:52:28',1,'402882f94680252d0146802afaf70044'),('402882ed4719f45e014719f759970000','Chrome','用户: admin[信息部]登录成功',1,'192.168.2.109','2014-07-09 15:12:26',1,'402882f94680252d0146802afaf70044'),('402882ed4719f45e01471a05bbb40002','Chrome','预约频道信息添加成功',3,'192.168.2.109','2014-07-09 15:28:09',1,'402882f94680252d0146802afaf70044'),('402882ed4719f45e01471a05f0a50004','Chrome','预约频道信息添加成功',3,'192.168.2.109','2014-07-09 15:28:22',1,'402882f94680252d0146802afaf70044'),('402882ed4719f45e01471a0627d20006','Chrome','会议信息添加成功',3,'192.168.2.109','2014-07-09 15:28:36',1,'402882f94680252d0146802afaf70044'),('402882ed4719f45e01471a06347e0008','Chrome','会议信息添加成功',3,'192.168.2.109','2014-07-09 15:28:40',1,'402882f94680252d0146802afaf70044'),('402882ed4719f45e01471a06353a000a','Chrome','会议信息添加成功',3,'192.168.2.109','2014-07-09 15:28:40',1,'402882f94680252d0146802afaf70044'),('402882ed4719f45e01471a06370d000c','Chrome','会议信息添加成功',3,'192.168.2.109','2014-07-09 15:28:40',1,'402882f94680252d0146802afaf70044'),('402882ed4719f45e01471a06379d000e','Chrome','会议信息添加成功',3,'192.168.2.109','2014-07-09 15:28:40',1,'402882f94680252d0146802afaf70044'),('402882ed4719f45e01471a0638360010','Chrome','会议信息添加成功',3,'192.168.2.109','2014-07-09 15:28:41',1,'402882f94680252d0146802afaf70044'),('402882ed4719f45e01471a063c410012','Chrome','会议信息添加成功',3,'192.168.2.109','2014-07-09 15:28:42',1,'402882f94680252d0146802afaf70044'),('402882ed4719f45e01471a06667e0014','Chrome','会议信息添加成功',3,'192.168.2.109','2014-07-09 15:28:52',1,'402882f94680252d0146802afaf70044'),('402882ed471a0e2e01471a103e490000','Chrome','用户: admin[信息部]登录成功',1,'192.168.2.109','2014-07-09 15:39:37',1,'402882f94680252d0146802afaf70044'),('402882ed471a0e2e01471a105d770001','Chrome','会议信息删除成功',4,'192.168.2.109','2014-07-09 15:39:45',1,'402882f94680252d0146802afaf70044'),('402882ed471a0e2e01471a1068a00002','Chrome','会议信息删除成功',4,'192.168.2.109','2014-07-09 15:39:48',1,'402882f94680252d0146802afaf70044'),('402882ed471a0e2e01471a10734e0003','Chrome','会议信息删除成功',4,'192.168.2.109','2014-07-09 15:39:51',1,'402882f94680252d0146802afaf70044'),('402882ed471a0e2e01471a10820d0004','Chrome','会议信息删除成功',4,'192.168.2.109','2014-07-09 15:39:55',1,'402882f94680252d0146802afaf70044'),('402882ed471a0e2e01471a108cde0005','Chrome','会议信息删除成功',4,'192.168.2.109','2014-07-09 15:39:58',1,'402882f94680252d0146802afaf70044'),('402882ed471a0e2e01471a1095ef0006','Chrome','会议信息删除成功',4,'192.168.2.109','2014-07-09 15:40:00',1,'402882f94680252d0146802afaf70044'),('402882ed471a0e2e01471a109f020007','Chrome','会议信息删除成功',4,'192.168.2.109','2014-07-09 15:40:02',1,'402882f94680252d0146802afaf70044'),('402882ed471a0e2e01471a10c47b0008','Chrome','会议信息删除成功',4,'192.168.2.109','2014-07-09 15:40:12',1,'402882f94680252d0146802afaf70044'),('402882ed471a1c1c01471a1c82610000','Chrome','用户: admin[信息部]登录成功',1,'192.168.2.109','2014-07-09 15:53:01',1,'402882f94680252d0146802afaf70044'),('402882ed471a1c1c01471a1d5c6a0002','Chrome','会议信息添加成功',3,'192.168.2.109','2014-07-09 15:53:57',1,'402882f94680252d0146802afaf70044'),('402882ed471a1c1c01471a4212890004','Chrome','预约频道信息添加成功',3,'192.168.2.109','2014-07-09 16:34:03',1,'402882f94680252d0146802afaf70044'),('402882ed471a1c1c01471a452c2d0006','Chrome','预约频道信息添加成功',3,'192.168.2.109','2014-07-09 16:37:26',1,'402882f94680252d0146802afaf70044'),('402882ed471a1c1c01471a49424b0008','Chrome','预约频道信息添加成功',3,'192.168.2.109','2014-07-09 16:41:54',1,'402882f94680252d0146802afaf70044'),('402882ed471a1c1c01471a49d26e000a','Chrome','会议信息添加成功',3,'192.168.2.109','2014-07-09 16:42:31',1,'402882f94680252d0146802afaf70044'),('402882ed471a696c01471a6a69990000','Chrome','用户: admin[信息部]登录成功',1,'192.168.2.109','2014-07-09 17:18:07',1,'402882f94680252d0146802afaf70044'),('402882ed471a6cd101471a6d160f0000','Chrome','用户: admin[信息部]登录成功',1,'192.168.2.109','2014-07-09 17:21:02',1,'402882f94680252d0146802afaf70044'),('402882ed471a6cd101471a90497b0002','Chrome','会议信息添加成功',3,'192.168.2.109','2014-07-09 17:59:29',1,'402882f94680252d0146802afaf70044'),('402882ed471a6cd101471a95ae270004','Chrome','预约频道信息添加成功',3,'192.168.2.109','2014-07-09 18:05:22',1,'402882f94680252d0146802afaf70044'),('402882ed471a6cd101471a96697e0006','Chrome','会议信息添加成功',3,'192.168.2.109','2014-07-09 18:06:10',1,'402882f94680252d0146802afaf70044'),('402882ed471a6cd101471a96730c0008','Chrome','会议信息添加成功',3,'192.168.2.109','2014-07-09 18:06:13',1,'402882f94680252d0146802afaf70044'),('402882ed471a6cd101471a96cea90009','Chrome','会议信息删除成功',4,'192.168.2.109','2014-07-09 18:06:36',1,'402882f94680252d0146802afaf70044'),('402882ed471a6cd101471a96eb60000a','Chrome','会议信息删除成功',4,'192.168.2.109','2014-07-09 18:06:44',1,'402882f94680252d0146802afaf70044'),('402882ed471a6cd101471a96f483000b','Chrome','会议信息删除成功',4,'192.168.2.109','2014-07-09 18:06:46',1,'402882f94680252d0146802afaf70044'),('402882ed471a6cd101471a96ffd6000c','Chrome','会议信息删除成功',4,'192.168.2.109','2014-07-09 18:06:49',1,'402882f94680252d0146802afaf70044'),('402882ed471a6cd101471a9707b1000d','Chrome','会议信息删除成功',4,'192.168.2.109','2014-07-09 18:06:51',1,'402882f94680252d0146802afaf70044'),('402882ed471a6cd101471a972eef000f','Chrome','预约频道信息添加成功',3,'192.168.2.109','2014-07-09 18:07:01',1,'402882f94680252d0146802afaf70044'),('402882ed471a6cd101471a9733300012','Chrome','会议信息添加成功',3,'192.168.2.109','2014-07-09 18:07:02',1,'402882f94680252d0146802afaf70044'),('402882ed471a6cd101471a97335c0013','Chrome','会议信息添加成功',3,'192.168.2.109','2014-07-09 18:07:02',1,'402882f94680252d0146802afaf70044'),('402882ed471a6cd101471a97559a0014','Chrome','会议信息删除成功',4,'192.168.2.109','2014-07-09 18:07:11',1,'402882f94680252d0146802afaf70044'),('402882ed471a6cd101471a975f1a0015','Chrome','会议信息删除成功',4,'192.168.2.109','2014-07-09 18:07:13',1,'402882f94680252d0146802afaf70044'),('402882ed471a6cd101471a9a6ee80017','Chrome','预约频道信息添加成功',3,'192.168.2.109','2014-07-09 18:10:34',1,'402882f94680252d0146802afaf70044'),('402882ed471a6cd101471a9a7b510019','Chrome','会议信息添加成功',3,'192.168.2.109','2014-07-09 18:10:37',1,'402882f94680252d0146802afaf70044'),('402882ed471a6cd101471aa034ef001b','Chrome','预约频道信息添加成功',3,'192.168.2.109','2014-07-09 18:16:52',1,'402882f94680252d0146802afaf70044'),('402882ed471a6cd101471aa1e65b001d','Chrome','预约频道信息添加成功',3,'192.168.2.109','2014-07-09 18:18:43',1,'402882f94680252d0146802afaf70044'),('402882ed471a6cd101471aa1fb6b001f','Chrome','会议信息添加成功',3,'192.168.2.109','2014-07-09 18:18:49',1,'402882f94680252d0146802afaf70044'),('402882ed471a6cd101471aa44e7b0021','Chrome','预约频道信息添加成功',3,'192.168.2.109','2014-07-09 18:21:21',1,'402882f94680252d0146802afaf70044'),('402882ed471a6cd101471aa5ee610023','Chrome','预约频道信息添加成功',3,'192.168.2.109','2014-07-09 18:23:07',1,'402882f94680252d0146802afaf70044'),('402882ed471a6cd101471aa66d820025','Chrome','预约频道信息添加成功',3,'192.168.2.109','2014-07-09 18:23:40',1,'402882f94680252d0146802afaf70044'),('402882ed471a6cd101471aa715f40027','Chrome','预约频道信息添加成功',3,'192.168.2.109','2014-07-09 18:24:23',1,'402882f94680252d0146802afaf70044'),('402882ed471a6cd101471aa7f5190029','Chrome','预约频道信息添加成功',3,'192.168.2.109','2014-07-09 18:25:20',1,'402882f94680252d0146802afaf70044'),('402882ed471a6cd101471aa8e811002b','Chrome','预约频道信息添加成功',3,'192.168.2.109','2014-07-09 18:26:22',1,'402882f94680252d0146802afaf70044'),('402882ed471ee3d401471eee24fc0000','Chrome','用户: admin[信息部]登录成功',1,'192.168.1.114','2014-07-10 14:20:29',1,'402882f94680252d0146802afaf70044'),('402882ed4725061f01472506751f0000','Chrome','用户: admin[信息部]登录成功',1,'192.168.2.109','2014-07-11 18:44:45',1,'402882f94680252d0146802afaf70044'),('402882ed4725061f01472507d8f60002','Chrome','权限: 终端管理被添加成功',3,'192.168.2.109','2014-07-11 18:46:17',1,'402882f94680252d0146802afaf70044'),('402882ed4725061f014725083e290003','Chrome','权限: 终端管理被删除成功',4,'192.168.2.109','2014-07-11 18:46:42',1,'402882f94680252d0146802afaf70044'),('402882ed4725061f01472508e4e10005','Chrome','权限: 终端管理被添加成功',3,'192.168.2.109','2014-07-11 18:47:25',1,'402882f94680252d0146802afaf70044'),('402882ed4725061f01472509a8f40007','Chrome','权限: 终端注册被添加成功',3,'192.168.2.109','2014-07-11 18:48:15',1,'402882f94680252d0146802afaf70044'),('402882ed4725061f01472509f6260009','Chrome','权限: 终端日志被添加成功',3,'192.168.2.109','2014-07-11 18:48:35',1,'402882f94680252d0146802afaf70044'),('402882ed4725061f0147250a1bd7000b','Chrome','权限: 异常请求被添加成功',3,'192.168.2.109','2014-07-11 18:48:45',1,'402882f94680252d0146802afaf70044'),('402882ed4725061f0147250ab70f0010','Chrome','用户admin已退出',2,'192.168.2.109','2014-07-11 18:49:25',1,'402882f94680252d0146802afaf70044'),('402882ed4725061f0147250abfcf0011','Chrome','用户: admin[信息部]登录成功',1,'192.168.2.109','2014-07-11 18:49:27',1,'402882f94680252d0146802afaf70044'),('402882ed4725061f0147250e775a0012','Chrome','权限: 终端注册被更新成功',5,'192.168.2.109','2014-07-11 18:53:30',1,'402882f94680252d0146802afaf70044'),('402882ed4725061f0147250ea4290013','Chrome','用户admin已退出',2,'192.168.2.109','2014-07-11 18:53:42',1,'402882f94680252d0146802afaf70044'),('402882ed4725061f0147250eadee0014','Chrome','用户: admin[信息部]登录成功',1,'192.168.2.109','2014-07-11 18:53:44',1,'402882f94680252d0146802afaf70044'),('402882ed4725061f0147250f4bf50015','Chrome','权限: 终端注册被更新成功',5,'192.168.2.109','2014-07-11 18:54:25',1,'402882f94680252d0146802afaf70044'),('402882ed4725061f0147250f576a0016','Chrome','用户admin已退出',2,'192.168.2.109','2014-07-11 18:54:28',1,'402882f94680252d0146802afaf70044'),('402882ed4725061f0147250f5f520017','Chrome','用户: admin[信息部]登录成功',1,'192.168.2.109','2014-07-11 18:54:30',1,'402882f94680252d0146802afaf70044'),('402882ed472510fb01472511370a0000','Chrome','用户: admin[信息部]登录成功',1,'192.168.2.109','2014-07-11 18:56:30',1,'402882f94680252d0146802afaf70044'),('402882ed473285b60147328861d90000','Chrome','用户: admin[信息部]登录成功',1,'192.168.2.109','2014-07-14 09:41:44',1,'402882f94680252d0146802afaf70044'),('402882ed4737d547014737d5ee660000','Chrome','用户: admin[信息部]登录成功',1,'192.168.2.109','2014-07-15 10:24:32',1,'402882f94680252d0146802afaf70044'),('402882ed4738068001473806eb3f0000','Chrome','用户: admin[信息部]登录成功',1,'192.168.2.109','2014-07-15 11:18:03',1,'402882f94680252d0146802afaf70044'),('402882ed473d4dec01473dd8ee2c0000','Chrome','用户: admin[信息部]登录成功',1,'192.168.2.109','2014-07-16 14:25:32',1,'402882f94680252d0146802afaf70044'),('402882ed473d4dec01473dd9f7980002','Chrome','预约频道信息添加成功',3,'192.168.2.109','2014-07-16 14:26:40',1,'402882f94680252d0146802afaf70044'),('402882ed473d4dec01473dda07510004','Chrome','会议直播成功',3,'192.168.2.109','2014-07-16 14:26:44',1,'402882f94680252d0146802afaf70044'),('402882ed473d4dec01473ddcd6020005','Chrome','会议信息删除成功',4,'192.168.2.109','2014-07-16 14:29:48',1,'402882f94680252d0146802afaf70044'),('402882ed473deb5f01473dec3f760000','Chrome','用户: admin[信息部]登录成功',1,'192.168.2.109','2014-07-16 14:46:38',1,'402882f94680252d0146802afaf70044'),('402882ed473deb5f01473dedfae90002','Chrome','预约频道信息添加成功',3,'192.168.2.109','2014-07-16 14:48:32',1,'402882f94680252d0146802afaf70044'),('402882ed473deb5f01473df140430004','Chrome','预约频道信息添加成功',3,'192.168.2.109','2014-07-16 14:52:06',1,'402882f94680252d0146802afaf70044'),('402882ed473deb5f01473df38a900006','Chrome','预约频道信息添加成功',3,'192.168.2.109','2014-07-16 14:54:36',1,'402882f94680252d0146802afaf70044'),('402882ed473deb5f01473df3f3980008','Chrome','会议直播成功',3,'192.168.2.109','2014-07-16 14:55:03',1,'402882f94680252d0146802afaf70044'),('402882ed473dfbf901473dfca1260000','Chrome','用户: admin[信息部]登录成功',1,'192.168.2.109','2014-07-16 15:04:32',1,'402882f94680252d0146802afaf70044'),('402882ed473dfbf901473dfd03050001','Chrome','会议信息删除成功',4,'192.168.2.109','2014-07-16 15:04:57',1,'402882f94680252d0146802afaf70044'),('402882ed473dfbf901473dfd27f70003','Chrome','预约频道信息添加成功',3,'192.168.2.109','2014-07-16 15:05:06',1,'402882f94680252d0146802afaf70044'),('402882ed473dfbf901473dfeba510005','Chrome','预约频道信息添加成功',3,'192.168.2.109','2014-07-16 15:06:49',1,'402882f94680252d0146802afaf70044'),('402882ed473dfbf901473e0133470007','Chrome','预约频道信息添加成功',3,'192.168.2.109','2014-07-16 15:09:31',1,'402882f94680252d0146802afaf70044'),('402882ed473dfbf901473e025af90009','Chrome','预约频道信息添加成功',3,'192.168.2.109','2014-07-16 15:10:47',1,'402882f94680252d0146802afaf70044'),('402882ed473dfbf901473e04e145000b','Chrome','预约频道信息添加成功',3,'192.168.2.109','2014-07-16 15:13:32',1,'402882f94680252d0146802afaf70044'),('402882ed473dfbf901473e05f900000d','Chrome','预约频道信息添加成功',3,'192.168.2.109','2014-07-16 15:14:44',1,'402882f94680252d0146802afaf70044'),('402882ed473dfbf901473e066862000f','Chrome','预约频道信息添加成功',3,'192.168.2.109','2014-07-16 15:15:13',1,'402882f94680252d0146802afaf70044'),('402882ed473dfbf901473e0b9df00011','Chrome','预约频道信息添加成功',3,'192.168.2.109','2014-07-16 15:20:54',1,'402882f94680252d0146802afaf70044'),('402882ed473dfbf901473e0c07790013','Chrome','会议直播成功',3,'192.168.2.109','2014-07-16 15:21:21',1,'402882f94680252d0146802afaf70044'),('402882ed473dfbf901473e1020130015','Chrome','预约频道信息添加成功',3,'192.168.2.109','2014-07-16 15:25:49',1,'402882f94680252d0146802afaf70044'),('402882ed473dfbf901473e102f640017','Chrome','会议直播成功',3,'192.168.2.109','2014-07-16 15:25:53',1,'402882f94680252d0146802afaf70044'),('402882ed473dfbf901473e1087aa0018','Chrome','会议信息删除成功',4,'192.168.2.109','2014-07-16 15:26:16',1,'402882f94680252d0146802afaf70044'),('402882ed473dfbf901473e1095bf0019','Chrome','会议信息删除成功',4,'192.168.2.109','2014-07-16 15:26:20',1,'402882f94680252d0146802afaf70044'),('402882ed473dfbf901473e10a4f2001a','Chrome','会议信息删除成功',4,'192.168.2.109','2014-07-16 15:26:23',1,'402882f94680252d0146802afaf70044'),('402882ed473dfbf901473e10af9b001b','Chrome','会议信息删除成功',4,'192.168.2.109','2014-07-16 15:26:26',1,'402882f94680252d0146802afaf70044'),('402882ed473dfbf901473e10b7a1001c','Chrome','会议信息删除成功',4,'192.168.2.109','2014-07-16 15:26:28',1,'402882f94680252d0146802afaf70044'),('402882ed473dfbf901473e143da8001e','Chrome','预约频道信息添加成功',3,'192.168.2.109','2014-07-16 15:30:19',1,'402882f94680252d0146802afaf70044'),('402882ed473dfbf901473e1458640020','Chrome','会议直播成功',3,'192.168.2.109','2014-07-16 15:30:26',1,'402882f94680252d0146802afaf70044'),('402882ed473dfbf901473e16e2ee0022','Chrome','预约频道信息添加成功',3,'192.168.2.109','2014-07-16 15:33:13',1,'402882f94680252d0146802afaf70044'),('402882ed473dfbf901473e16f3090024','Chrome','会议直播成功',3,'192.168.2.109','2014-07-16 15:33:17',1,'402882f94680252d0146802afaf70044'),('402882ed473dfbf901473e18f9760025','Chrome','会议信息删除成功',4,'192.168.2.109','2014-07-16 15:35:29',1,'402882f94680252d0146802afaf70044'),('402882ed473dfbf901473e1903420026','Chrome','会议信息删除成功',4,'192.168.2.109','2014-07-16 15:35:32',1,'402882f94680252d0146802afaf70044'),('402882ed473dfbf901473e1927680028','Chrome','预约频道信息添加成功',3,'192.168.2.109','2014-07-16 15:35:41',1,'402882f94680252d0146802afaf70044'),('402882ed473dfbf901473e192d03002a','Chrome','会议直播成功',3,'192.168.2.109','2014-07-16 15:35:43',1,'402882f94680252d0146802afaf70044'),('402882ed473dfbf901473e1bbad8002b','Chrome','会议信息删除成功',4,'192.168.2.109','2014-07-16 15:38:30',1,'402882f94680252d0146802afaf70044'),('402882ed473dfbf901473e1cfefb002d','Chrome','预约频道信息添加成功',3,'192.168.2.109','2014-07-16 15:39:53',1,'402882f94680252d0146802afaf70044'),('402882ed473dfbf901473e1d0bac002f','Chrome','会议直播成功',3,'192.168.2.109','2014-07-16 15:39:56',1,'402882f94680252d0146802afaf70044'),('402882ed473e325e01473e356de70000','Chrome','用户: admin[信息部]登录成功',1,'192.168.2.109','2014-07-16 16:06:34',1,'402882f94680252d0146802afaf70044'),('402882ed473e325e01473e35cff90002','Chrome','预约频道信息添加成功',3,'192.168.2.109','2014-07-16 16:06:59',1,'402882f94680252d0146802afaf70044'),('402882ed473e325e01473e35f4250004','Chrome','会议直播成功',3,'192.168.2.109','2014-07-16 16:07:09',1,'402882f94680252d0146802afaf70044'),('402882ed473e325e01473e3dfa9e0006','Chrome','会议信息删除成功',4,'192.168.2.109','2014-07-16 16:15:55',1,'402882f94680252d0146802afaf70044'),('402882ed473e325e01473e3e045e0007','Chrome','会议信息删除成功',4,'192.168.2.109','2014-07-16 16:15:57',1,'402882f94680252d0146802afaf70044'),('402882ed473e325e01473e3e29d80009','Chrome','预约频道信息添加成功',3,'192.168.2.109','2014-07-16 16:16:07',1,'402882f94680252d0146802afaf70044'),('402882ed473e325e01473e3e3097000b','Chrome','会议直播成功',3,'192.168.2.109','2014-07-16 16:16:08',1,'402882f94680252d0146802afaf70044'),('402882ed473e416301473e43b80b0000','Chrome','用户: admin[信息部]登录成功',1,'192.168.2.109','2014-07-16 16:22:11',1,'402882f94680252d0146802afaf70044'),('402882ed473e416301473e43da090001','Chrome','会议信息删除成功',4,'192.168.2.109','2014-07-16 16:22:19',1,'402882f94680252d0146802afaf70044'),('402882ed473e416301473e4425380003','Chrome','预约频道信息添加成功',3,'192.168.2.109','2014-07-16 16:22:39',1,'402882f94680252d0146802afaf70044'),('402882ed473e416301473e4430970005','Chrome','会议直播成功',3,'192.168.2.109','2014-07-16 16:22:42',1,'402882f94680252d0146802afaf70044'),('402882ed473e416301473e46ada90008','Chrome','预约频道信息添加成功',3,'192.168.2.109','2014-07-16 16:25:25',1,'402882f94680252d0146802afaf70044'),('402882ed473e416301473e46b636000a','Chrome','会议直播成功',3,'192.168.2.109','2014-07-16 16:25:27',1,'402882f94680252d0146802afaf70044'),('402882ed473e4b5b01473e4bd2e90000','Chrome','用户: admin[信息部]登录成功',1,'192.168.2.109','2014-07-16 16:31:02',1,'402882f94680252d0146802afaf70044'),('402882ed473e4b5b01473e4d051a0001','Chrome','会议信息删除成功',4,'192.168.2.109','2014-07-16 16:32:20',1,'402882f94680252d0146802afaf70044'),('402882ed473e4b5b01473e4d0db30002','Chrome','会议信息删除成功',4,'192.168.2.109','2014-07-16 16:32:22',1,'402882f94680252d0146802afaf70044'),('402882ed473e4b5b01473e4d3f340004','Chrome','预约频道信息添加成功',3,'192.168.2.109','2014-07-16 16:32:35',1,'402882f94680252d0146802afaf70044'),('402882ed473e4b5b01473e4d4b0e0006','Chrome','会议直播成功',3,'192.168.2.109','2014-07-16 16:32:38',1,'402882f94680252d0146802afaf70044'),('402882ed473e4b5b01473e53cfa50009','Chrome','预约频道信息添加成功',3,'192.168.2.109','2014-07-16 16:39:45',1,'402882f94680252d0146802afaf70044'),('402882ed473e4b5b01473e53d549000b','Chrome','会议直播成功',3,'192.168.2.109','2014-07-16 16:39:47',1,'402882f94680252d0146802afaf70044'),('402882ed473e5b8a01473e5bd51c0000','Chrome','用户: admin[信息部]登录成功',1,'192.168.2.109','2014-07-16 16:48:31',1,'402882f94680252d0146802afaf70044'),('402882ed473e5b8a01473e5c00e00001','Chrome','会议信息删除成功',4,'192.168.2.109','2014-07-16 16:48:42',1,'402882f94680252d0146802afaf70044'),('402882ed473e5b8a01473e5c0a750002','Chrome','会议信息删除成功',4,'192.168.2.109','2014-07-16 16:48:45',1,'402882f94680252d0146802afaf70044'),('402882ed473e5b8a01473e5c30250004','Chrome','预约频道信息添加成功',3,'192.168.2.109','2014-07-16 16:48:54',1,'402882f94680252d0146802afaf70044'),('402882ed473e5b8a01473e5c399b0006','Chrome','会议直播成功',3,'192.168.2.109','2014-07-16 16:48:57',1,'402882f94680252d0146802afaf70044'),('402882ed473e5b8a01473e84a8020009','Chrome','用户: admin[信息部]登录成功',1,'192.168.2.109','2014-07-16 17:33:06',1,'402882f94680252d0146802afaf70044'),('402882ed473e5b8a01473e859ad4000b','Chrome','权限: 配置管理被添加成功',3,'192.168.2.109','2014-07-16 17:34:09',1,'402882f94680252d0146802afaf70044'),('402882ed473e5b8a01473e86542b000d','Chrome','权限: 点播服务器被添加成功',3,'192.168.2.109','2014-07-16 17:34:56',1,'402882f94680252d0146802afaf70044'),('402882ed473e5b8a01473e875335000f','Chrome','权限: 录制服务器被添加成功',3,'192.168.2.109','2014-07-16 17:36:01',1,'402882f94680252d0146802afaf70044'),('402882ed473e5b8a01473e8846e00011','Chrome','权限: 编码器管理被添加成功',3,'192.168.2.109','2014-07-16 17:37:04',1,'402882f94680252d0146802afaf70044'),('402882ed473e5b8a01473e88c1580016','Chrome','用户admin已退出',2,'192.168.2.109','2014-07-16 17:37:35',1,'402882f94680252d0146802afaf70044'),('402882ed473e5b8a01473e88cc4e0017','Chrome','用户: admin[信息部]登录成功',1,'192.168.2.109','2014-07-16 17:37:38',1,'402882f94680252d0146802afaf70044'),('402882ed473e5b8a01473e8b21860018','Chrome','用户admin已退出',2,'192.168.2.109','2014-07-16 17:40:11',1,'402882f94680252d0146802afaf70044'),('402882ed473e5b8a01473e8b2a2c0019','Chrome','用户: admin[信息部]登录成功',1,'192.168.2.109','2014-07-16 17:40:13',1,'402882f94680252d0146802afaf70044'),('402882ed474251520147425264890000','Chrome','用户: admin[信息部]登录成功',1,'192.168.2.109','2014-07-17 11:16:41',1,'402882f94680252d0146802afaf70044'),('402882ed47425152014742557dad0002','Chrome','点播服务器添加成功',3,'192.168.2.109','2014-07-17 11:20:04',1,'402882f94680252d0146802afaf70044'),('402882ed47425152014742561ced0003','Chrome','录制服务器删除成功',4,'192.168.2.109','2014-07-17 11:20:45',1,'402882f94680252d0146802afaf70044'),('402882ed4742515201474256262d0004','Chrome','录制服务器删除成功',4,'192.168.2.109','2014-07-17 11:20:47',1,'402882f94680252d0146802afaf70044'),('402882ed47425152014742562f550005','Chrome','录制服务器删除成功',4,'192.168.2.109','2014-07-17 11:20:50',1,'402882f94680252d0146802afaf70044'),('402882ed474251520147425637520006','Chrome','录制服务器删除成功',4,'192.168.2.109','2014-07-17 11:20:52',1,'402882f94680252d0146802afaf70044'),('402882ed47425152014742563ec80007','Chrome','录制服务器删除成功',4,'192.168.2.109','2014-07-17 11:20:54',1,'402882f94680252d0146802afaf70044'),('402882ed4742515201474256458f0008','Chrome','录制服务器删除成功',4,'192.168.2.109','2014-07-17 11:20:55',1,'402882f94680252d0146802afaf70044'),('402882ed47425152014742564cc30009','Chrome','录制服务器删除成功',4,'192.168.2.109','2014-07-17 11:20:57',1,'402882f94680252d0146802afaf70044'),('402882ed474251520147425727ae000b','Chrome','录制服务器添加成功',3,'192.168.2.109','2014-07-17 11:21:53',1,'402882f94680252d0146802afaf70044'),('402882ed47425f440147425f8d400000','Chrome','用户: admin[信息部]登录成功',1,'192.168.2.109','2014-07-17 11:31:04',1,'402882f94680252d0146802afaf70044'),('402882ed47425f44014742611d0f0002','Chrome','编码器配置信息添加成功',3,'192.168.2.109','2014-07-17 11:32:46',1,'402882f94680252d0146802afaf70044'),('402882ed47425f4401474261a3180004','Chrome','会议信息删除成功',4,'192.168.2.109','2014-07-17 11:33:20',1,'402882f94680252d0146802afaf70044'),('402882ed47425f44014742621eca0006','Chrome','预约频道信息添加成功',3,'192.168.2.109','2014-07-17 11:33:52',1,'402882f94680252d0146802afaf70044'),('402882ed47425f44014742622adb0008','Chrome','会议直播成功',3,'192.168.2.109','2014-07-17 11:33:55',1,'402882f94680252d0146802afaf70044'),('402882ed47425f440147426733b2000b','Chrome','会议信息删除成功',4,'192.168.2.109','2014-07-17 11:39:25',1,'402882f94680252d0146802afaf70044'),('402882ed47425f44014742676afe000d','Chrome','预约频道信息添加成功',3,'192.168.2.109','2014-07-17 11:39:39',1,'402882f94680252d0146802afaf70044'),('402882ed47425f440147426774e2000f','Chrome','会议直播成功',3,'192.168.2.109','2014-07-17 11:39:42',1,'402882f94680252d0146802afaf70044'),('402882ed47425f4401474279f7cf0012','Chrome','会议信息删除成功',4,'192.168.2.109','2014-07-17 11:59:55',1,'402882f94680252d0146802afaf70044'),('402882ed47425f440147427a20170014','Chrome','预约频道信息添加成功',3,'192.168.2.109','2014-07-17 12:00:05',1,'402882f94680252d0146802afaf70044'),('402882ed47425f440147427a273e0016','Chrome','会议直播成功',3,'192.168.2.109','2014-07-17 12:00:07',1,'402882f94680252d0146802afaf70044'),('402882ed47427db30147427e94e10000','Chrome','用户: admin[信息部]登录成功',1,'192.168.2.109','2014-07-17 12:04:57',1,'402882f94680252d0146802afaf70044'),('402882ed47427db30147427ebdfb0001','Chrome','会议信息删除成功',4,'192.168.2.109','2014-07-17 12:05:08',1,'402882f94680252d0146802afaf70044'),('402882ed47427db30147427f15e70003','Chrome','预约频道信息添加成功',3,'192.168.2.109','2014-07-17 12:05:30',1,'402882f94680252d0146802afaf70044'),('402882ed47427db30147427f72ac0005','Chrome','会议直播成功',3,'192.168.2.109','2014-07-17 12:05:54',1,'402882f94680252d0146802afaf70044'),('402882ed47427db30147428007a20008','Chrome','会议信息删除成功',4,'192.168.2.109','2014-07-17 12:06:32',1,'402882f94680252d0146802afaf70044'),('402882ed47427db3014742809dae000a','Chrome','预约频道信息添加成功',3,'192.168.2.109','2014-07-17 12:07:11',1,'402882f94680252d0146802afaf70044'),('402882ed47427db301474280a3ed000c','Chrome','会议直播成功',3,'192.168.2.109','2014-07-17 12:07:12',1,'402882f94680252d0146802afaf70044'),('402882ed47427db3014742869588000f','Chrome','会议信息删除成功',4,'192.168.2.109','2014-07-17 12:13:42',1,'402882f94680252d0146802afaf70044'),('402882ed47427db301474286c8ce0011','Chrome','预约频道信息添加成功',3,'192.168.2.109','2014-07-17 12:13:55',1,'402882f94680252d0146802afaf70044'),('402882ed47427db301474286d4900013','Chrome','会议直播成功',3,'192.168.2.109','2014-07-17 12:13:58',1,'402882f94680252d0146802afaf70044'),('402882ed47435a900147435b108c0000','Chrome','用户: admin[信息部]登录成功',1,'192.168.2.109','2014-07-17 16:05:47',1,'402882f94680252d0146802afaf70044'),('402882ed47435a900147435b3dda0001','Chrome','会议信息删除成功',4,'192.168.2.109','2014-07-17 16:05:58',1,'402882f94680252d0146802afaf70044'),('402882ed47435a900147435b6cb00003','Chrome','预约频道信息添加成功',3,'192.168.2.109','2014-07-17 16:06:10',1,'402882f94680252d0146802afaf70044'),('402882ed47435a900147435b80700005','Chrome','会议直播成功',3,'192.168.2.109','2014-07-17 16:06:15',1,'402882f94680252d0146802afaf70044'),('402882ed47435d7601474360b2e80000','Chrome','用户: admin[信息部]登录成功',1,'192.168.2.109','2014-07-17 16:11:56',1,'402882f94680252d0146802afaf70044'),('402882ed47435d760147436117b70001','Chrome','会议信息删除成功',4,'192.168.2.109','2014-07-17 16:12:22',1,'402882f94680252d0146802afaf70044'),('402882ed47435d76014743613e390003','Chrome','预约频道信息添加成功',3,'192.168.2.109','2014-07-17 16:12:32',1,'402882f94680252d0146802afaf70044'),('402882ed47435d760147436149c40005','Chrome','会议直播成功',3,'192.168.2.109','2014-07-17 16:12:35',1,'402882f94680252d0146802afaf70044'),('402882ed47435d760147436448960006','Chrome','会议信息删除成功',4,'192.168.2.109','2014-07-17 16:15:51',1,'402882f94680252d0146802afaf70044'),('402882ed47435d76014743646fa60008','Chrome','预约频道信息添加成功',3,'192.168.2.109','2014-07-17 16:16:01',1,'402882f94680252d0146802afaf70044'),('402882ed47435d76014743647e7c000a','Chrome','会议直播成功',3,'192.168.2.109','2014-07-17 16:16:05',1,'402882f94680252d0146802afaf70044'),('402882ed47435d760147436f8e60000d','Chrome','会议信息删除成功',4,'192.168.2.109','2014-07-17 16:28:10',1,'402882f94680252d0146802afaf70044'),('402882ed47435d760147436fb9c8000f','Chrome','预约频道信息添加成功',3,'192.168.2.109','2014-07-17 16:28:21',1,'402882f94680252d0146802afaf70044'),('402882ed47435d760147436fc47e0011','Chrome','会议直播成功',3,'192.168.2.109','2014-07-17 16:28:24',1,'402882f94680252d0146802afaf70044'),('402882ed47435d76014743753f760014','Chrome','会议信息删除成功',4,'192.168.2.109','2014-07-17 16:34:23',1,'402882f94680252d0146802afaf70044'),('402882ed47435d760147437d79f50016','Chrome','预约频道信息添加成功',3,'192.168.2.109','2014-07-17 16:43:22',1,'402882f94680252d0146802afaf70044'),('402882ed47435d760147437d85010018','Chrome','会议直播成功',3,'192.168.2.109','2014-07-17 16:43:25',1,'402882f94680252d0146802afaf70044'),('402882ed47435d760147437fca9a001b','Chrome','会议信息删除成功',4,'192.168.2.109','2014-07-17 16:45:54',1,'402882f94680252d0146802afaf70044'),('402882ed47435d760147437ff4f3001d','Chrome','预约频道信息添加成功',3,'192.168.2.109','2014-07-17 16:46:05',1,'402882f94680252d0146802afaf70044'),('402882ed47435d760147437ffedd001f','Chrome','会议直播成功',3,'192.168.2.109','2014-07-17 16:46:07',1,'402882f94680252d0146802afaf70044'),('402882ed47438b490147438ba99c0000','Chrome','用户: admin[信息部]登录成功',1,'192.168.2.109','2014-07-17 16:58:52',1,'402882f94680252d0146802afaf70044'),('402882ed47438b490147438bca2a0001','Chrome','会议信息删除成功',4,'192.168.2.109','2014-07-17 16:59:00',1,'402882f94680252d0146802afaf70044'),('402882ed47438b490147438bf3230003','Chrome','预约频道信息添加成功',3,'192.168.2.109','2014-07-17 16:59:11',1,'402882f94680252d0146802afaf70044'),('402882ed47438b490147438bfd610005','Chrome','会议直播成功',3,'192.168.2.109','2014-07-17 16:59:13',1,'402882f94680252d0146802afaf70044'),('402882ed47439581014743980fa60000','Chrome','用户: admin[信息部]登录成功',1,'192.168.2.109','2014-07-17 17:12:24',1,'402882f94680252d0146802afaf70044'),('402882ed47439581014743982d9c0001','Chrome','会议信息删除成功',4,'192.168.2.109','2014-07-17 17:12:32',1,'402882f94680252d0146802afaf70044'),('402882ed4743958101474398641d0003','Chrome','预约频道信息添加成功',3,'192.168.2.109','2014-07-17 17:12:46',1,'402882f94680252d0146802afaf70044'),('402882ed47439581014743986f1b0005','Chrome','会议直播成功',3,'192.168.2.109','2014-07-17 17:12:49',1,'402882f94680252d0146802afaf70044'),('402882ed474395810147439e967d0008','Chrome','会议信息删除成功',4,'192.168.2.109','2014-07-17 17:19:32',1,'402882f94680252d0146802afaf70044'),('402882ed474395810147439ebe3e000a','Chrome','预约频道信息添加成功',3,'192.168.2.109','2014-07-17 17:19:42',1,'402882f94680252d0146802afaf70044'),('402882ed474395810147439ec8dd000c','Chrome','会议直播成功',3,'192.168.2.109','2014-07-17 17:19:45',1,'402882f94680252d0146802afaf70044'),('402882ed4743a8a1014743aa52080000','Chrome','用户: admin[信息部]登录成功',1,'192.168.2.109','2014-07-17 17:32:21',1,'402882f94680252d0146802afaf70044'),('402882ed4743a8a1014743aa74f90001','Chrome','会议信息删除成功',4,'192.168.2.109','2014-07-17 17:32:30',1,'402882f94680252d0146802afaf70044'),('402882ed4743a8a1014743aa9d9a0003','Chrome','预约频道信息添加成功',3,'192.168.2.109','2014-07-17 17:32:40',1,'402882f94680252d0146802afaf70044'),('402882ed4743a8a1014743aaef1d0005','Chrome','预约频道信息添加成功',3,'192.168.2.109','2014-07-17 17:33:01',1,'402882f94680252d0146802afaf70044'),('402882ed4743a8a1014743aafb0f0007','Chrome','会议直播成功',3,'192.168.2.109','2014-07-17 17:33:04',1,'402882f94680252d0146802afaf70044'),('402882ed4743b4bd014743b5427d0000','Chrome','用户: admin[信息部]登录成功',1,'192.168.2.109','2014-07-17 17:44:18',1,'402882f94680252d0146802afaf70044'),('402882ed4743b4bd014743b561720001','Chrome','会议信息删除成功',4,'192.168.2.109','2014-07-17 17:44:26',1,'402882f94680252d0146802afaf70044'),('402882ed4743b4bd014743b58a570003','Chrome','预约频道信息添加成功',3,'192.168.2.109','2014-07-17 17:44:36',1,'402882f94680252d0146802afaf70044'),('402882ed4743b4bd014743b596230005','Chrome','会议直播成功',3,'192.168.2.109','2014-07-17 17:44:39',1,'402882f94680252d0146802afaf70044'),('402882ed4743c9ed014743ca4b8d0000','Chrome','用户: admin[信息部]登录成功',1,'192.168.2.109','2014-07-17 18:07:16',1,'402882f94680252d0146802afaf70044'),('402882ed4743c9ed014743ca6e080001','Chrome','会议信息删除成功',4,'192.168.2.109','2014-07-17 18:07:25',1,'402882f94680252d0146802afaf70044'),('402882ed4743c9ed014743caa4610003','Chrome','预约频道信息添加成功',3,'192.168.2.109','2014-07-17 18:07:39',1,'402882f94680252d0146802afaf70044'),('402882ed4743c9ed014743cab1370005','Chrome','会议直播成功',3,'192.168.2.109','2014-07-17 18:07:42',1,'402882f94680252d0146802afaf70044'),('402882ed47473b990147473c023b0000','Chrome','用户: admin[信息部]登录成功',1,'192.168.2.109','2014-07-18 10:10:20',1,'402882f94680252d0146802afaf70044'),('402882ed47473b990147473c34860001','Chrome','会议信息删除成功',4,'192.168.2.109','2014-07-18 10:10:33',1,'402882f94680252d0146802afaf70044'),('402882ed47473b990147473c66e30003','Chrome','预约频道信息添加成功',3,'192.168.2.109','2014-07-18 10:10:46',1,'402882f94680252d0146802afaf70044'),('402882ed47473b990147473c71850005','Chrome','会议直播成功',3,'192.168.2.109','2014-07-18 10:10:49',1,'402882f94680252d0146802afaf70044'),('402882ed47474bd20147474c462f0000','Chrome','用户: admin[信息部]登录成功',1,'192.168.2.109','2014-07-18 10:28:06',1,'402882f94680252d0146802afaf70044'),('402882ed47474bd20147474c67120001','Chrome','会议信息删除成功',4,'192.168.2.109','2014-07-18 10:28:15',1,'402882f94680252d0146802afaf70044'),('402882ed47474bd20147474cb3830003','Chrome','预约频道信息添加成功',3,'192.168.2.109','2014-07-18 10:28:34',1,'402882f94680252d0146802afaf70044'),('402882ed47474bd20147474cbc440005','Chrome','会议直播成功',3,'192.168.2.109','2014-07-18 10:28:37',1,'402882f94680252d0146802afaf70044'),('402882ed47475034014747507e300000','Chrome','用户: admin[信息部]登录成功',1,'192.168.2.109','2014-07-18 10:32:43',1,'402882f94680252d0146802afaf70044'),('402882ed47475034014747509db20001','Chrome','会议信息删除成功',4,'192.168.2.109','2014-07-18 10:32:51',1,'402882f94680252d0146802afaf70044'),('402882ed4747503401474750c3760003','Chrome','预约频道信息添加成功',3,'192.168.2.109','2014-07-18 10:33:01',1,'402882f94680252d0146802afaf70044'),('402882ed4747503401474750cdf70005','Chrome','会议直播成功',3,'192.168.2.109','2014-07-18 10:33:03',1,'402882f94680252d0146802afaf70044'),('402882ed47476bf00147476ca8ea0000','Chrome','用户: admin[信息部]登录成功',1,'192.168.2.109','2014-07-18 11:03:29',1,'402882f94680252d0146802afaf70044'),('402882ed47476bf00147476cca6d0001','Chrome','会议信息删除成功',4,'192.168.2.109','2014-07-18 11:03:37',1,'402882f94680252d0146802afaf70044'),('402882ed47476bf00147476cf6f60003','Chrome','预约频道信息添加成功',3,'192.168.2.109','2014-07-18 11:03:49',1,'402882f94680252d0146802afaf70044'),('402882ed47476bf00147476cff340005','Chrome','会议直播成功',3,'192.168.2.109','2014-07-18 11:03:51',1,'402882f94680252d0146802afaf70044'),('402882ed47477a7e0147477ac7950000','Chrome','用户: admin[信息部]登录成功',1,'192.168.2.109','2014-07-18 11:18:54',1,'402882f94680252d0146802afaf70044'),('402882ed47477a7e0147477af05a0001','Chrome','会议信息删除成功',4,'192.168.2.109','2014-07-18 11:19:05',1,'402882f94680252d0146802afaf70044'),('402882ed47477a7e0147477b18ed0003','Chrome','预约频道信息添加成功',3,'192.168.2.109','2014-07-18 11:19:15',1,'402882f94680252d0146802afaf70044'),('402882ed47477a7e0147477b22710005','Chrome','会议直播成功',3,'192.168.2.109','2014-07-18 11:19:17',1,'402882f94680252d0146802afaf70044'),('402882ed47477a7e0147477d617f0007','Chrome','会议信息删除成功',4,'192.168.2.109','2014-07-18 11:21:45',1,'402882f94680252d0146802afaf70044'),('402882ed47477a7e0147477d81910009','Chrome','预约频道信息添加成功',3,'192.168.2.109','2014-07-18 11:21:53',1,'402882f94680252d0146802afaf70044'),('402882ed47477a7e0147477d8b34000b','Chrome','会议直播成功',3,'192.168.2.109','2014-07-18 11:21:55',1,'402882f94680252d0146802afaf70044'),('402882ed47477e770147477f780d0000','Chrome','用户: admin[信息部]登录成功',1,'192.168.2.109','2014-07-18 11:24:01',1,'402882f94680252d0146802afaf70044'),('402882ed47477e770147477f96380001','Chrome','会议信息删除成功',4,'192.168.2.109','2014-07-18 11:24:09',1,'402882f94680252d0146802afaf70044'),('402882ed47477e770147477fc1260003','Chrome','预约频道信息添加成功',3,'192.168.2.109','2014-07-18 11:24:20',1,'402882f94680252d0146802afaf70044'),('402882ed47477e770147477fcbbf0005','Chrome','会议直播成功',3,'192.168.2.109','2014-07-18 11:24:23',1,'402882f94680252d0146802afaf70044'),('402882ed47478b760147478c16290000','Chrome','用户: admin[信息部]登录成功',1,'192.168.2.109','2014-07-18 11:37:48',1,'402882f94680252d0146802afaf70044'),('402882ed47478b760147478c34e10001','Chrome','会议信息删除成功',4,'192.168.2.109','2014-07-18 11:37:56',1,'402882f94680252d0146802afaf70044'),('402882ed47478b760147478c5ba90003','Chrome','预约频道信息添加成功',3,'192.168.2.109','2014-07-18 11:38:06',1,'402882f94680252d0146802afaf70044'),('402882ed47478b760147478c654c0005','Chrome','会议直播成功',3,'192.168.2.109','2014-07-18 11:38:09',1,'402882f94680252d0146802afaf70044'),('402882ed474790510147479091210000','Chrome','用户: admin[信息部]登录成功',1,'192.168.2.109','2014-07-18 11:42:42',1,'402882f94680252d0146802afaf70044'),('402882ed4747905101474790b0120001','Chrome','会议信息删除成功',4,'192.168.2.109','2014-07-18 11:42:50',1,'402882f94680252d0146802afaf70044'),('402882ed4747905101474790d5a80003','Chrome','预约频道信息添加成功',3,'192.168.2.109','2014-07-18 11:43:00',1,'402882f94680252d0146802afaf70044'),('402882ed4747905101474790df600005','Chrome','会议直播成功',3,'192.168.2.109','2014-07-18 11:43:02',1,'402882f94680252d0146802afaf70044'),('402882ed47479051014747cb781a0008','Chrome','用户: admin[信息部]登录成功',1,'192.168.2.109','2014-07-18 12:47:02',1,'402882f94680252d0146802afaf70044'),('402882ed47479051014747cbba840009','Chrome','会议信息删除成功',4,'192.168.2.109','2014-07-18 12:47:19',1,'402882f94680252d0146802afaf70044'),('402882ed47479051014747cbe0b4000b','Chrome','预约频道信息添加成功',3,'192.168.2.109','2014-07-18 12:47:29',1,'402882f94680252d0146802afaf70044'),('402882ed47479051014747cbe9c2000d','Chrome','会议直播成功',3,'192.168.2.109','2014-07-18 12:47:31',1,'402882f94680252d0146802afaf70044'),('402882ed47479051014747d6741b0011','Chrome','预约频道信息添加成功',3,'192.168.2.109','2014-07-18 12:59:02',1,'402882f94680252d0146802afaf70044'),('402882ed47479051014747d67e910013','Chrome','会议直播成功',3,'192.168.2.109','2014-07-18 12:59:05',1,'402882f94680252d0146802afaf70044'),('402882ed47479051014747e91c480015','Chrome','会议信息删除成功',4,'192.168.2.109','2014-07-18 13:19:25',1,'402882f94680252d0146802afaf70044'),('402882ed47479051014747e94a860016','Chrome','会议信息删除成功',4,'192.168.2.109','2014-07-18 13:19:37',1,'402882f94680252d0146802afaf70044'),('402882ed47479051014747e987050018','Chrome','预约频道信息添加成功',3,'192.168.2.109','2014-07-18 13:19:52',1,'402882f94680252d0146802afaf70044'),('402882ed47479051014747e991e8001a','Chrome','会议直播成功',3,'192.168.2.109','2014-07-18 13:19:55',1,'402882f94680252d0146802afaf70044'),('402882ed47479051014747ebd7b9001e','Chrome','会议信息删除成功',4,'192.168.2.109','2014-07-18 13:22:24',1,'402882f94680252d0146802afaf70044'),('402882ed47568b030147568c7a660000','Chrome','用户: admin[信息部]登录成功',1,'192.168.2.109','2014-07-21 09:32:32',1,'402882f94680252d0146802afaf70044'),('402882ed4756ac91014756ad5d2c0000','Chrome','用户: admin[信息部]登录成功',1,'192.168.2.109','2014-07-21 10:08:27',1,'402882f94680252d0146802afaf70044'),('402882ed4756ac91014756eb4a0c0001','Chrome','用户: admin[信息部]登录成功',1,'192.168.2.109','2014-07-21 11:16:06',1,'402882f94680252d0146802afaf70044'),('402882ed4756ac9101475735e64f0002','Chrome','用户: admin[信息部]登录成功',1,'192.168.2.109','2014-07-21 12:37:35',1,'402882f94680252d0146802afaf70044'),('402882ed4756ac910147573665cf0003','Chrome','权限: 终端日志被更新成功',5,'192.168.2.109','2014-07-21 12:38:08',1,'402882f94680252d0146802afaf70044'),('402882ed4756ac9101475736753c0004','Chrome','用户admin已退出',2,'192.168.2.109','2014-07-21 12:38:12',1,'402882f94680252d0146802afaf70044'),('402882ed4756ac910147573680010005','Chrome','用户: admin[信息部]登录成功',1,'192.168.2.109','2014-07-21 12:38:15',1,'402882f94680252d0146802afaf70044'),('402882ed4756ac91014757942c280006','Chrome','用户: admin[信息部]登录成功',1,'192.168.2.109','2014-07-21 14:20:34',1,'402882f94680252d0146802afaf70044'),('402882ed4756ac910147579493ec0007','Chrome','权限: 异常请求被更新成功',5,'192.168.2.109','2014-07-21 14:21:00',1,'402882f94680252d0146802afaf70044'),('402882ed4756ac9101475794a6db0008','Chrome','用户admin已退出',2,'192.168.2.109','2014-07-21 14:21:05',1,'402882f94680252d0146802afaf70044'),('402882ed4756ac9101475794b3b30009','Chrome','用户: admin[信息部]登录成功',1,'192.168.2.109','2014-07-21 14:21:08',1,'402882f94680252d0146802afaf70044'),('402882ed4757974401475797f63b0000','Chrome','用户: admin[信息部]登录成功',1,'192.168.2.109','2014-07-21 14:24:42',1,'402882f94680252d0146802afaf70044'),('402882ed47579744014757af59990002','Chrome','权限: 终端状态被添加成功',3,'192.168.2.109','2014-07-21 14:50:15',1,'402882f94680252d0146802afaf70044'),('402882ed47579744014757af697e0003','Chrome','用户admin已退出',2,'192.168.2.109','2014-07-21 14:50:19',1,'402882f94680252d0146802afaf70044'),('402882ed47579744014757af74720004','Chrome','用户: admin[信息部]登录成功',1,'192.168.2.109','2014-07-21 14:50:22',1,'402882f94680252d0146802afaf70044'),('402882ed47579744014757b011290006','Chrome','用户admin已退出',2,'192.168.2.109','2014-07-21 14:51:02',1,'402882f94680252d0146802afaf70044'),('402882ed47579744014757b01b930007','Chrome','用户: admin[信息部]登录成功',1,'192.168.2.109','2014-07-21 14:51:04',1,'402882f94680252d0146802afaf70044'),('402882ed4757b5ab014757b61d950000','Chrome','用户: admin[信息部]登录成功',1,'192.168.2.109','2014-07-21 14:57:38',1,'402882f94680252d0146802afaf70044'),('402882ed4757b5ab014757b6e48e0001','Chrome','权限: 终端状态被更新成功',5,'192.168.2.109','2014-07-21 14:58:29',1,'402882f94680252d0146802afaf70044'),('402882ed4757b5ab014757b6f2870002','Chrome','用户admin已退出',2,'192.168.2.109','2014-07-21 14:58:33',1,'402882f94680252d0146802afaf70044'),('402882ed4757b5ab014757b6fc8f0003','Chrome','用户: admin[信息部]登录成功',1,'192.168.2.109','2014-07-21 14:58:35',1,'402882f94680252d0146802afaf70044'),('402882ed4757b5ab014757c3e9690004','Chrome','权限: 终端状态被更新成功',5,'192.168.2.109','2014-07-21 15:12:42',1,'402882f94680252d0146802afaf70044'),('402882ed4757c457014757c4b6520000','Chrome','用户: admin[信息部]登录成功',1,'192.168.2.109','2014-07-21 15:13:35',1,'402882f94680252d0146802afaf70044'),('402882ed4757c694014757c6d2030000','Chrome','用户: admin[信息部]登录成功',1,'192.168.2.109','2014-07-21 15:15:53',1,'402882f94680252d0146802afaf70044'),('402882ed4757c9c7014757ca5d8a0000','Chrome','用户: admin[信息部]登录成功',1,'192.168.2.109','2014-07-21 15:19:45',1,'402882f94680252d0146802afaf70044'),('402882ed4757cd19014757cd70e90000','Chrome','用户: admin[信息部]登录成功',1,'192.168.2.109','2014-07-21 15:23:07',1,'402882f94680252d0146802afaf70044'),('402882ed4757cd19014757cdd8170001','Chrome','权限: 终端状态被更新成功',5,'192.168.2.109','2014-07-21 15:23:33',1,'402882f94680252d0146802afaf70044'),('402882ed4757cd19014757cde6620002','Chrome','用户admin已退出',2,'192.168.2.109','2014-07-21 15:23:37',1,'402882f94680252d0146802afaf70044'),('402882ed4757cd19014757cdf1130003','Chrome','用户: admin[信息部]登录成功',1,'192.168.2.109','2014-07-21 15:23:40',1,'402882f94680252d0146802afaf70044'),('402882ed4757cee5014757cf31960000','Chrome','用户: admin[信息部]登录成功',1,'192.168.2.109','2014-07-21 15:25:02',1,'402882f94680252d0146802afaf70044'),('402882ed4757cee5014757ddb82d0002','Chrome','类型分组: 终端状态被添加成功',3,'192.168.2.109','2014-07-21 15:40:54',1,'402882f94680252d0146802afaf70044'),('402882ed4757cee5014757de251d0004','Chrome','类型: 未激活被添加成功',3,'192.168.2.109','2014-07-21 15:41:22',1,'402882f94680252d0146802afaf70044'),('402882ed4757cee5014757de66ed0006','Chrome','类型: 离线被添加成功',3,'192.168.2.109','2014-07-21 15:41:38',1,'402882f94680252d0146802afaf70044'),('402882ed4757cee5014757de94ab0008','Chrome','类型: 在线被添加成功',3,'192.168.2.109','2014-07-21 15:41:50',1,'402882f94680252d0146802afaf70044'),('402882ed4757f0db014757f135580000','Chrome','用户: admin[信息部]登录成功',1,'192.168.2.109','2014-07-21 16:02:11',1,'402882f94680252d0146802afaf70044'),('402882ed475802e201475806d3b50000','Chrome','用户: admin[信息部]登录成功',1,'192.168.2.109','2014-07-21 16:25:48',1,'402882f94680252d0146802afaf70044'),('402882ed47582c170147582cbbf20000','Chrome','用户: admin[信息部]登录成功',1,'192.168.2.109','2014-07-21 17:07:12',1,'402882f94680252d0146802afaf70044'),('402882ed475c168b01475c178c710000','Chrome','用户: admin[信息部]登录成功',1,'192.168.2.109','2014-07-22 11:22:32',1,'402882f94680252d0146802afaf70044'),('402882ed475c168b01475d1aeedb0001','Chrome','用户: admin[信息部]登录成功',1,'192.168.2.109','2014-07-22 16:05:51',1,'402882f94680252d0146802afaf70044'),('402882ed475d6e8701475d70cd8d0000','Chrome','用户: admin[信息部]登录成功',1,'192.168.2.109','2014-07-22 17:39:39',1,'402882f94680252d0146802afaf70044'),('402882ed4760e79d014760e85ba00000','Chrome','用户: admin[信息部]登录成功',1,'192.168.2.109','2014-07-23 09:49:06',1,'402882f94680252d0146802afaf70044'),('402882ed4760e79d014760eb08450001','Chrome','权限: 会议日志被更新成功',5,'192.168.2.109','2014-07-23 09:52:01',1,'402882f94680252d0146802afaf70044'),('402882ed4760e79d014760eb1a2d0002','Chrome','用户admin已退出',2,'192.168.2.109','2014-07-23 09:52:06',1,'402882f94680252d0146802afaf70044'),('402882ed4760e79d014760eb25670003','Chrome','用户: admin[信息部]登录成功',1,'192.168.2.109','2014-07-23 09:52:09',1,'402882f94680252d0146802afaf70044'),('402882ed47611e4a0147611e8f4f0000','Chrome','用户: admin[信息部]登录成功',1,'192.168.2.109','2014-07-23 10:48:18',1,'402882f94680252d0146802afaf70044'),('402882ed47611e4a0147611f46880002','Chrome','权限: 培训管理被添加成功',3,'192.168.2.109','2014-07-23 10:49:05',1,'402882f94680252d0146802afaf70044'),('402882ed47611e4a0147611f97900003','Chrome','权限: 培训管理被更新成功',5,'192.168.2.109','2014-07-23 10:49:26',1,'402882f94680252d0146802afaf70044'),('402882ed47611e4a014761204bbb0005','Chrome','权限: 培训信息被添加成功',3,'192.168.2.109','2014-07-23 10:50:12',1,'402882f94680252d0146802afaf70044'),('402882ed47611e4a01476120e7080007','Chrome','权限: 预约培训被添加成功',3,'192.168.2.109','2014-07-23 10:50:52',1,'402882f94680252d0146802afaf70044'),('402882ed47611e4a0147612162c50009','Chrome','权限: 培训日志被添加成功',3,'192.168.2.109','2014-07-23 10:51:23',1,'402882f94680252d0146802afaf70044'),('402882ed47611e4a014761217383000a','Chrome','用户admin已退出',2,'192.168.2.109','2014-07-23 10:51:28',1,'402882f94680252d0146802afaf70044'),('402882ed47611e4a014761217f3a000b','Chrome','用户: admin[信息部]登录成功',1,'192.168.2.109','2014-07-23 10:51:31',1,'402882f94680252d0146802afaf70044'),('402882ed47611e4a01476121de770010','Chrome','用户admin已退出',2,'192.168.2.109','2014-07-23 10:51:55',1,'402882f94680252d0146802afaf70044'),('402882ed47611e4a01476121e88c0011','Chrome','用户: admin[信息部]登录成功',1,'192.168.2.109','2014-07-23 10:51:57',1,'402882f94680252d0146802afaf70044'),('402882ed47611e4a014761ccbed30012','Chrome','用户: admin[信息部]登录成功',1,'192.168.2.109','2014-07-23 13:58:33',1,'402882f94680252d0146802afaf70044'),('402882ed47611e4a0147621871940013','Chrome','用户: admin[信息部]登录成功',1,'192.168.2.109','2014-07-23 15:21:14',1,'402882f94680252d0146802afaf70044'),('402882ed476269d20147626a317e0000','Chrome','用户: admin[信息部]登录成功',1,'192.168.2.109','2014-07-23 16:50:32',1,'402882f94680252d0146802afaf70044'),('402882ed47626c870147626cd15d0000','Chrome','用户: admin[信息部]登录成功',1,'192.168.2.109','2014-07-23 16:53:24',1,'402882f94680252d0146802afaf70044'),('402882ed47626c8701476270191a0001','Chrome','权限: 预约培训被更新成功',5,'192.168.2.109','2014-07-23 16:56:59',1,'402882f94680252d0146802afaf70044'),('402882ed47626c870147627025260002','Chrome','用户admin已退出',2,'192.168.2.109','2014-07-23 16:57:02',1,'402882f94680252d0146802afaf70044'),('402882ed47626c87014762702f200003','Chrome','用户: admin[信息部]登录成功',1,'192.168.2.109','2014-07-23 16:57:05',1,'402882f94680252d0146802afaf70044'),('402882ed4762716a01476272149d0000','Chrome','用户: admin[信息部]登录成功',1,'192.168.2.109','2014-07-23 16:59:09',1,'402882f94680252d0146802afaf70044'),('402882ed476612e7014766135e390000','Chrome','用户: admin[信息部]登录成功',1,'192.168.2.109','2014-07-24 09:54:11',1,'402882f94680252d0146802afaf70044'),('402882ed476612e70147665378e70002','Chrome','预约频道信息添加成功',3,'192.168.2.109','2014-07-24 11:04:12',1,'402882f94680252d0146802afaf70044'),('402882ed476612e701476653839c0004','Chrome','直播成功',3,'192.168.2.109','2014-07-24 11:04:15',1,'402882f94680252d0146802afaf70044'),('402882ed47665f3301476668a2970000','Chrome','用户: admin[信息部]登录成功',1,'192.168.2.109','2014-07-24 11:27:19',1,'402882f94680252d0146802afaf70044'),('402882ed47665f330147666975dd0002','Chrome','权限: 用户分组被添加成功',3,'192.168.2.109','2014-07-24 11:28:13',1,'402882f94680252d0146802afaf70044'),('402882ed47665f330147666a1d5d0004','Chrome','权限: 设备分组被添加成功',3,'192.168.2.109','2014-07-24 11:28:56',1,'402882f94680252d0146802afaf70044'),('402882ed47665f330147666a668f0007','Chrome','用户admin已退出',2,'192.168.2.109','2014-07-24 11:29:14',1,'402882f94680252d0146802afaf70044'),('402882ed47665f330147666a70cd0008','Chrome','用户: admin[信息部]登录成功',1,'192.168.2.109','2014-07-24 11:29:17',1,'402882f94680252d0146802afaf70044'),('402882ed47665f33014766921c650009','Chrome','用户: admin[信息部]登录成功',1,'192.168.2.109','2014-07-24 12:12:37',1,'402882f94680252d0146802afaf70044'),('402882ed4766a5a4014766a846c60000','Chrome','用户: admin[信息部]登录成功',1,'192.168.2.109','2014-07-24 12:36:49',1,'402882f94680252d0146802afaf70044'),('402882ed4766a5a4014766e9950c0001','Chrome','用户: admin[信息部]登录成功',1,'192.168.2.109','2014-07-24 13:48:09',1,'402882f94680252d0146802afaf70044'),('402882ed4766a5a4014767274f7b0004','Chrome','用户: gale添加成功',3,'192.168.2.109','2014-07-24 14:55:35',1,'402882f94680252d0146802afaf70044'),('402882ed4766a5a401476727a6770006','Chrome','用户: gale更新成功',5,'192.168.2.109','2014-07-24 14:55:57',1,'402882f94680252d0146802afaf70044'),('402882ed4766a5a401476727ee3d0008','Chrome','用户: gale更新成功',5,'192.168.2.109','2014-07-24 14:56:15',1,'402882f94680252d0146802afaf70044'),('402882ed4766a5a40147672aa13a0009','Chrome','用户：gale删除成功',4,'192.168.2.109','2014-07-24 14:59:12',1,'402882f94680252d0146802afaf70044'),('402882ed47672d580147672da9290000','Chrome','用户: admin[信息部]登录成功',1,'192.168.2.109','2014-07-24 15:02:31',1,'402882f94680252d0146802afaf70044'),('402882ed47672d580147673007040003','Chrome','用户: gale添加成功',3,'192.168.2.109','2014-07-24 15:05:06',1,'402882f94680252d0146802afaf70044'),('402882ed47672d58014767327a5a0004','Chrome','用户：gale删除成功',4,'192.168.2.109','2014-07-24 15:07:47',1,'402882f94680252d0146802afaf70044'),('402882ed47672d5801476732dc3a0008','Chrome','用户: gale添加成功',3,'192.168.2.109','2014-07-24 15:08:12',1,'402882f94680252d0146802afaf70044'),('402882ed47672d580147675835670009','Chrome','用户: admin[信息部]登录成功',1,'192.168.2.109','2014-07-24 15:48:59',1,'402882f94680252d0146802afaf70044'),('402882ed47678b990147678c9e970000','Chrome','用户: admin[信息部]登录成功',1,'192.168.2.109','2014-07-24 16:46:14',1,'402882f94680252d0146802afaf70044'),('402882ed4767909f01476790e1aa0000','Chrome','用户: admin[信息部]登录成功',1,'192.168.2.109','2014-07-24 16:50:53',1,'402882f94680252d0146802afaf70044'),('402882ed4767938601476793c2fb0000','Chrome','用户: admin[信息部]登录成功',1,'192.168.2.109','2014-07-24 16:54:02',1,'402882f94680252d0146802afaf70044'),('402882ed4767a44e014767a490ff0000','Chrome','用户: admin[信息部]登录成功',1,'192.168.2.109','2014-07-24 17:12:24',1,'402882f94680252d0146802afaf70044'),('402882ed4767e09b014767e0e4f30000','Chrome','用户: admin[信息部]登录成功',1,'192.168.2.109','2014-07-24 18:18:17',1,'402882f94680252d0146802afaf70044'),('402882ed4767e09b014767e14d2c0002','Chrome','权限分组更新失败',3,'192.168.2.109','2014-07-24 18:18:44',1,'402882f94680252d0146802afaf70044'),('402882ed4767e09b014767e35ab00004','Chrome','权限分组更新失败了',3,'192.168.2.109','2014-07-24 18:20:58',1,'402882f94680252d0146802afaf70044'),('402882ed4767e4e4014767e53d720000','Chrome','用户: admin[信息部]登录成功',1,'192.168.2.109','2014-07-24 18:23:02',1,'402882f94680252d0146802afaf70044'),('402882ed4767e4e4014767e583550002','Chrome','权限分组更新失败了',3,'192.168.2.109','2014-07-24 18:23:20',1,'402882f94680252d0146802afaf70044'),('402882ed4767e4e4014767e702350004','Chrome','权限分组更新失败了',3,'192.168.2.109','2014-07-24 18:24:58',1,'402882f94680252d0146802afaf70044'),('402882ed4767e4e4014767e830490006','Chrome','权限分组更新失败了',3,'192.168.2.109','2014-07-24 18:26:15',1,'402882f94680252d0146802afaf70044'),('402882ed4767e4e4014767e918ac0008','Chrome','权限分组更新失败了',3,'192.168.2.109','2014-07-24 18:27:15',1,'402882f94680252d0146802afaf70044'),('402882ed4767e4e4014767ebbd27000a','Chrome','权限分组更新失败了',3,'192.168.2.109','2014-07-24 18:30:08',1,'402882f94680252d0146802afaf70044'),('402882ed4767e4e4014767ed4061000c','Chrome','权限分组更新失败了',3,'192.168.2.109','2014-07-24 18:31:47',1,'402882f94680252d0146802afaf70044'),('402882ed4767f0c6014767f105730000','Chrome','用户: admin[信息部]登录成功',1,'192.168.2.109','2014-07-24 18:35:54',1,'402882f94680252d0146802afaf70044'),('402882ed4767f0c6014767f1389b0006','Chrome','权限分组添加成功',3,'192.168.2.109','2014-07-24 18:36:07',1,'402882f94680252d0146802afaf70044'),('402882ed476b38bd01476b3a01f00000','Chrome','用户: admin[信息部]登录成功',1,'192.168.2.109','2014-07-25 09:54:29',1,'402882f94680252d0146802afaf70044'),('402882ed476b446801476b460b4f0000','Chrome','用户: admin[信息部]登录成功',1,'192.168.2.109','2014-07-25 10:07:38',1,'402882f94680252d0146802afaf70044'),('402882ed476b446801476ba808e20001','Chrome','用户: admin[信息部]登录成功',1,'192.168.2.109','2014-07-25 11:54:40',1,'402882f94680252d0146802afaf70044'),('402882ed476b446801476c4174f50002','Chrome','用户: admin[信息部]登录成功',1,'192.168.2.109','2014-07-25 14:42:14',1,'402882f94680252d0146802afaf70044'),('402882ed476b446801476c6f245a0003','Chrome','用户: admin[信息部]登录成功',1,'192.168.2.109','2014-07-25 15:32:08',1,'402882f94680252d0146802afaf70044'),('402882ed476b446801476c99d8400004','Chrome','用户: admin[信息部]登录成功',1,'192.168.2.109','2014-07-25 16:18:47',1,'402882f94680252d0146802afaf70044'),('402882ed476b446801476caaff3b0008','Chrome','权限分组更新成功',5,'192.168.2.109','2014-07-25 16:37:31',1,'402882f94680252d0146802afaf70044'),('402882ed476cbb0c01476cbb77d30000','Chrome','用户: admin[信息部]登录成功',1,'192.168.2.109','2014-07-25 16:55:31',1,'402882f94680252d0146802afaf70044'),('402882ed476cbb0c01476cbc112d0001','Chrome','权限: 设备分组被更新成功',5,'192.168.2.109','2014-07-25 16:56:10',1,'402882f94680252d0146802afaf70044'),('402882ed476cbb0c01476cbc21830002','Chrome','用户admin已退出',2,'192.168.2.109','2014-07-25 16:56:14',1,'402882f94680252d0146802afaf70044'),('402882ed476cbb0c01476cbc2b540003','Chrome','用户: admin[信息部]登录成功',1,'192.168.2.109','2014-07-25 16:56:16',1,'402882f94680252d0146802afaf70044'),('402882ed476cdf4601476cdfb8bf0000','Chrome','用户: admin[信息部]登录成功',1,'192.168.2.109','2014-07-25 17:35:06',1,'402882f94680252d0146802afaf70044'),('402882ed476cdf4601476ce769790001','Chrome','终端分组删除成功',4,'192.168.2.109','2014-07-25 17:43:30',1,'402882f94680252d0146802afaf70044'),('402882ed476cdf4601476ce778740002','Chrome','终端分组删除成功',4,'192.168.2.109','2014-07-25 17:43:34',1,'402882f94680252d0146802afaf70044'),('402882ed476cdf4601476ce7848f0003','Chrome','终端分组删除成功',4,'192.168.2.109','2014-07-25 17:43:37',1,'402882f94680252d0146802afaf70044'),('402882ed476cdf4601476ce78f930004','Chrome','终端分组删除成功',4,'192.168.2.109','2014-07-25 17:43:40',1,'402882f94680252d0146802afaf70044'),('402882ed476cdf4601476ce796f70005','Chrome','终端分组删除成功',4,'192.168.2.109','2014-07-25 17:43:42',1,'402882f94680252d0146802afaf70044'),('402882ed476cdf4601476ce79f410006','Chrome','终端分组删除成功',4,'192.168.2.109','2014-07-25 17:43:44',1,'402882f94680252d0146802afaf70044'),('402882ed476cdf4601476ce7a9ff0007','Chrome','终端分组删除成功',4,'192.168.2.109','2014-07-25 17:43:47',1,'402882f94680252d0146802afaf70044'),('402882ed476cdf4601476ce7b09d0008','Chrome','终端分组删除成功',4,'192.168.2.109','2014-07-25 17:43:49',1,'402882f94680252d0146802afaf70044'),('402882ed476ceca901476cecf13f0000','Chrome','用户: admin[信息部]登录成功',1,'192.168.2.109','2014-07-25 17:49:33',1,'402882f94680252d0146802afaf70044'),('402882ed476cf5e401476cf7797a0000','Chrome','用户: admin[信息部]登录成功',1,'192.168.2.109','2014-07-25 18:01:03',1,'402882f94680252d0146802afaf70044'),('402882ed476cf86801476cf8c7090000','Chrome','用户: admin[信息部]登录成功',1,'192.168.2.109','2014-07-25 18:02:29',1,'402882f94680252d0146802afaf70044'),('402882ed476cf86801476cf90efc0006','Chrome','终端分组添加成功',3,'192.168.2.109','2014-07-25 18:02:47',1,'402882f94680252d0146802afaf70044'),('402882ed477aaf7701477ab143fe0000','Chrome','用户: admin[信息部]登录成功',1,'192.168.2.109','2014-07-28 09:59:03',1,'402882f94680252d0146802afaf70044'),('402882ed477aaf7701477b05cb8d0001','Chrome','用户: admin[信息部]登录成功',1,'192.168.2.109','2014-07-28 11:31:23',1,'402882f94680252d0146802afaf70044'),('402882ed477aaf7701477bc1f2ab0002','Chrome','用户: admin[信息部]登录成功',1,'192.168.2.109','2014-07-28 14:56:53',1,'402882f94680252d0146802afaf70044'),('402882ed477aaf7701477bc22e700003','Chrome','用户admin已退出',2,'192.168.2.109','2014-07-28 14:57:09',1,'402882f94680252d0146802afaf70044'),('402882ed477aaf7701477bc76b390004','Chrome','用户: admin[信息部]登录成功',1,'192.168.2.109','2014-07-28 15:02:52',1,'402882f94680252d0146802afaf70044'),('402882ed477aaf7701477bfbd9040005','Chrome','用户: admin[信息部]登录成功',1,'192.168.2.109','2014-07-28 16:00:08',1,'402882f94680252d0146802afaf70044'),('402882ed477c532f01477c54a86a0000','Chrome','用户: admin[信息部]登录成功',1,'192.168.2.109','2014-07-28 17:37:08',1,'402882f94680252d0146802afaf70044'),('402882ed4781046f01478104db600000','Chrome','用户: admin[信息部]登录成功',1,'192.168.2.109','2014-07-29 15:28:04',1,'402882f94680252d0146802afaf70044'),('402882ed478508ed0147852271c40000','Chrome','用户: admin[信息部]登录成功',1,'192.168.2.109','2014-07-30 10:38:52',1,'402882f94680252d0146802afaf70044'),('402882ed478546ef01478547d4750000','Chrome','用户: admin[信息部]登录成功',1,'192.168.2.109','2014-07-30 11:19:42',1,'402882f94680252d0146802afaf70044'),('402882ed478546ef01478569286e0001','Chrome','用户: admin[信息部]登录成功',1,'192.168.2.109','2014-07-30 11:56:07',1,'402882f94680252d0146802afaf70044'),('402882ed4785f8cd014785f91df40000','Chrome','用户: admin[信息部]登录成功',1,'192.168.2.109','2014-07-30 14:33:21',1,'402882f94680252d0146802afaf70044'),('402882ed4786068401478607a9640000','Chrome','用户: admin[信息部]登录成功',1,'192.168.2.109','2014-07-30 14:49:14',1,'402882f94680252d0146802afaf70044'),('402882ed4786068401478608680c0001','Chrome','编码器配置信息删除成功',4,'192.168.2.109','2014-07-30 14:50:03',1,'402882f94680252d0146802afaf70044'),('402882ed47860684014786086fb10002','Chrome','编码器配置信息删除成功',4,'192.168.2.109','2014-07-30 14:50:05',1,'402882f94680252d0146802afaf70044'),('402882ed478606840147860876cd0003','Chrome','编码器配置信息删除成功',4,'192.168.2.109','2014-07-30 14:50:07',1,'402882f94680252d0146802afaf70044'),('402882ed47860684014786087f1a0004','Chrome','编码器配置信息删除成功',4,'192.168.2.109','2014-07-30 14:50:09',1,'402882f94680252d0146802afaf70044'),('402882ed478606840147860886a60005','Chrome','编码器配置信息删除成功',4,'192.168.2.109','2014-07-30 14:50:11',1,'402882f94680252d0146802afaf70044'),('402882ed47860684014786088d090006','Chrome','编码器配置信息删除成功',4,'192.168.2.109','2014-07-30 14:50:13',1,'402882f94680252d0146802afaf70044'),('402882ed4786068401478608a2420007','Chrome','录制服务器删除成功',4,'192.168.2.109','2014-07-30 14:50:18',1,'402882f94680252d0146802afaf70044'),('402882ed4786068401478608b1250008','Chrome','点播服务器删除成功',4,'192.168.2.109','2014-07-30 14:50:22',1,'402882f94680252d0146802afaf70044'),('402882ed4786068401478608c4400009','Chrome','权限分组删除成功',4,'192.168.2.109','2014-07-30 14:50:27',1,'402882f94680252d0146802afaf70044'),('402882ed4786068401478608d34e000a','Chrome','终端分组删除成功',4,'192.168.2.109','2014-07-30 14:50:31',1,'402882f94680252d0146802afaf70044'),('402882ed4786068401478608f9da000b','Chrome','终端信息删除成功',4,'192.168.2.109','2014-07-30 14:50:40',1,'402882f94680252d0146802afaf70044'),('402882ed4786068401478609056f000c','Chrome','终端信息删除成功',4,'192.168.2.109','2014-07-30 14:50:43',1,'402882f94680252d0146802afaf70044'),('402882ed478606840147860940d1000d','Chrome','会议日志删除成功',4,'192.168.2.109','2014-07-30 14:50:59',1,'402882f94680252d0146802afaf70044'),('402882ed4786068401478610e44d000e','Chrome','用户: admin[信息部]登录成功',1,'192.168.1.46','2014-07-30 14:59:19',1,'402882f94680252d0146802afaf70044'),('402882ed478b626e01478b62f3050000','Chrome','用户: admin[信息部]登录成功',1,'192.168.2.109','2014-07-31 15:47:03',1,'402882f94680252d0146802afaf70044'),('402882ed478b626e01478b631d860001','Chrome','会议信息删除成功',4,'192.168.2.109','2014-07-31 15:47:14',1,'402882f94680252d0146802afaf70044'),('402882ed478b626e01478b6c2fc20003','Chrome','预约频道信息添加成功',3,'192.168.2.109','2014-07-31 15:57:08',1,'402882f94680252d0146802afaf70044'),('402882ed478b626e01478b6c399e0005','Chrome','会议直播成功',3,'192.168.2.109','2014-07-31 15:57:11',1,'402882f94680252d0146802afaf70044'),('402882ed478b626e01478b6cb2d60006','Chrome','会议信息删除成功',4,'192.168.2.109','2014-07-31 15:57:42',1,'402882f94680252d0146802afaf70044'),('402882ed478b626e01478b6cdb090008','Chrome','预约频道信息添加成功',3,'192.168.2.109','2014-07-31 15:57:52',1,'402882f94680252d0146802afaf70044'),('402882ed478b626e01478b6ce5fa000a','Chrome','会议直播成功',3,'192.168.2.109','2014-07-31 15:57:55',1,'402882f94680252d0146802afaf70044'),('402882ed478b6f2001478b71220c0000','Chrome','用户: admin[信息部]登录成功',1,'192.168.2.109','2014-07-31 16:02:33',1,'402882f94680252d0146802afaf70044'),('402882ed478b6f2001478b71474f0001','Chrome','会议信息删除成功',4,'192.168.2.109','2014-07-31 16:02:42',1,'402882f94680252d0146802afaf70044'),('402882ed478b6f2001478b716cb90003','Chrome','预约频道信息添加成功',3,'192.168.2.109','2014-07-31 16:02:52',1,'402882f94680252d0146802afaf70044'),('402882ed478b6f2001478b7179be0005','Chrome','会议直播成功',3,'192.168.2.109','2014-07-31 16:02:55',1,'402882f94680252d0146802afaf70044'),('402882ed478b6f2001478b72b0580006','Chrome','会议信息删除成功',4,'192.168.2.109','2014-07-31 16:04:15',1,'402882f94680252d0146802afaf70044'),('402882ed478b6f2001478b72e4bb0008','Chrome','预约频道信息添加成功',3,'192.168.2.109','2014-07-31 16:04:28',1,'402882f94680252d0146802afaf70044'),('402882ed478b6f2001478b72edcf000a','Chrome','true',3,'192.168.2.109','2014-07-31 16:04:30',1,'402882f94680252d0146802afaf70044'),('402882ed478b740801478b7450290000','Chrome','用户: admin[信息部]登录成功',1,'192.168.2.109','2014-07-31 16:06:01',1,'402882f94680252d0146802afaf70044'),('402882ed478b740801478b746e5c0001','Chrome','会议信息删除成功',4,'192.168.2.109','2014-07-31 16:06:09',1,'402882f94680252d0146802afaf70044'),('402882ed478b740801478b7490b40003','Chrome','预约频道信息添加成功',3,'192.168.2.109','2014-07-31 16:06:18',1,'402882f94680252d0146802afaf70044'),('402882ed478b740801478b749ad70005','Chrome','true',3,'192.168.2.109','2014-07-31 16:06:20',1,'402882f94680252d0146802afaf70044'),('402882ed478b9c0501478b9c4ee10000','Chrome','用户: admin[信息部]登录成功',1,'192.168.2.109','2014-07-31 16:49:42',1,'402882f94680252d0146802afaf70044'),('402882ed478bad0501478bb05fdf0000','Chrome','用户: admin[信息部]登录成功',1,'192.168.2.109','2014-07-31 17:11:37',1,'402882f94680252d0146802afaf70044'),('402882ed478bad0501478bcd67150001','Chrome','会议信息删除成功',4,'192.168.2.109','2014-07-31 17:43:20',1,'402882f94680252d0146802afaf70044'),('402882ed478bad0501478bee4a620003','Chrome','预约频道信息添加成功',3,'192.168.2.109','2014-07-31 18:19:15',1,'402882f94680252d0146802afaf70044'),('402882ed478bad0501478bef2a640005','Chrome','预约频道信息添加成功',3,'192.168.2.109','2014-07-31 18:20:12',1,'402882f94680252d0146802afaf70044'),('402882ed478bad0501478bef39470007','Chrome','会议直播成功',3,'192.168.2.109','2014-07-31 18:20:16',1,'402882f94680252d0146802afaf70044'),('402882ed478bad0501478befc26f0008','Chrome','会议信息删除成功',4,'192.168.2.109','2014-07-31 18:20:51',1,'402882f94680252d0146802afaf70044'),('402882ed478bad0501478befe1da000a','Chrome','预约频道信息添加成功',3,'192.168.2.109','2014-07-31 18:20:59',1,'402882f94680252d0146802afaf70044'),('402882ed478bad0501478befeb46000c','Chrome','会议直播成功',3,'192.168.2.109','2014-07-31 18:21:02',1,'402882f94680252d0146802afaf70044'),('402882ed478bad0501478bf19de0000d','Chrome','会议信息删除成功',4,'192.168.2.109','2014-07-31 18:22:53',1,'402882f94680252d0146802afaf70044'),('402882ed478bad0501478bf1c0b1000f','Chrome','预约频道信息添加成功',3,'192.168.2.109','2014-07-31 18:23:02',1,'402882f94680252d0146802afaf70044'),('402882ed478bad0501478bf1ca750011','Chrome','true',3,'192.168.2.109','2014-07-31 18:23:04',1,'402882f94680252d0146802afaf70044'),('402882ed478bad0501478bf51fbb0012','Chrome','会议信息删除成功',4,'192.168.2.109','2014-07-31 18:26:43',1,'402882f94680252d0146802afaf70044'),('402882ed478bad0501478bf54c2c0014','Chrome','预约频道信息添加成功',3,'192.168.2.109','2014-07-31 18:26:54',1,'402882f94680252d0146802afaf70044'),('402882ed478bad0501478bf5591a0016','Chrome','会议直播成功',3,'192.168.2.109','2014-07-31 18:26:57',1,'402882f94680252d0146802afaf70044'),('402882ed478bad0501478c38388e0019','Chrome','用户admin已退出',2,'192.168.2.109','2014-07-31 19:40:00',1,'402882f94680252d0146802afaf70044'),('402882ed478bad0501478c3f93d1001a','Chrome','用户: admin[信息部]登录成功',1,'192.168.2.109','2014-07-31 19:48:02',1,'402882f94680252d0146802afaf70044'),('402882ed478f73ce01478f75dbcb0000','Chrome','用户: admin[信息部]登录成功',1,'192.168.2.109','2014-08-01 10:46:11',1,'402882f94680252d0146802afaf70044'),('402882ed478fd9ca01478fda1ee80000','Chrome','用户: admin[信息部]登录成功',1,'192.168.2.109','2014-08-01 12:35:42',1,'402882f94680252d0146802afaf70044'),('402882ed478fd9ca01478fda9a440001','Chrome','会议信息删除成功',4,'192.168.2.109','2014-08-01 12:36:14',1,'402882f94680252d0146802afaf70044'),('402882ed478fd9ca01478fdac8f80003','Chrome','预约频道信息添加成功',3,'192.168.2.109','2014-08-01 12:36:25',1,'402882f94680252d0146802afaf70044'),('402882ed478fd9ca01478fdad3de0005','Chrome','会议直播成功',3,'192.168.2.109','2014-08-01 12:36:28',1,'402882f94680252d0146802afaf70044'),('402882ed47902828014790287ade0000','Chrome','用户: admin[信息部]登录成功',1,'192.168.2.109','2014-08-01 14:01:17',1,'402882f94680252d0146802afaf70044'),('402882ed4790282801479028a77a0001','Chrome','会议信息删除成功',4,'192.168.2.109','2014-08-01 14:01:29',1,'402882f94680252d0146802afaf70044'),('402882ed4790282801479028e71b0003','Chrome','预约频道信息添加成功',3,'192.168.2.109','2014-08-01 14:01:45',1,'402882f94680252d0146802afaf70044'),('402882ed4790282801479028f5570005','Chrome','会议直播成功',3,'192.168.2.109','2014-08-01 14:01:49',1,'402882f94680252d0146802afaf70044'),('402882ed479028280147902f65fb0006','Chrome','会议信息删除成功',4,'192.168.2.109','2014-08-01 14:08:51',1,'402882f94680252d0146802afaf70044'),('402882ed479028280147902f8f700008','Chrome','预约频道信息添加成功',3,'192.168.2.109','2014-08-01 14:09:01',1,'402882f94680252d0146802afaf70044'),('402882ed479028280147902fa0ef000a','Chrome','',3,'192.168.2.109','2014-08-01 14:09:06',1,'402882f94680252d0146802afaf70044'),('402882ed4790282801479033f045000b','Chrome','会议信息删除成功',4,'192.168.2.109','2014-08-01 14:13:48',1,'402882f94680252d0146802afaf70044'),('402882ed47902828014790341ccd000d','Chrome','预约频道信息添加成功',3,'192.168.2.109','2014-08-01 14:14:00',1,'402882f94680252d0146802afaf70044'),('402882ed479028280147903429ba000f','Chrome','会议直播成功',3,'192.168.2.109','2014-08-01 14:14:03',1,'402882f94680252d0146802afaf70044'),('402882ed4790282801479037e57b0010','Chrome','会议信息删除成功',4,'192.168.2.109','2014-08-01 14:18:08',1,'402882f94680252d0146802afaf70044'),('402882ed479028280147903817300012','Chrome','预约频道信息添加成功',3,'192.168.2.109','2014-08-01 14:18:20',1,'402882f94680252d0146802afaf70044'),('402882ed479028280147903822970014','Chrome','',3,'192.168.2.109','2014-08-01 14:18:23',1,'402882f94680252d0146802afaf70044'),('402882ed479028280147903a0d650015','Chrome','会议信息删除成功',4,'192.168.2.109','2014-08-01 14:20:29',1,'402882f94680252d0146802afaf70044'),('402882ed479028280147903a35550017','Chrome','预约频道信息添加成功',3,'192.168.2.109','2014-08-01 14:20:39',1,'402882f94680252d0146802afaf70044'),('402882ed479028280147903a3f650019','Chrome','',3,'192.168.2.109','2014-08-01 14:20:42',1,'402882f94680252d0146802afaf70044'),('402882ed47905d940147905e80000000','Chrome','用户: admin[信息部]登录成功',1,'192.168.2.109','2014-08-01 15:00:18',1,'402882f94680252d0146802afaf70044'),('402882ed47907d8c0147907dcd830000','Chrome','用户: admin[信息部]登录成功',1,'192.168.2.109','2014-08-01 15:34:29',1,'402882f94680252d0146802afaf70044'),('402882ed47907d8c0147909f9182000d','Chrome','用户admin已退出',2,'192.168.2.109','2014-08-01 16:11:22',1,'402882f94680252d0146802afaf70044'),('402882ed47907d8c0147909fc78e000e','Chrome','用户: admin[信息部]登录成功',1,'192.168.2.109','2014-08-01 16:11:36',1,'402882f94680252d0146802afaf70044'),('402882ed47907d8c014790a1787c000f','Chrome','会议信息删除成功',4,'192.168.2.109','2014-08-01 16:13:27',1,'402882f94680252d0146802afaf70044'),('402882ed47907d8c014790a600b50011','Chrome','预约频道信息添加成功',3,'192.168.2.109','2014-08-01 16:18:24',1,'402882f94680252d0146802afaf70044'),('402882ed47907d8c014790a699950013','Chrome','',3,'192.168.2.109','2014-08-01 16:19:03',1,'402882f94680252d0146802afaf70044'),('402882ed47907d8c014790be7b64001d','Chrome','终端信息添加成功',3,'192.168.2.109','2014-08-01 16:45:08',1,'402882f94680252d0146802afaf70044'),('402882ed479ee60a01479ee6f3110000','Chrome','用户: admin[信息部]登录成功',1,'192.168.2.109','2014-08-04 10:44:01',1,'402882f94680252d0146802afaf70044'),('402882ed479ee60a01479ef794d70002','Chrome','预约频道信息添加成功',3,'192.168.2.109','2014-08-04 11:02:11',1,'402882f94680252d0146802afaf70044'),('402882ed479ee60a01479ef7a2160004','Chrome','会议预约添加成功',3,'192.168.2.109','2014-08-04 11:02:14',1,'402882f94680252d0146802afaf70044'),('402882ed479ee60a01479ef83f760006','Chrome','会议预约启用成功',5,'192.168.2.109','2014-08-04 11:02:55',1,'402882f94680252d0146802afaf70044'),('402882ed479ee60a01479ef90e9b0007','Chrome','会议信息更新成功',5,'192.168.2.109','2014-08-04 11:03:48',1,'402882f94680252d0146802afaf70044'),('402882ed479ee60a01479f38b4d00008','Chrome','会议信息删除成功',4,'192.168.2.109','2014-08-04 12:13:19',1,'402882f94680252d0146802afaf70044'),('402882ed47a0d5ab0147a0d666fa0000','Chrome','用户: admin[信息部]登录成功',1,'192.168.2.109','2014-08-04 19:45:11',1,'402882f94680252d0146802afaf70044'),('402882ed47a0dc970147a0dcf94c0000','Chrome','用户: admin[信息部]登录成功',1,'192.168.2.109','2014-08-04 19:52:22',1,'402882f94680252d0146802afaf70044'),('402882ed47a0dc970147a0dff8ba0001','Chrome','用户admin已退出',2,'192.168.2.109','2014-08-04 19:55:38',1,'402882f94680252d0146802afaf70044'),('402882ed47a0dc970147a0e009370002','Chrome','用户: admin[信息部]登录成功',1,'192.168.2.109','2014-08-04 19:55:42',1,'402882f94680252d0146802afaf70044'),('402882ed47a0fbcc0147a0fc41fe0000','Chrome','用户: admin[信息部]登录成功',1,'192.168.2.109','2014-08-04 20:26:32',1,'402882f94680252d0146802afaf70044'),('402882ed47a0fbcc0147a0fe19fa0002','Chrome','预约频道信息添加成功',3,'192.168.2.109','2014-08-04 20:28:33',1,'402882f94680252d0146802afaf70044'),('402882ed47a0fbcc0147a0fe24f00004','Chrome','',3,'192.168.2.109','2014-08-04 20:28:35',1,'402882f94680252d0146802afaf70044'),('402882ed47a105b60147a106885c0000','Chrome','用户: admin[信息部]登录成功',1,'192.168.2.109','2014-08-04 20:37:45',1,'402882f94680252d0146802afaf70044'),('402882ed47a3f0a70147a3f351100000','Chrome','用户: admin[信息部]登录成功',1,'192.168.2.109','2014-08-05 10:15:37',1,'402882f94680252d0146802afaf70044'),('402882ed47a3f0a70147a42998180001','Chrome','用户: admin[信息部]登录成功',1,'192.168.2.109','2014-08-05 11:14:55',1,'402882f94680252d0146802afaf70044'),('402882ed47a56a2c0147a56ed3050000','Chrome','用户: admin[信息部]登录成功',1,'192.168.2.109','2014-08-05 17:10:09',1,'402882f94680252d0146802afaf70044'),('402882ed47a58f290147a58ff9080000','Chrome','用户: admin[信息部]登录成功',1,'192.168.2.109','2014-08-05 17:46:21',1,'402882f94680252d0146802afaf70044'),('402882ed47a59c160147a59c52440000','Chrome','用户: admin[信息部]登录成功',1,'192.168.2.109','2014-08-05 17:59:51',1,'402882f94680252d0146802afaf70044'),('402882ed47a5a5610147a5a5c31f0000','Chrome','用户: admin[信息部]登录成功',1,'192.168.2.109','2014-08-05 18:10:09',1,'402882f94680252d0146802afaf70044'),('402882ed47a5a5610147a5f6361a0001','Chrome','会议信息删除成功',4,'192.168.2.109','2014-08-05 19:38:02',1,'402882f94680252d0146802afaf70044'),('402882ed47a5a5610147a5f63f5a0002','Chrome','会议信息删除成功',4,'192.168.2.109','2014-08-05 19:38:04',1,'402882f94680252d0146802afaf70044'),('402882ed47a5a5610147a6016c040004','Chrome','预约频道信息添加成功',3,'192.168.2.109','2014-08-05 19:50:16',1,'402882f94680252d0146802afaf70044'),('402882ed47a5a5610147a60177620006','Chrome','',3,'192.168.2.109','2014-08-05 19:50:19',1,'402882f94680252d0146802afaf70044'),('402882ed47a966580147a96b8b7b0000','Chrome','用户: admin[信息部]登录成功',1,'192.168.2.109','2014-08-06 11:45:03',1,'402882f94680252d0146802afaf70044'),('402882ed47a966580147a9d2438f0004','Chrome','用户: admin[信息部]登录成功',1,'192.168.2.109','2014-08-06 13:37:15',1,'402882f94680252d0146802afaf70044'),('402882ed47a9e9400147a9e9bef40000','Chrome','用户: admin[信息部]登录成功',1,'192.168.2.109','2014-08-06 14:02:54',1,'402882f94680252d0146802afaf70044'),('402882ed47a9e9400147a9f284920006','Chrome','预约频道信息添加成功',3,'192.168.2.109','2014-08-06 14:12:28',1,'402882f94680252d0146802afaf70044'),('402882ed47a9e9400147a9f28f4f0008','Chrome','会议直播成功',3,'192.168.2.109','2014-08-06 14:12:31',1,'402882f94680252d0146802afaf70044'),('402882ed47a9e9400147a9f51e16000b','Chrome','预约频道信息添加成功',3,'192.168.2.109','2014-08-06 14:15:19',1,'402882f94680252d0146802afaf70044'),('402882ed47a9e9400147a9f56e6d000d','Chrome','预约频道信息添加成功',3,'192.168.2.109','2014-08-06 14:15:39',1,'402882f94680252d0146802afaf70044'),('402882ed47a9e9400147a9f57841000f','Chrome','会议直播成功',3,'192.168.2.109','2014-08-06 14:15:42',1,'402882f94680252d0146802afaf70044'),('402882ed47a9e9400147aa29c6ed0011','Chrome','用户: admin[信息部]登录成功',1,'192.168.2.109','2014-08-06 15:12:50',1,'402882f94680252d0146802afaf70044'),('402882ed47a9e9400147aa2b35c80013','Chrome','权限: 点播会议被添加成功',3,'192.168.2.109','2014-08-06 15:14:24',1,'402882f94680252d0146802afaf70044'),('402882ed47a9e9400147aa2b96960014','Chrome','权限: 点播会议被删除成功',4,'192.168.2.109','2014-08-06 15:14:49',1,'402882f94680252d0146802afaf70044'),('402882ed47a9e9400147aa2bd07c0016','Chrome','权限: 点播会议被添加成功',3,'192.168.2.109','2014-08-06 15:15:03',1,'402882f94680252d0146802afaf70044'),('402882ed47a9e9400147aa2c3b770017','Chrome','权限: 点播会议被删除成功',4,'192.168.2.109','2014-08-06 15:15:31',1,'402882f94680252d0146802afaf70044'),('402882ed47a9e9400147aa2ca48a0019','Chrome','权限: 点播会议被添加成功',3,'192.168.2.109','2014-08-06 15:15:58',1,'402882f94680252d0146802afaf70044'),('402882ed47a9e9400147aa2cf26f001b','Chrome','用户admin已退出',2,'192.168.2.109','2014-08-06 15:16:18',1,'402882f94680252d0146802afaf70044'),('402882ed47a9e9400147aa2d0031001c','Chrome','用户: admin[信息部]登录成功',1,'192.168.2.109','2014-08-06 15:16:21',1,'402882f94680252d0146802afaf70044'),('402882ed47a9e9400147aa673263001d','Chrome','用户: admin[信息部]登录成功',1,'192.168.2.109','2014-08-06 16:19:55',1,'402882f94680252d0146802afaf70044'),('402882ed47aa6e380147aa6f73ca0000','Chrome','用户: admin[信息部]登录成功',1,'192.168.2.109','2014-08-06 16:28:56',1,'402882f94680252d0146802afaf70044'),('402882ed47aa6e380147aa6fc9250002','Chrome','预约频道信息添加成功',3,'192.168.2.109','2014-08-06 16:29:18',1,'402882f94680252d0146802afaf70044'),('402882ed47aa6e380147aa6fd5e70004','Chrome','会议直播成功',3,'192.168.2.109','2014-08-06 16:29:21',1,'402882f94680252d0146802afaf70044'),('402882ed47aa6e380147aa800f66000d','Chrome','预约频道信息添加成功',3,'192.168.2.109','2014-08-06 16:47:05',1,'402882f94680252d0146802afaf70044'),('402882ed47aa6e380147aa801cfb000f','Chrome','',3,'192.168.2.109','2014-08-06 16:47:08',1,'402882f94680252d0146802afaf70044'),('402882ed47aa6e380147aa82e88f0012','Chrome','预约频道信息添加成功',3,'192.168.2.109','2014-08-06 16:50:11',1,'402882f94680252d0146802afaf70044'),('402882ed47aa6e380147aa846a340014','Chrome','会议直播成功',3,'192.168.2.109','2014-08-06 16:51:50',1,'402882f94680252d0146802afaf70044'),('402882ed47aa8dfd0147aa8e5dbf0000','Chrome','用户: admin[信息部]登录成功',1,'192.168.2.109','2014-08-06 17:02:42',1,'402882f94680252d0146802afaf70044'),('402882ed47aa8dfd0147aa92cfc80002','Chrome','预约频道信息添加成功',3,'192.168.2.109','2014-08-06 17:07:33',1,'402882f94680252d0146802afaf70044'),('402882ed47aa8dfd0147aa92ea300004','Chrome','会议直播成功',3,'192.168.2.109','2014-08-06 17:07:40',1,'402882f94680252d0146802afaf70044'),('402882ed47aa8dfd0147aaad0218000b','Chrome','预约频道信息添加成功',3,'192.168.2.109','2014-08-06 17:36:10',1,'402882f94680252d0146802afaf70044'),('402882ed47aa8dfd0147aaad85f7000d','Chrome','会议直播成功',3,'192.168.2.109','2014-08-06 17:36:44',1,'402882f94680252d0146802afaf70044'),('402882ed47aa8dfd0147aaae08080011','Chrome','预约频道信息添加成功',3,'192.168.2.109','2014-08-06 17:37:17',1,'402882f94680252d0146802afaf70044'),('402882ed47aa8dfd0147aaae123a0013','Chrome','',3,'192.168.2.109','2014-08-06 17:37:20',1,'402882f94680252d0146802afaf70044'),('402882ed47aaed530147aaf318580000','Chrome','用户: admin[信息部]登录成功',1,'192.168.2.109','2014-08-06 18:52:43',1,'402882f94680252d0146802afaf70044'),('402882ed47ab47530147ab479af10000','Chrome','用户: admin[信息部]登录成功',1,'192.168.2.109','2014-08-06 20:25:02',1,'402882f94680252d0146802afaf70044'),('402882ed47ae678c0147ae6a3a040000','Chrome','用户: admin[信息部]登录成功',1,'192.168.2.109','2014-08-07 11:01:43',1,'402882f94680252d0146802afaf70044'),('402882ed47ae678c0147ae7c95590002','Chrome','预约频道信息添加成功',3,'192.168.2.109','2014-08-07 11:21:46',1,'402882f94680252d0146802afaf70044'),('402882ed47ae678c0147ae7ca2460004','Chrome','',3,'192.168.2.109','2014-08-07 11:21:49',1,'402882f94680252d0146802afaf70044'),('402882ed47ae678c0147ae9854340007','Chrome','预约频道信息添加成功',3,'192.168.2.109','2014-08-07 11:52:04',1,'402882f94680252d0146802afaf70044'),('402882ed47ae678c0147ae985de50009','Chrome','',3,'192.168.2.109','2014-08-07 11:52:06',1,'402882f94680252d0146802afaf70044'),('402882ed47ae678c0147aeebf48a000a','Chrome','用户: admin[信息部]登录成功',1,'192.168.2.109','2014-08-07 13:23:24',1,'402882f94680252d0146802afaf70044'),('402882ed47ae678c0147aef44eb5000b','MSIE 8.0','用户: admin[信息部]登录成功',1,'192.168.2.109','2014-08-07 13:32:32',1,'402882f94680252d0146802afaf70044'),('402882ed47af1fa80147af21c20d0000','Chrome','用户: admin[信息部]登录成功',1,'192.168.2.109','2014-08-07 14:22:10',1,'402882f94680252d0146802afaf70044'),('402882ed47af1fa80147af2283e20001','MSIE 8.0','用户: admin[信息部]登录成功',1,'192.168.2.109','2014-08-07 14:23:00',1,'402882f94680252d0146802afaf70044'),('402882ed47af1fa80147af41738f0002','Chrome','用户: admin[信息部]登录成功',1,'192.168.2.109','2014-08-07 14:56:48',1,'402882f94680252d0146802afaf70044'),('402882ed47af1fa80147af4c807e0005','Chrome','预约频道信息添加成功',3,'192.168.2.109','2014-08-07 15:08:52',1,'402882f94680252d0146802afaf70044'),('402882ed47af1fa80147af4f85dd0007','Chrome','预约频道信息添加成功',3,'192.168.2.109','2014-08-07 15:12:10',1,'402882f94680252d0146802afaf70044'),('402882ed47af1fa80147af5151ad0009','Chrome','',3,'192.168.2.109','2014-08-07 15:14:07',1,'402882f94680252d0146802afaf70044'),('402882ed47af1fa80147af53be9f000c','Chrome','预约频道信息添加成功',3,'192.168.2.109','2014-08-07 15:16:46',1,'402882f94680252d0146802afaf70044'),('402882ed47af1fa80147af53e2f8000e','Chrome','',3,'192.168.2.109','2014-08-07 15:16:56',1,'402882f94680252d0146802afaf70044'),('402882ed47af1fa80147af58073b0011','Chrome','预约频道信息添加成功',3,'192.168.2.109','2014-08-07 15:21:27',1,'402882f94680252d0146802afaf70044'),('402882ed47af1fa80147af59642c0013','Chrome','会议直播成功',3,'192.168.2.109','2014-08-07 15:22:56',1,'402882f94680252d0146802afaf70044'),('402882ed47af1fa80147af6a57ed0016','Chrome','预约频道信息添加成功',3,'192.168.2.109','2014-08-07 15:41:27',1,'402882f94680252d0146802afaf70044'),('402882ed47af1fa80147af6a73cb0018','Chrome','会议直播成功',3,'192.168.2.109','2014-08-07 15:41:35',1,'402882f94680252d0146802afaf70044'),('402882ed47af1fa80147af6cf02e001b','Chrome','预约频道信息添加成功',3,'192.168.2.109','2014-08-07 15:44:17',1,'402882f94680252d0146802afaf70044'),('402882ed47af1fa80147af6cfcfd001d','Chrome','会议直播成功',3,'192.168.2.109','2014-08-07 15:44:21',1,'402882f94680252d0146802afaf70044'),('402882ed47af1fa80147af6e962a0020','Chrome','预约频道信息添加成功',3,'192.168.2.109','2014-08-07 15:46:05',1,'402882f94680252d0146802afaf70044'),('402882ed47af1fa80147af6e9ea90022','Chrome','',3,'192.168.2.109','2014-08-07 15:46:08',1,'402882f94680252d0146802afaf70044'),('402882ed47af1fa80147af7452570025','Chrome','预约频道信息添加成功',3,'192.168.2.109','2014-08-07 15:52:21',1,'402882f94680252d0146802afaf70044'),('402882ed47af1fa80147af745e6e0027','Chrome','',3,'192.168.2.109','2014-08-07 15:52:24',1,'402882f94680252d0146802afaf70044'),('402882ed47af1fa80147af7a29b3002a','Chrome','预约频道信息添加成功',3,'192.168.2.109','2014-08-07 15:58:44',1,'402882f94680252d0146802afaf70044'),('402882ed47af1fa80147af7a34b6002c','Chrome','',3,'192.168.2.109','2014-08-07 15:58:47',1,'402882f94680252d0146802afaf70044'),('402882ed47af1fa80147af7afc1d002f','Chrome','预约频道信息添加成功',3,'192.168.2.109','2014-08-07 15:59:38',1,'402882f94680252d0146802afaf70044'),('402882ed47af1fa80147af7b06e90031','Chrome','',3,'192.168.2.109','2014-08-07 15:59:41',1,'402882f94680252d0146802afaf70044'),('402882ed47af1fa80147af8122d70034','Chrome','预约频道信息添加成功',3,'192.168.2.109','2014-08-07 16:06:21',1,'402882f94680252d0146802afaf70044'),('402882ed47af1fa80147af81302c0036','Chrome','',3,'192.168.2.109','2014-08-07 16:06:25',1,'402882f94680252d0146802afaf70044'),('402882ed47af1fa80147af8a2764003d','Chrome','预约频道信息添加成功',3,'192.168.2.109','2014-08-07 16:16:12',1,'402882f94680252d0146802afaf70044'),('402882ed47af1fa80147af8a33de003f','Chrome','会议直播成功',3,'192.168.2.109','2014-08-07 16:16:15',1,'402882f94680252d0146802afaf70044'),('402882ed47af1fa80147af8f11a50046','Chrome','预约频道信息添加成功',3,'192.168.2.109','2014-08-07 16:21:34',1,'402882f94680252d0146802afaf70044'),('402882ed47af1fa80147af8f1f7f0048','Chrome','会议直播成功',3,'192.168.2.109','2014-08-07 16:21:38',1,'402882f94680252d0146802afaf70044'),('402882ed47af1fa80147af94af05004f','Chrome','预约频道信息添加成功',3,'192.168.2.109','2014-08-07 16:27:42',1,'402882f94680252d0146802afaf70044'),('402882ed47af1fa80147af94bc220051','Chrome','会议直播成功',3,'192.168.2.109','2014-08-07 16:27:46',1,'402882f94680252d0146802afaf70044'),('402882ed47af1fa80147af9ca1bd005c','Chrome','预约频道信息添加成功',3,'192.168.2.109','2014-08-07 16:36:23',1,'402882f94680252d0146802afaf70044'),('402882ed47af1fa80147af9cb3e3005e','Chrome','会议直播成功',3,'192.168.2.109','2014-08-07 16:36:28',1,'402882f94680252d0146802afaf70044'),('402882ed47af1fa80147afe3a35e0063','Chrome','用户: admin[信息部]登录成功',1,'192.168.2.109','2014-08-07 17:53:57',1,'402882f94680252d0146802afaf70044'),('402882ed47b349260147b349b7080000','Chrome','用户: admin[信息部]登录成功',1,'192.168.2.109','2014-08-08 09:44:18',1,'402882f94680252d0146802afaf70044'),('402882ed47b349260147b35b49d60013','Chrome','预约频道信息添加成功',3,'192.168.2.109','2014-08-08 10:03:30',1,'402882f94680252d0146802afaf70044'),('402882ed47b349260147b35b550e0015','Chrome','会议直播成功',3,'192.168.2.109','2014-08-08 10:03:33',1,'402882f94680252d0146802afaf70044'),('402882ed47b349260147b36e88bd001c','Chrome','预约频道信息添加成功',3,'192.168.2.109','2014-08-08 10:24:31',1,'402882f94680252d0146802afaf70044'),('402882ed47b349260147b36e9392001e','Chrome','会议直播成功',3,'192.168.2.109','2014-08-08 10:24:34',1,'402882f94680252d0146802afaf70044'),('402882ed47b387990147b38bdccc0000','Chrome','用户: admin[信息部]登录成功',1,'192.168.2.109','2014-08-08 10:56:33',1,'402882f94680252d0146802afaf70044'),('402882ed47b387990147b38c16f10002','Chrome','预约频道信息添加成功',3,'192.168.2.109','2014-08-08 10:56:48',1,'402882f94680252d0146802afaf70044'),('402882ed47b387990147b38c22650004','Chrome','会议直播成功',3,'192.168.2.109','2014-08-08 10:56:51',1,'402882f94680252d0146802afaf70044'),('402882ed47b3973f0147b3978d500000','Chrome','用户: admin[信息部]登录成功',1,'192.168.2.109','2014-08-08 11:09:19',1,'402882f94680252d0146802afaf70044'),('402882ed47b3973f0147b3ce049c0001','Chrome','用户: admin[信息部]登录成功',1,'192.168.2.109','2014-08-08 12:08:49',1,'402882f94680252d0146802afaf70044'),('402882ed47b3973f0147b3d73fed0003','Chrome','类型分组: 录制状态被添加成功',3,'192.168.2.109','2014-08-08 12:18:54',1,'402882f94680252d0146802afaf70044'),('402882ed47b3973f0147b3d7e5ba0005','Chrome','类型: 初始化被添加成功',3,'192.168.2.109','2014-08-08 12:19:36',1,'402882f94680252d0146802afaf70044'),('402882ed47b3973f0147b3d81a770007','Chrome','类型: 开始录制被添加成功',3,'192.168.2.109','2014-08-08 12:19:50',1,'402882f94680252d0146802afaf70044'),('402882ed47b3973f0147b3d8409c0009','Chrome','类型: 结束录制被添加成功',3,'192.168.2.109','2014-08-08 12:19:59',1,'402882f94680252d0146802afaf70044'),('402882ed47b3973f0147b3d866ae000b','Chrome','类型: 录制错误被添加成功',3,'192.168.2.109','2014-08-08 12:20:09',1,'402882f94680252d0146802afaf70044'),('402882ed47b3973f0147b3d88e15000d','Chrome','类型: 转码错误被添加成功',3,'192.168.2.109','2014-08-08 12:20:19',1,'402882f94680252d0146802afaf70044'),('402882ed47b3973f0147b3d8bc30000f','Chrome','类型: 成功被添加成功',3,'192.168.2.109','2014-08-08 12:20:31',1,'402882f94680252d0146802afaf70044'),('402882ed47b3e1690147b3e262420000','Chrome','用户: admin[信息部]登录成功',1,'192.168.2.109','2014-08-08 12:31:03',1,'402882f94680252d0146802afaf70044'),('402882ed47b3e1690147b40e12f70001','Chrome','用户: admin[信息部]登录成功',1,'192.168.2.109','2014-08-08 13:18:47',1,'402882f94680252d0146802afaf70044'),('402882ed47b428580147b4297cf70000','Chrome','用户: admin[信息部]登录成功',1,'192.168.2.109','2014-08-08 13:48:43',1,'402882f94680252d0146802afaf70044'),('402882ed47b428580147b436be060001','Chrome','点播信息更新成功',5,'192.168.2.109','2014-08-08 14:03:12',1,'402882f94680252d0146802afaf70044'),('402882ed47b428580147b437e0c70002','Chrome','点播信息更新成功',5,'192.168.2.109','2014-08-08 14:04:26',1,'402882f94680252d0146802afaf70044'),('402882ed47b428580147b44af33f0004','Chrome','预约频道信息添加成功',3,'192.168.2.109','2014-08-08 14:25:16',1,'402882f94680252d0146802afaf70044'),('402882ed47b428580147b47059ef0006','Chrome','预约频道信息添加成功',3,'192.168.2.109','2014-08-08 15:06:07',1,'402882f94680252d0146802afaf70044'),('402882ed47b428580147b470637c0008','Chrome','会议直播成功',3,'192.168.2.109','2014-08-08 15:06:10',1,'402882f94680252d0146802afaf70044'),('402882ed47b428580147b47a213e000b','Chrome','预约频道信息添加成功',3,'192.168.2.109','2014-08-08 15:16:48',1,'402882f94680252d0146802afaf70044'),('402882ed47b428580147b47a2be1000d','Chrome','会议直播成功',3,'192.168.2.109','2014-08-08 15:16:51',1,'402882f94680252d0146802afaf70044'),('402882ed47b428580147b497a6f50024','Chrome','预约频道信息添加成功',3,'192.168.2.109','2014-08-08 15:49:03',1,'402882f94680252d0146802afaf70044'),('402882ed47b428580147b497afe40026','Chrome','会议直播成功',3,'192.168.2.109','2014-08-08 15:49:05',1,'402882f94680252d0146802afaf70044'),('402882ed47b428580147b49890c50029','Chrome','预约频道信息添加成功',3,'192.168.2.109','2014-08-08 15:50:03',1,'402882f94680252d0146802afaf70044'),('402882ed47b428580147b498995c002b','Chrome','会议直播成功',3,'192.168.2.109','2014-08-08 15:50:05',1,'402882f94680252d0146802afaf70044'),('402882ed47b428580147b4998a1f002e','Chrome','预约频道信息添加成功',3,'192.168.2.109','2014-08-08 15:51:07',1,'402882f94680252d0146802afaf70044'),('402882ed47b428580147b499943c0030','Chrome','会议直播成功',3,'192.168.2.109','2014-08-08 15:51:09',1,'402882f94680252d0146802afaf70044'),('402882ed47b428580147b49a19bf0033','Chrome','预约频道信息添加成功',3,'192.168.2.109','2014-08-08 15:51:43',1,'402882f94680252d0146802afaf70044'),('402882ed47b428580147b49a23450035','Chrome','会议直播成功',3,'192.168.2.109','2014-08-08 15:51:46',1,'402882f94680252d0146802afaf70044'),('402882ed47b428580147b49b2f0e0038','Chrome','预约频道信息添加成功',3,'192.168.2.109','2014-08-08 15:52:54',1,'402882f94680252d0146802afaf70044'),('402882ed47b428580147b49b37d1003a','Chrome','会议直播成功',3,'192.168.2.109','2014-08-08 15:52:57',1,'402882f94680252d0146802afaf70044'),('402882ed47b428580147b49dd9e1003d','Chrome','预约频道信息添加成功',3,'192.168.2.109','2014-08-08 15:55:49',1,'402882f94680252d0146802afaf70044'),('402882ed47b428580147b49de3a7003f','Chrome','会议直播成功',3,'192.168.2.109','2014-08-08 15:55:52',1,'402882f94680252d0146802afaf70044'),('402882ed47b428580147b49ff6410042','Chrome','预约频道信息添加成功',3,'192.168.2.109','2014-08-08 15:58:07',1,'402882f94680252d0146802afaf70044'),('402882ed47b428580147b4a0006c0044','Chrome','会议直播成功',3,'192.168.2.109','2014-08-08 15:58:10',1,'402882f94680252d0146802afaf70044'),('402882ed47b428580147b4a098d50047','Chrome','预约频道信息添加成功',3,'192.168.2.109','2014-08-08 15:58:49',1,'402882f94680252d0146802afaf70044'),('402882ed47b428580147b4a0a12f0049','Chrome','会议直播成功',3,'192.168.2.109','2014-08-08 15:58:51',1,'402882f94680252d0146802afaf70044'),('402882ed47b428580147b4a476a30050','Chrome','预约频道信息添加成功',3,'192.168.2.109','2014-08-08 16:03:02',1,'402882f94680252d0146802afaf70044'),('402882ed47b428580147b4a47e9f0052','Chrome','会议直播成功',3,'192.168.2.109','2014-08-08 16:03:04',1,'402882f94680252d0146802afaf70044'),('402882ed47b428580147b4d16df3007d','Chrome','预约频道信息添加成功',3,'192.168.2.109','2014-08-08 16:52:09',1,'402882f94680252d0146802afaf70044'),('402882ed47b428580147b4d177e4007f','Chrome','会议直播成功',3,'192.168.2.109','2014-08-08 16:52:12',1,'402882f94680252d0146802afaf70044'),('402882ed47b428580147b4d36f770086','Chrome','预约频道信息添加成功',3,'192.168.2.109','2014-08-08 16:54:21',1,'402882f94680252d0146802afaf70044'),('402882ed47b428580147b4d37f630088','Chrome','会议直播成功',3,'192.168.2.109','2014-08-08 16:54:25',1,'402882f94680252d0146802afaf70044'),('402882ed47b428580147b4d5aaae008f','Chrome','预约频道信息添加成功',3,'192.168.2.109','2014-08-08 16:56:47',1,'402882f94680252d0146802afaf70044'),('402882ed47b428580147b4d5b38f0091','Chrome','会议直播成功',3,'192.168.2.109','2014-08-08 16:56:49',1,'402882f94680252d0146802afaf70044'),('402882ed47b428580147b4d9c3f00094','Chrome','预约频道信息添加成功',3,'192.168.2.109','2014-08-08 17:01:16',1,'402882f94680252d0146802afaf70044'),('402882ed47b428580147b4d9cb810096','Chrome','会议直播成功',3,'192.168.2.109','2014-08-08 17:01:18',1,'402882f94680252d0146802afaf70044'),('402882ed47b428580147b4da68930099','Chrome','预约频道信息添加成功',3,'192.168.2.109','2014-08-08 17:01:58',1,'402882f94680252d0146802afaf70044'),('402882ed47b428580147b4da6d6f009b','Chrome','会议直播成功',3,'192.168.2.109','2014-08-08 17:01:59',1,'402882f94680252d0146802afaf70044'),('402882ed47b428580147b4dd47c5009e','Chrome','预约频道信息添加成功',3,'192.168.2.109','2014-08-08 17:05:06',1,'402882f94680252d0146802afaf70044'),('402882ed47b428580147b4dd514300a0','Chrome','会议直播成功',3,'192.168.2.109','2014-08-08 17:05:08',1,'402882f94680252d0146802afaf70044'),('402882ed47b428580147b4de299300a3','Chrome','预约频道信息添加成功',3,'192.168.2.109','2014-08-08 17:06:04',1,'402882f94680252d0146802afaf70044'),('402882ed47b428580147b4de319600a5','Chrome','会议直播成功',3,'192.168.2.109','2014-08-08 17:06:06',1,'402882f94680252d0146802afaf70044'),('402882ed47b428580147b4de8aef00a8','Chrome','预约频道信息添加成功',3,'192.168.2.109','2014-08-08 17:06:29',1,'402882f94680252d0146802afaf70044'),('402882ed47b428580147b4de955a00aa','Chrome','会议直播成功',3,'192.168.2.109','2014-08-08 17:06:31',1,'402882f94680252d0146802afaf70044'),('402882ed47b428580147b4e2de2300b1','Chrome','预约频道信息添加成功',3,'192.168.2.109','2014-08-08 17:11:12',1,'402882f94680252d0146802afaf70044'),('402882ed47b428580147b4e2e92600b3','Chrome','会议直播成功',3,'192.168.2.109','2014-08-08 17:11:15',1,'402882f94680252d0146802afaf70044'),('402882ed47b428580147b4e4c02100ba','Chrome','预约频道信息添加成功',3,'192.168.2.109','2014-08-08 17:13:16',1,'402882f94680252d0146802afaf70044'),('402882ed47b428580147b4e4c90500bc','Chrome','会议直播成功',3,'192.168.2.109','2014-08-08 17:13:18',1,'402882f94680252d0146802afaf70044'),('402882ed47b428580147b4e6908c00bf','Chrome','预约频道信息添加成功',3,'192.168.2.109','2014-08-08 17:15:14',1,'402882f94680252d0146802afaf70044'),('402882ed47b428580147b4e699d400c1','Chrome','会议直播成功',3,'192.168.2.109','2014-08-08 17:15:17',1,'402882f94680252d0146802afaf70044'),('402882ed47b428580147b4e7d00200c8','Chrome','预约频道信息添加成功',3,'192.168.2.109','2014-08-08 17:16:36',1,'402882f94680252d0146802afaf70044'),('402882ed47b428580147b4e7de7f00ca','Chrome','会议直播成功',3,'192.168.2.109','2014-08-08 17:16:40',1,'402882f94680252d0146802afaf70044'),('402882ed47b428580147b4e9ed2000d1','Chrome','预约频道信息添加成功',3,'192.168.2.109','2014-08-08 17:18:55',1,'402882f94680252d0146802afaf70044'),('402882ed47b428580147b4e9f6a800d3','Chrome','会议直播成功',3,'192.168.2.109','2014-08-08 17:18:57',1,'402882f94680252d0146802afaf70044'),('402882ed47b428580147b4f7b70600da','Chrome','预约频道信息添加成功',3,'192.168.2.109','2014-08-08 17:33:58',1,'402882f94680252d0146802afaf70044'),('402882ed47b428580147b4f7c0ec00dc','Chrome','会议直播成功',3,'192.168.2.109','2014-08-08 17:34:01',1,'402882f94680252d0146802afaf70044'),('402882ed47b428580147b4ffa83d00df','Chrome','预约频道信息添加成功',3,'192.168.2.109','2014-08-08 17:42:39',1,'402882f94680252d0146802afaf70044'),('402882ed47b428580147b4ffcf7100e1','Chrome','会议直播成功',3,'192.168.2.109','2014-08-08 17:42:49',1,'402882f94680252d0146802afaf70044'),('402882ed47b428580147b50098bb00e4','Chrome','预约频道信息添加成功',3,'192.168.2.109','2014-08-08 17:43:40',1,'402882f94680252d0146802afaf70044'),('402882ed47b428580147b500a27f00e6','Chrome','会议直播成功',3,'192.168.2.109','2014-08-08 17:43:43',1,'402882f94680252d0146802afaf70044'),('402882ed47b428580147b50bd93100fd','Chrome','预约频道信息添加成功',3,'192.168.2.109','2014-08-08 17:55:58',1,'402882f94680252d0146802afaf70044'),('402882ed47b428580147b50be0b000ff','Chrome','会议直播成功',3,'192.168.2.109','2014-08-08 17:56:00',1,'402882f94680252d0146802afaf70044'),('402882ed47b428580147b5154bb40106','Chrome','预约频道信息添加成功',3,'192.168.2.109','2014-08-08 18:06:17',1,'402882f94680252d0146802afaf70044'),('402882ed47b428580147b5155a950108','Chrome','会议直播成功',3,'192.168.2.109','2014-08-08 18:06:21',1,'402882f94680252d0146802afaf70044'),('402882ed47b428580147b517e09a010f','Chrome','预约频道信息添加成功',3,'192.168.2.109','2014-08-08 18:09:06',1,'402882f94680252d0146802afaf70044'),('402882ed47b428580147b517e81d0111','Chrome','会议直播成功',3,'192.168.2.109','2014-08-08 18:09:08',1,'402882f94680252d0146802afaf70044'),('402882ed47b51da10147b521291e0000','Chrome','用户: admin[信息部]登录成功',1,'192.168.1.46','2014-08-08 18:19:15',1,'402882f94680252d0146802afaf70044'),('402882ed47b51da10147b52164b30002','Chrome','预约频道信息添加成功',3,'192.168.1.46','2014-08-08 18:19:30',1,'402882f94680252d0146802afaf70044'),('402882ed47b51da10147b5216ac70004','Chrome','会议直播成功',3,'192.168.1.46','2014-08-08 18:19:31',1,'402882f94680252d0146802afaf70044'),('402882ed47b51da10147b52726df0007','Chrome','预约频道信息添加成功',3,'192.168.1.46','2014-08-08 18:25:47',1,'402882f94680252d0146802afaf70044'),('402882ed47b51da10147b5272c340009','Chrome','会议直播成功',3,'192.168.1.46','2014-08-08 18:25:49',1,'402882f94680252d0146802afaf70044'),('402882ed47b51da10147b52b5f940010','Chrome','预约频道信息添加成功',3,'192.168.1.46','2014-08-08 18:30:24',1,'402882f94680252d0146802afaf70044'),('402882ed47b51da10147b52b69410012','Chrome','会议直播成功',3,'192.168.1.46','2014-08-08 18:30:26',1,'402882f94680252d0146802afaf70044'),('402882f94680252d0146802b004100c8','Chrome','用户: admin登录成功',1,'169.254.200.136','2013-04-24 16:22:00',1,'402882f94680252d0146802afaf70044'),('402882f94680252d0146802b007700c9','Chrome','用户: admin登录成功',1,'10.10.10.1','2013-04-24 17:12:00',1,'402882f94680252d0146802afaf70044'),('402882f94680252d0146802b007900ca','Chrome','用户: admin登录成功',1,'169.254.218.201','2013-03-10 15:37:00',1,'402882f94680252d0146802afaf70044'),('402882f94680252d0146802b007b00cb','Chrome','用户admin已退出',2,'169.254.218.201','2013-03-10 15:38:00',1,'402882f94680252d0146802afaf70044'),('402882f94680252d0146802b007d00cc','MSIE 9.0','用户: admin登录成功',1,'169.254.218.201','2013-03-10 15:38:00',1,'402882f94680252d0146802afaf70044'),('402882f94680252d0146802b009300cd','MSIE 9.0','JeecgDemo例子: 12被删除 成功',4,'169.254.218.201','2013-03-10 15:39:00',1,'402882f94680252d0146802afaf70044'),('402882f94680252d0146802b009600ce','MSIE 9.0','JeecgDemo例子: 12被删除 成功',4,'169.254.218.201','2013-03-10 15:39:00',1,'402882f94680252d0146802afaf70044'),('402882f94680252d0146802b009800cf','Chrome','JeecgDemo例子: 12被删除 成功',4,'169.254.218.201','2013-03-10 15:39:00',1,'402882f94680252d0146802afaf70044'),('402882f94680252d0146802b009a00d0','MSIE 9.0','权限: 单表模型被更新成功',5,'169.254.218.201','2013-03-10 15:39:00',1,'402882f94680252d0146802afaf70044'),('402882f94680252d0146802b009c00d1','Chrome','删除成功',4,'169.254.218.201','2013-03-10 15:39:00',1,'402882f94680252d0146802afaf70044'),('402882f94680252d0146802b009f00d2','MSIE 9.0','删除成功',4,'169.254.218.201','2013-03-10 15:39:00',1,'402882f94680252d0146802afaf70044'),('402882f94680252d0146802b00a100d3','Chrome','删除成功',4,'169.254.218.201','2013-03-10 15:39:00',1,'402882f94680252d0146802afaf70044'),('402882f94680252d0146802b00a400d4','Firefox','删除成功',4,'169.254.218.201','2013-03-10 15:39:00',1,'402882f94680252d0146802afaf70044'),('402882f94680252d0146802b00a700d5','Chrome','添加成功',3,'169.254.218.201','2013-03-10 15:40:00',1,'402882f94680252d0146802afaf70044'),('402882f94680252d0146802b00a900d6','Chrome','更新成功',5,'169.254.218.201','2013-03-10 15:40:00',1,'402882f94680252d0146802afaf70044'),('402882f94680252d0146802b00ac00d7','Chrome','JeecgDemo例子: 12被添加成功',3,'169.254.218.201','2013-03-10 15:40:00',1,'402882f94680252d0146802afaf70044'),('402882f94680252d0146802b00af00d8','Chrome','部门: 信息部被更新成功',5,'169.254.218.201','2013-03-10 15:41:00',1,'402882f94680252d0146802afaf70044'),('402882f94680252d0146802b00b100d9','Chrome','部门: 设计部被更新成功',5,'169.254.218.201','2013-03-10 15:41:00',1,'402882f94680252d0146802afaf70044'),('402882f94680252d0146802b00b300da','Chrome','类型: 信息部流程被更新成功',5,'169.254.218.201','2013-03-10 15:46:00',1,'402882f94680252d0146802afaf70044'),('402882f94680252d0146802b00b500db','Chrome','用户: admin登录成功',1,'169.254.218.201','2013-03-10 15:48:00',1,'402882f94680252d0146802afaf70044'),('402882f94680252d0146802b00b700dc','Firefox','用户: admin登录成功',1,'169.254.218.201','2013-03-21 23:23:00',1,'402882f94680252d0146802afaf70044'),('402882f94680252d0146802b00b900dd','Chrome','用户: admin登录成功',1,'169.254.218.201','2013-03-21 23:26:00',1,'402882f94680252d0146802afaf70044'),('402882f94680252d0146802b00bb00de','Chrome','权限: 一对多实例被添加成功',3,'169.254.218.201','2013-03-21 23:28:00',1,'402882f94680252d0146802afaf70044'),('402882f94680252d0146802b00bd00df','Chrome','用户: admin登录成功',1,'169.254.218.201','2013-03-22 08:25:00',1,'402882f94680252d0146802afaf70044'),('402882f94680252d0146802b00c100e0','Firefox','用户: admin登录成功',1,'169.254.218.201','2013-03-22 09:05:00',1,'402882f94680252d0146802afaf70044'),('402882f94680252d0146802b00c400e1','Chrome','用户: admin登录成功',1,'169.254.218.201','2013-03-22 09:09:00',1,'402882f94680252d0146802afaf70044'),('402882f94680252d0146802b00c700e2','MSIE 8.0','用户: admin登录成功',1,'169.254.218.201','2013-03-22 09:28:00',1,'402882f94680252d0146802afaf70044'),('402882f94680252d0146802b00ca00e3','Firefox','用户: admin登录成功',1,'169.254.218.201','2013-03-22 10:32:00',1,'402882f94680252d0146802afaf70044'),('402882f94680252d0146802b00cd00e4','Chrome','物品: 笔记本添加成功',3,'169.254.218.201','2013-03-22 10:35:00',1,'402882f94680252d0146802afaf70044'),('402882f94680252d0146802b00cf00e5','Firefox','用户: admin登录成功',1,'169.254.218.201','2013-03-22 10:41:00',1,'402882f94680252d0146802afaf70044'),('402882f94680252d0146802b00d200e6','Firefox','用户: admin登录成功',1,'169.254.218.201','2013-03-22 16:11:00',1,'402882f94680252d0146802afaf70044'),('402882f94680252d0146802b00d400e7','Chrome','用户: admin登录成功',1,'169.254.218.201','2013-03-22 21:49:00',1,'402882f94680252d0146802afaf70044'),('402882f94680252d0146802b00d600e8','Chrome','用户: admin登录成功',1,'169.254.218.201','2013-03-22 23:17:00',1,'402882f94680252d0146802afaf70044'),('402882f94680252d0146802b00d800e9','Chrome','用户: admin登录成功',1,'169.254.218.201','2013-03-22 23:27:00',1,'402882f94680252d0146802afaf70044'),('402882f94680252d0146802b00db00ea','Chrome','用户: admin登录成功',1,'169.254.218.201','2013-03-23 00:16:00',1,'402882f94680252d0146802afaf70044'),('402882f94680252d0146802b00de00eb','Chrome','用户: admin登录成功',1,'169.254.218.201','2013-03-23 00:22:00',1,'402882f94680252d0146802afaf70044'),('402882f94680252d0146802b00e100ec','Firefox','用户: admin登录成功',1,'169.254.218.201','2013-03-23 00:31:00',1,'402882f94680252d0146802afaf70044'),('402882f94680252d0146802b00e300ed','Chrome','用户: admin登录成功',1,'169.254.218.201','2013-03-23 14:23:00',1,'402882f94680252d0146802afaf70044'),('402882f94680252d0146802b00e500ee','Chrome','流程参数: 主任审批被添加成功',3,'169.254.218.201','2013-03-23 15:05:00',1,'402882f94680252d0146802afaf70044'),('402882f94680252d0146802b00e800ef','Firefox','业务参数: 入职申请被添加成功',3,'169.254.218.201','2013-03-23 15:05:00',1,'402882f94680252d0146802afaf70044'),('402882f94680252d0146802b00ea00f0','Chrome','权限: 入职申请被添加成功',3,'169.254.218.201','2013-03-23 15:12:00',1,'402882f94680252d0146802afaf70044'),('402882f94680252d0146802b00ec00f1','Firefox','权限: 入职办理被添加成功',3,'169.254.218.201','2013-03-23 15:13:00',1,'402882f94680252d0146802afaf70044'),('402882f94680252d0146802b00ee00f2','Chrome','用户: admin登录成功',1,'10.10.10.1','2013-05-06 15:27:00',1,'402882f94680252d0146802afaf70044'),('402882f94680252d0146802b00f000f3','MSIE 8.0','用户: admin登录成功',1,'192.168.197.1','2013-07-07 15:16:00',1,'402882f94680252d0146802afaf70044'),('402882f94680252d0146802b00f400f4','MSIE 8.0','用户: admin登录成功',1,'192.168.197.1','2013-07-07 16:02:00',1,'402882f94680252d0146802afaf70044'),('402882f94680252d0146802b00f600f5','MSIE 8.0','用户: admin登录成功',1,'192.168.197.1','2013-07-07 16:07:00',1,'402882f94680252d0146802afaf70044'),('402882f94680252d0146802b00f800f6','MSIE 8.0','用户: admin登录成功',1,'192.168.197.1','2013-07-07 16:09:00',1,'402882f94680252d0146802afaf70044'),('402882f94680252d0146802b00fa00f7','MSIE 8.0','用户: admin登录成功',1,'192.168.197.1','2013-07-07 16:11:00',1,'402882f94680252d0146802afaf70044'),('402882f94680252d0146802b00fc00f8','MSIE 8.0','用户: admin登录成功',1,'192.168.197.1','2013-07-07 16:13:00',1,'402882f94680252d0146802afaf70044'),('402882f94680252d0146802b00fe00f9','MSIE 8.0','用户: admin登录成功',1,'192.168.197.1','2013-07-07 16:16:00',1,'402882f94680252d0146802afaf70044'),('402882f94680252d0146802b010000fa','MSIE 8.0','用户: admin登录成功',1,'192.168.197.1','2013-07-07 16:19:00',1,'402882f94680252d0146802afaf70044'),('402882f94680252d0146802b010200fb','MSIE 8.0','用户: admin登录成功',1,'192.168.197.1','2013-07-07 16:27:00',1,'402882f94680252d0146802afaf70044'),('402882f94680252d0146802b010300fc','MSIE 8.0','用户: admin登录成功',1,'192.168.197.1','2013-07-07 16:42:00',1,'402882f94680252d0146802afaf70044'),('402882f94680252d0146802b010600fd','MSIE 8.0','用户: admin登录成功',1,'192.168.197.1','2013-07-07 16:44:00',1,'402882f94680252d0146802afaf70044'),('402882f94680252d0146802b010800fe','MSIE 8.0','用户: admin登录成功',1,'192.168.197.1','2013-07-07 16:49:00',1,'402882f94680252d0146802afaf70044'),('402882f94680252d0146802b010a00ff','MSIE 8.0','用户: admin登录成功',1,'192.168.197.1','2013-07-07 16:50:00',1,'402882f94680252d0146802afaf70044'),('402882f94680252d0146802b010c0100','MSIE 8.0','用户: admin登录成功',1,'192.168.197.1','2013-07-07 16:53:00',1,'402882f94680252d0146802afaf70044'),('402882f94680252d0146802b01370101','MSIE 8.0','修改成功',5,'192.168.197.1','2013-07-07 16:56:00',1,'402882f94680252d0146802afaf70044'),('402882f94680252d0146802b013c0102','MSIE 8.0','用户: admin登录成功',1,'192.168.197.1','2013-07-07 16:59:00',1,'402882f94680252d0146802afaf70044'),('402882f94680252d0146802b01410103','MSIE 8.0','创建成功',3,'192.168.197.1','2013-07-07 17:22:00',1,'402882f94680252d0146802afaf70044'),('402882f94680252d0146802b01460104','MSIE 8.0','修改成功',5,'192.168.197.1','2013-07-07 17:26:00',1,'402882f94680252d0146802afaf70044'),('402882f94680252d0146802b01530105','MSIE 8.0','删除成功',4,'192.168.197.1','2013-07-07 17:31:00',1,'402882f94680252d0146802afaf70044'),('402882f94680252d0146802b01560106','MSIE 8.0','修改成功',5,'192.168.197.1','2013-07-07 17:35:00',1,'402882f94680252d0146802afaf70044'),('402882f94680252d0146802b015a0107','MSIE 8.0','用户: admin登录成功',1,'192.168.197.1','2013-07-07 17:46:00',1,'402882f94680252d0146802afaf70044'),('402882f94680252d0146802b015e0108','MSIE 8.0','用户: admin登录成功',1,'192.168.197.1','2013-07-07 17:55:00',1,'402882f94680252d0146802afaf70044'),('402882f94680252d0146802b01620109','MSIE 8.0','用户: admin登录成功',1,'192.168.197.1','2013-07-07 18:08:00',1,'402882f94680252d0146802afaf70044'),('402882f94680252d0146802b0166010a','MSIE 8.0','用户: admin登录成功',1,'192.168.197.1','2013-07-07 18:13:00',1,'402882f94680252d0146802afaf70044'),('402882f94680252d0146802b0169010b','MSIE 8.0','用户: admin登录成功',1,'192.168.197.1','2013-07-07 18:15:00',1,'402882f94680252d0146802afaf70044'),('402882f94680252d0146802b016e010c','MSIE 8.0','修改成功',5,'192.168.197.1','2013-07-07 18:28:00',1,'402882f94680252d0146802afaf70044'),('402882f94680252d0146802b0171010d','MSIE 8.0','修改成功',5,'192.168.197.1','2013-07-07 18:29:00',1,'402882f94680252d0146802afaf70044'),('402882f94680252d0146802b0174010e','MSIE 8.0','修改成功',5,'192.168.197.1','2013-07-07 18:30:00',1,'402882f94680252d0146802afaf70044'),('402882f94680252d0146802b0177010f','MSIE 8.0','修改成功',5,'192.168.197.1','2013-07-07 18:31:00',1,'402882f94680252d0146802afaf70044'),('402882f94680252d0146802b01790110','MSIE 8.0','修改成功',5,'192.168.197.1','2013-07-07 18:31:00',1,'402882f94680252d0146802afaf70044'),('402882f94680252d0146802b017c0111','MSIE 9.0','物品: 555添加成功',3,'192.168.1.103','2013-03-20 23:03:00',1,'402882f94680252d0146802afaf70044'),('402882f94680252d0146802b01800112','MSIE 9.0','用户: admin登录成功',1,'192.168.1.103','2013-03-20 23:19:00',1,'402882f94680252d0146802afaf70044'),('402882f94680252d0146802b01820113','MSIE 9.0','用户: admin登录成功',1,'192.168.1.103','2013-03-21 20:09:00',1,'402882f94680252d0146802afaf70044'),('402882f94680252d0146802b01850114','MSIE 9.0','用户: admin登录成功',1,'192.168.1.103','2013-03-21 20:27:00',1,'402882f94680252d0146802afaf70044'),('402882f94680252d0146802b01880115','MSIE 9.0','用户: admin登录成功',1,'192.168.1.103','2013-03-21 20:44:00',1,'402882f94680252d0146802afaf70044'),('402882f94680252d0146802b018c0116','MSIE 9.0','用户: admin登录成功',1,'192.168.1.103','2013-03-21 20:54:00',1,'402882f94680252d0146802afaf70044'),('402882f94680252d0146802b018e0117','MSIE 9.0','用户: admin登录成功',1,'192.168.1.103','2013-03-21 21:01:00',1,'402882f94680252d0146802afaf70044'),('402882f94680252d0146802b01910118','MSIE 9.0','用户: admin登录成功',1,'192.168.1.103','2013-03-21 21:13:00',1,'402882f94680252d0146802afaf70044'),('402882f94680252d0146802b01930119','MSIE 9.0','物品: 55添加成功',3,'192.168.1.103','2013-03-21 21:15:00',1,'402882f94680252d0146802afaf70044'),('402882f94680252d0146802b0195011a','MSIE 9.0','用户: admin登录成功',1,'192.168.1.103','2013-03-21 21:22:00',1,'402882f94680252d0146802afaf70044'),('402882f94680252d0146802b0197011b','MSIE 9.0','物品: 55添加成功',3,'192.168.1.103','2013-03-21 21:23:00',1,'402882f94680252d0146802afaf70044'),('402882f94680252d0146802b019a011c','MSIE 9.0','物品: 33添加成功',3,'192.168.1.103','2013-03-21 21:23:00',1,'402882f94680252d0146802afaf70044'),('402882f94680252d0146802b019f011d','MSIE 9.0','用户: admin登录成功',1,'192.168.1.103','2013-03-21 21:25:00',1,'402882f94680252d0146802afaf70044'),('402882f94680252d0146802b01a2011e','MSIE 9.0','用户: admin登录成功',1,'192.168.1.103','2013-03-21 21:27:00',1,'402882f94680252d0146802afaf70044'),('402882f94680252d0146802b01a6011f','MSIE 9.0','权限: 采购审批被添加成功',3,'192.168.1.103','2013-03-21 21:29:00',1,'402882f94680252d0146802afaf70044'),('402882f94680252d0146802b01a80120','MSIE 9.0','权限: 采购审批被更新成功',5,'192.168.1.103','2013-03-21 21:29:00',1,'402882f94680252d0146802afaf70044'),('402882f94680252d0146802b01aa0121','MSIE 9.0','权限: 采购审批被更新成功',5,'192.168.1.103','2013-03-21 21:30:00',1,'402882f94680252d0146802afaf70044'),('402882f94680252d0146802b01ac0122','MSIE 9.0','用户: admin更新成功',5,'192.168.1.103','2013-03-21 21:31:00',1,'402882f94680252d0146802afaf70044'),('402882f94680252d0146802b01af0123','MSIE 9.0','流程参数: 采购审批员审批被添加成功',3,'192.168.1.103','2013-03-21 21:36:00',1,'402882f94680252d0146802afaf70044'),('402882f94680252d0146802b01b10124','MSIE 9.0','流程参数: 采购审批员审批被更新成功',5,'192.168.1.103','2013-03-21 21:36:00',1,'402882f94680252d0146802afaf70044'),('402882f94680252d0146802b01b30125','MSIE 9.0','流程参数: 采购审批员审批被更新成功',5,'192.168.1.103','2013-03-21 21:37:00',1,'402882f94680252d0146802afaf70044'),('402882f94680252d0146802b01b50126','MSIE 9.0','流程类别: 采购审批员审批被删除 成功',4,'192.168.1.103','2013-03-21 21:38:00',1,'402882f94680252d0146802afaf70044'),('402882f94680252d0146802b01b70127','MSIE 9.0','物品: 44添加成功',3,'192.168.1.103','2013-03-21 21:43:00',1,'402882f94680252d0146802afaf70044'),('402882f94680252d0146802b01b90128','MSIE 9.0','用户: admin登录成功',1,'192.168.1.105','2013-02-07 10:10:00',1,'402882f94680252d0146802afaf70044'),('402882f94680252d0146802b01bc0129','MSIE 9.0','权限: 上传下载被添加成功',3,'192.168.1.105','2013-02-07 11:07:00',1,'402882f94680252d0146802afaf70044'),('402882f94680252d0146802b01bf012a','MSIE 9.0','权限: 插件演示被删除成功',4,'192.168.1.105','2013-02-07 11:07:00',1,'402882f94680252d0146802afaf70044'),('402882f94680252d0146802b01c1012b','MSIE 9.0','用户: admin登录成功',1,'192.168.1.105','2013-02-07 11:07:00',1,'402882f94680252d0146802afaf70044'),('402882f94680252d0146802dcc600183','Chrome','用户: admin[信息部]登录成功',1,'192.168.2.121','2014-06-09 18:30:23',1,'402882f94680252d0146802afaf70044'),('402882f9468373bf0146838c48c50000','Chrome','用户: admin[信息部]登录成功',1,'192.168.2.121','2014-06-10 10:12:27',1,'402882f94680252d0146802afaf70044'),('402882f946844daf0146844eba590000','Chrome','用户: admin[信息部]登录成功',1,'192.168.2.121','2014-06-10 13:44:50',1,'402882f94680252d0146802afaf70044'),('402882f946844daf01468481b4040001','Chrome','用户: admin[信息部]登录成功',1,'192.168.2.121','2014-06-10 14:40:31',1,'402882f94680252d0146802afaf70044'),('402882f94684a3df014684a4adac0000','Chrome','用户: admin[信息部]登录成功',1,'192.168.2.121','2014-06-10 15:18:43',1,'402882f94680252d0146802afaf70044'),('402882f94684a3df014684cbce570018','Chrome','创建成功',3,'192.168.2.121','2014-06-10 16:01:27',1,'402882f94680252d0146802afaf70044'),('402882f94684a3df014684d710fa001a','Chrome','激活成功',5,'192.168.2.121','2014-06-10 16:13:45',1,'402882f94680252d0146802afaf70044'),('402882f94684a3df014684e4c6b3001d','Chrome','添加成功',3,'192.168.2.121','2014-06-10 16:28:44',1,'402882f94680252d0146802afaf70044'),('402882f94689e536014689e62d0a0000','Chrome','用户: admin[信息部]登录成功',1,'192.168.2.121','2014-06-11 15:48:21',1,'402882f94680252d0146802afaf70044'),('402882f9468a142301468a1503340000','Chrome','用户: admin[信息部]登录成功',1,'192.168.2.121','2014-06-11 16:39:31',1,'402882f94680252d0146802afaf70044'),('402882f9468a142301468a28d1890002','Chrome','权限: 会议管理被添加成功',3,'192.168.2.121','2014-06-11 17:01:09',1,'402882f94680252d0146802afaf70044'),('402882f9468a142301468a2954630003','Chrome','权限: 会议管理被删除成功',4,'192.168.2.121','2014-06-11 17:01:42',1,'402882f94680252d0146802afaf70044'),('402882f9468a142301468a2a27d30005','Chrome','权限: 会议管理被添加成功',3,'192.168.2.121','2014-06-11 17:02:37',1,'402882f94680252d0146802afaf70044'),('402882f9468a142301468a2b1d4c0007','Chrome','权限: 新增会议被添加成功',3,'192.168.2.121','2014-06-11 17:03:39',1,'402882f94680252d0146802afaf70044'),('402882f9468a142301468a2d0d95000b','Chrome','用户: admin更新成功',5,'192.168.2.121','2014-06-11 17:05:46',1,'402882f94680252d0146802afaf70044'),('402882f9468a142301468a2d787e000c','Chrome','用户admin已退出',2,'192.168.2.121','2014-06-11 17:06:14',1,'402882f94680252d0146802afaf70044'),('402882f9468a142301468a2da863000d','Chrome','用户: admin[信息部]登录成功',1,'192.168.2.121','2014-06-11 17:06:26',1,'402882f94680252d0146802afaf70044'),('402882f9468a142301468a2f4d90000f','Chrome','权限: 会议日志被添加成功',3,'192.168.2.121','2014-06-11 17:08:14',1,'402882f94680252d0146802afaf70044'),('402882f9468a142301468a2f96c00011','Chrome','用户admin已退出',2,'192.168.2.121','2014-06-11 17:08:33',1,'402882f94680252d0146802afaf70044'),('402882f9468a142301468a2fc5ee0012','Chrome','用户: admin[信息部]登录成功',1,'192.168.2.121','2014-06-11 17:08:45',1,'402882f94680252d0146802afaf70044'),('402882f9468dc95001468dcaaaea0000','Chrome','用户: admin[信息部]登录成功',1,'192.168.2.121','2014-06-12 09:56:47',1,'402882f94680252d0146802afaf70044'),('402882f946a7cf930146a7d042650000','Chrome','用户: admin[信息部]登录成功',1,'192.168.2.121','2014-06-17 11:13:02',1,'402882f94680252d0146802afaf70044'),('402882f946a7cf930146a8a1204b0001','Chrome','用户: admin[信息部]登录成功',1,'192.168.2.121','2014-06-17 15:01:10',1,'402882f94680252d0146802afaf70044'),('402882f946a7cf930146a8a1fe260002','Chrome','权限: 会议管理被更新成功',5,'192.168.2.121','2014-06-17 15:02:07',1,'402882f94680252d0146802afaf70044'),('402882f946a7cf930146a8a37d4c0003','Chrome','权限: 会议信息被更新成功',5,'192.168.2.121','2014-06-17 15:03:45',1,'402882f94680252d0146802afaf70044'),('402882f946a7cf930146a8a3c1d50004','Chrome','用户admin已退出',2,'192.168.2.121','2014-06-17 15:04:02',1,'402882f94680252d0146802afaf70044'),('402882f946a7cf930146a8a3f2390005','Chrome','用户: admin[信息部]登录成功',1,'192.168.2.121','2014-06-17 15:04:15',1,'402882f94680252d0146802afaf70044'),('402882f946a8b2bb0146a8b38a700000','Chrome','用户: admin[信息部]登录成功',1,'192.168.2.121','2014-06-17 15:21:17',1,'402882f94680252d0146802afaf70044'),('402882f946a8b5c60146a8b650260000','Chrome','用户: admin[信息部]登录成功',1,'192.168.2.121','2014-06-17 15:24:18',1,'402882f94680252d0146802afaf70044'),('402882f946a8c81f0146a8c8a2470000','Chrome','用户: admin[信息部]登录成功',1,'192.168.2.121','2014-06-17 15:44:19',1,'402882f94680252d0146802afaf70044'),('402882f946a8c81f0146a8c9cc0e0001','Chrome','权限: 会议信息被更新成功',5,'192.168.2.121','2014-06-17 15:45:35',1,'402882f94680252d0146802afaf70044'),('402882f946a8c81f0146a8c9e1410002','Chrome','用户admin已退出',2,'192.168.2.121','2014-06-17 15:45:41',1,'402882f94680252d0146802afaf70044'),('402882f946a8c81f0146a8ca04da0003','Chrome','用户: admin[信息部]登录成功',1,'192.168.2.121','2014-06-17 15:45:50',1,'402882f94680252d0146802afaf70044'),('402882f946a8c81f0146a8ca05940004','Chrome','用户: admin[信息部]登录成功',1,'192.168.2.121','2014-06-17 15:45:50',1,'402882f94680252d0146802afaf70044'),('402882f946a8fd080146a8fd9b4e0000','Chrome','用户: admin[信息部]登录成功',1,'192.168.2.121','2014-06-17 16:42:11',1,'402882f94680252d0146802afaf70044'),('402882f946a8fd080146a8fe4f7f0001','Chrome','权限: 会议日志被更新成功',5,'192.168.2.121','2014-06-17 16:42:57',1,'402882f94680252d0146802afaf70044'),('402882f946a8fd080146a8fe5e1f0002','Chrome','用户admin已退出',2,'192.168.2.121','2014-06-17 16:43:01',1,'402882f94680252d0146802afaf70044'),('402882f946a8fd080146a8fe8d220003','Chrome','用户: admin[信息部]登录成功',1,'192.168.2.121','2014-06-17 16:43:13',1,'402882f94680252d0146802afaf70044'),('402882f946a8fd080146a8fe8df00004','Chrome','用户: admin[信息部]登录成功',1,'192.168.2.121','2014-06-17 16:43:13',1,'402882f94680252d0146802afaf70044'),('402882f946a900120146a900d13a0000','Chrome','用户: admin[信息部]登录成功',1,'192.168.2.121','2014-06-17 16:45:41',1,'402882f94680252d0146802afaf70044'),('402882f946a922040146a922b5420000','Chrome','用户: admin[信息部]登录成功',1,'192.168.2.121','2014-06-17 17:22:42',1,'402882f94680252d0146802afaf70044'),('402882f946a929cb0146a92a304d0000','Chrome','用户: admin[信息部]登录成功',1,'192.168.2.121','2014-06-17 17:30:52',1,'402882f94680252d0146802afaf70044'),('402882f946a9432f0146a943d6220000','Chrome','用户: admin[信息部]登录成功',1,'192.168.2.121','2014-06-17 17:58:53',1,'402882f94680252d0146802afaf70044'),('402882f946a94eb50146a9504fec0000','Chrome','用户: admin[信息部]登录成功',1,'192.168.2.121','2014-06-17 18:12:31',1,'402882f94680252d0146802afaf70044'),('402882f946acd5400146acd64e9f0000','Chrome','用户: admin[信息部]登录成功',1,'192.168.2.121','2014-06-18 10:37:44',1,'402882f94680252d0146802afaf70044'),('402882f946acd9d00146acda90f40000','Chrome','用户: admin[信息部]登录成功',1,'192.168.2.121','2014-06-18 10:42:23',1,'402882f94680252d0146802afaf70044'),('402882f946aceacf0146acec5a630000','Chrome','用户: admin[信息部]登录成功',1,'192.168.2.121','2014-06-18 11:01:49',1,'402882f94680252d0146802afaf70044'),('402882f946acf1180146acf2711f0000','Chrome','用户: admin[信息部]登录成功',1,'192.168.2.121','2014-06-18 11:08:28',1,'402882f94680252d0146802afaf70044'),('402882f946acf4d80146acf543590000','Chrome','用户: admin[信息部]登录成功',1,'192.168.2.121','2014-06-18 11:11:33',1,'402882f94680252d0146802afaf70044'),('402882f946acf8070146acf8f7fc0000','Chrome','用户: admin[信息部]登录成功',1,'192.168.2.121','2014-06-18 11:15:36',1,'402882f94680252d0146802afaf70044'),('402882f946acfb880146acfbf5790000','Chrome','用户: admin[信息部]登录成功',1,'192.168.2.121','2014-06-18 11:18:52',1,'402882f94680252d0146802afaf70044'),('402882f946ad744d0146ad74dc440000','Chrome','用户: admin[信息部]登录成功',1,'192.168.2.121','2014-06-18 13:30:55',1,'402882f94680252d0146802afaf70044'),('402882f946ad8af10146ad8bbf020000','Chrome','用户: admin[信息部]登录成功',1,'192.168.2.121','2014-06-18 13:55:55',1,'402882f94680252d0146802afaf70044'),('402882f946ad9db20146ada1012c0000','Chrome','用户: admin[信息部]登录成功',1,'192.168.2.121','2014-06-18 14:19:08',1,'402882f94680252d0146802afaf70044'),('402882f946adbb6d0146adbbbefb0000','Chrome','用户: admin[信息部]登录成功',1,'192.168.2.121','2014-06-18 14:48:20',1,'402882f94680252d0146802afaf70044'),('402882f946adbc940146adbcea6b0000','Chrome','用户: admin[信息部]登录成功',1,'192.168.2.121','2014-06-18 14:49:37',1,'402882f94680252d0146802afaf70044'),('402882f946adc01d0146adc06fd40000','Chrome','用户: admin[信息部]登录成功',1,'192.168.2.121','2014-06-18 14:53:28',1,'402882f94680252d0146802afaf70044'),('402882f946adc15d0146adc4d5c00000','Chrome','用户: admin[信息部]登录成功',1,'192.168.2.121','2014-06-18 14:58:16',1,'402882f94680252d0146802afaf70044'),('402882f946adc8bf0146adc91aa70000','Chrome','用户: admin[信息部]登录成功',1,'192.168.2.121','2014-06-18 15:02:56',1,'402882f94680252d0146802afaf70044'),('402882f946add4570146add4a4210000','Chrome','用户: admin[信息部]登录成功',1,'192.168.2.121','2014-06-18 15:15:32',1,'402882f94680252d0146802afaf70044'),('402882f946add4570146ae3641aa0001','Chrome','用户: admin[信息部]登录成功',1,'192.168.2.121','2014-06-18 17:02:09',1,'402882f94680252d0146802afaf70044'),('402882f946add4570146ae3765b30003','Chrome','权限: 会议预约被添加成功',3,'192.168.2.121','2014-06-18 17:03:24',1,'402882f94680252d0146802afaf70044'),('402882f946add4570146ae3b30d40004','Chrome','权限: 会议预约被更新成功',5,'192.168.2.121','2014-06-18 17:07:33',1,'402882f94680252d0146802afaf70044'),('402882f946add4570146ae3b3eea0005','Chrome','用户admin已退出',2,'192.168.2.121','2014-06-18 17:07:36',1,'402882f94680252d0146802afaf70044'),('402882f946add4570146ae3b5b120006','Chrome','用户: admin[信息部]登录成功',1,'192.168.2.121','2014-06-18 17:07:44',1,'402882f94680252d0146802afaf70044'),('402882f946add4570146ae3ba5120008','Chrome','用户admin已退出',2,'192.168.2.121','2014-06-18 17:08:02',1,'402882f94680252d0146802afaf70044'),('402882f946add4570146ae3bc0b50009','Chrome','用户: admin[信息部]登录成功',1,'192.168.2.121','2014-06-18 17:08:10',1,'402882f94680252d0146802afaf70044'),('402882f946ae3df40146ae3e6b720000','Chrome','用户: admin[信息部]登录成功',1,'192.168.2.121','2014-06-18 17:11:04',1,'402882f94680252d0146802afaf70044'),('402882f946b1cab70146b1cb9ab20000','Chrome','用户: admin[信息部]登录成功',1,'192.168.2.121','2014-06-19 09:44:09',1,'402882f94680252d0146802afaf70044'),('402882f946b1cab70146b2340b280001','Chrome','用户: admin[信息部]登录成功',1,'192.168.2.121','2014-06-19 11:38:13',1,'402882f94680252d0146802afaf70044'),('402882f946b1cab70146b2d5b2510002','Chrome','用户: admin[信息部]登录成功',1,'192.168.2.121','2014-06-19 14:34:47',1,'402882f94680252d0146802afaf70044'),('402882f946b2e9410146b2ea1e680000','Chrome','用户: admin[信息部]登录成功',1,'192.168.2.121','2014-06-19 14:57:06',1,'402882f94680252d0146802afaf70044'),('402882f946b316b90146b31725cc0000','Chrome','用户: admin[信息部]登录成功',1,'192.168.2.121','2014-06-19 15:46:17',1,'402882f94680252d0146802afaf70044'),('402882f946b31b710146b31bdf8f0000','Chrome','用户: admin[信息部]登录成功',1,'192.168.2.121','2014-06-19 15:51:26',1,'402882f94680252d0146802afaf70044'),('402882f946b31d030146b31d62760000','Chrome','用户: admin[信息部]登录成功',1,'192.168.2.121','2014-06-19 15:53:05',1,'402882f94680252d0146802afaf70044'),('402882f946b321930146b3226e090000','Chrome','用户: admin[信息部]登录成功',1,'192.168.2.121','2014-06-19 15:58:36',1,'402882f94680252d0146802afaf70044'),('402882f946b326450146b32696950000','Chrome','用户: admin[信息部]登录成功',1,'192.168.2.121','2014-06-19 16:03:09',1,'402882f94680252d0146802afaf70044'),('402882f946b328a00146b32a26120000','Chrome','用户: admin[信息部]登录成功',1,'192.168.2.121','2014-06-19 16:07:02',1,'402882f94680252d0146802afaf70044'),('402882f946b32cfe0146b32d51300000','Chrome','用户: admin[信息部]登录成功',1,'192.168.2.121','2014-06-19 16:10:30',1,'402882f94680252d0146802afaf70044'),('402882f946b337060146b3392c040000','Chrome','用户: admin[信息部]登录成功',1,'192.168.2.121','2014-06-19 16:23:26',1,'402882f94680252d0146802afaf70044'),('402882f946b3444b0146b344e0a50000','Chrome','用户: admin[信息部]登录成功',1,'192.168.2.121','2014-06-19 16:36:14',1,'402882f94680252d0146802afaf70044'),('402882f946b35ea30146b364936a0000','Chrome','用户: admin[信息部]登录成功',1,'192.168.2.121','2014-06-19 17:10:51',1,'402882f94680252d0146802afaf70044'),('402882f946b36f950146b370059e0000','Chrome','用户: admin[信息部]登录成功',1,'192.168.2.121','2014-06-19 17:23:21',1,'402882f94680252d0146802afaf70044'),('402882f946b370e50146b37142f80000','Chrome','用户: admin[信息部]登录成功',1,'192.168.2.121','2014-06-19 17:24:42',1,'402882f94680252d0146802afaf70044'),('402882f946b378dc0146b3794bb00000','Chrome','用户: admin[信息部]登录成功',1,'192.168.2.121','2014-06-19 17:33:29',1,'402882f94680252d0146802afaf70044'),('402882f946b37ac00146b37b29f50000','Chrome','用户: admin[信息部]登录成功',1,'192.168.2.121','2014-06-19 17:35:31',1,'402882f94680252d0146802afaf70044'),('402882f946b37cc80146b37d11c60000','Chrome','用户: admin[信息部]登录成功',1,'192.168.2.121','2014-06-19 17:37:36',1,'402882f94680252d0146802afaf70044'),('402882f946b381190146b38166940000','Chrome','用户: admin[信息部]登录成功',1,'192.168.2.121','2014-06-19 17:42:20',1,'402882f94680252d0146802afaf70044'),('402882f946b383c30146b3841f1e0000','Chrome','用户: admin[信息部]登录成功',1,'192.168.2.121','2014-06-19 17:45:18',1,'402882f94680252d0146802afaf70044'),('402882f946b3a0510146b3a0b8980000','Chrome','用户: admin[信息部]登录成功',1,'192.168.2.121','2014-06-19 18:16:33',1,'402882f94680252d0146802afaf70044'),('402882f946b3a3c00146b3a4e3ad0000','Chrome','用户: admin[信息部]登录成功',1,'192.168.2.121','2014-06-19 18:21:06',1,'402882f94680252d0146802afaf70044'),('402882f946b706a60146b70edcf90000','Chrome','用户: admin[信息部]登录成功',1,'192.168.2.121','2014-06-20 10:15:43',1,'402882f94680252d0146802afaf70044'),('402882f946b741910146b741e4ee0000','Chrome','用户: admin[信息部]登录成功',1,'192.168.2.121','2014-06-20 11:11:27',1,'402882f94680252d0146802afaf70044'),('402882f946b7a64d0146b7a743cf0000','Chrome','用户: admin[信息部]登录成功',1,'192.168.2.121','2014-06-20 13:02:10',1,'402882f94680252d0146802afaf70044'),('402882f946b7aacc0146b7bbae1d0000','Chrome','用户: admin[信息部]登录成功',1,'192.168.2.121','2014-06-20 13:24:28',1,'402882f94680252d0146802afaf70044'),('402882f946b7d71c0146b7da29de0000','Chrome','用户: admin[信息部]登录成功',1,'192.168.2.121','2014-06-20 13:57:46',1,'402882f94680252d0146802afaf70044'),('402882f946b7d71c0146b84e86650001','Chrome','用户: admin[信息部]登录成功',1,'192.168.2.121','2014-06-20 16:04:52',1,'402882f94680252d0146802afaf70044'),('402882f946b873cc0146b8742aef0000','Chrome','用户: admin[信息部]登录成功',1,'192.168.2.121','2014-06-20 16:45:59',1,'402882f94680252d0146802afaf70044'),('ff808081470a742401470a74aa600000','Chrome','用户: admin[信息部]登录成功',1,'127.0.0.1','2014-07-06 14:55:23',1,'402882f94680252d0146802afaf70044'),('ff808081470a742401470a7b1fd30001','Chrome','会议预约删除成功',4,'127.0.0.1','2014-07-06 15:02:27',1,'402882f94680252d0146802afaf70044'),('ff808081470a742401470a7b3a860002','Chrome','会议预约删除成功',4,'127.0.0.1','2014-07-06 15:02:33',1,'402882f94680252d0146802afaf70044'),('ff808081470a742401470a7b444a0003','Chrome','会议预约删除成功',4,'127.0.0.1','2014-07-06 15:02:36',1,'402882f94680252d0146802afaf70044'),('ff808081470a742401470a7b491c0004','Chrome','会议预约删除成功',4,'127.0.0.1','2014-07-06 15:02:37',1,'402882f94680252d0146802afaf70044'),('ff808081470a742401470a7b4dc10005','Chrome','会议预约删除成功',4,'127.0.0.1','2014-07-06 15:02:38',1,'402882f94680252d0146802afaf70044'),('ff808081470a742401470a7b539d0006','Chrome','会议预约删除成功',4,'127.0.0.1','2014-07-06 15:02:40',1,'402882f94680252d0146802afaf70044'),('ff808081470a742401470a7b582b0007','Chrome','会议预约删除成功',4,'127.0.0.1','2014-07-06 15:02:41',1,'402882f94680252d0146802afaf70044'),('ff808081470a742401470a7b5c820008','Chrome','会议预约删除成功',4,'127.0.0.1','2014-07-06 15:02:42',1,'402882f94680252d0146802afaf70044'),('ff808081470a742401470a7b60f00009','Chrome','会议预约删除成功',4,'127.0.0.1','2014-07-06 15:02:43',1,'402882f94680252d0146802afaf70044'),('ff808081470a742401470a8a5ece000b','Chrome','会议预约添加成功',3,'127.0.0.1','2014-07-06 15:19:06',1,'402882f94680252d0146802afaf70044'),('ff808081470a8bb001470a8bfa080000','Chrome','用户: admin[信息部]登录成功',1,'127.0.0.1','2014-07-06 15:20:51',1,'402882f94680252d0146802afaf70044'),('ff808081470a8bb001470a8c5f920002','Chrome','会议预约添加成功',3,'127.0.0.1','2014-07-06 15:21:17',1,'402882f94680252d0146802afaf70044'),('ff808081470a8bb001470a8d24230003','Chrome','启用会议预约成功',5,'127.0.0.1','2014-07-06 15:22:07',1,'402882f94680252d0146802afaf70044'),('ff808081470a8bb001470a8ec1510004','Chrome','启用会议预约成功',5,'127.0.0.1','2014-07-06 15:23:53',1,'402882f94680252d0146802afaf70044'),('ff808081470a8bb001470a90323c0005','Chrome','会议预约删除成功',4,'127.0.0.1','2014-07-06 15:25:27',1,'402882f94680252d0146802afaf70044'),('ff808081470a8bb001470a91d6350006','Chrome','会议预约删除成功',5,'127.0.0.1','2014-07-06 15:27:15',1,'402882f94680252d0146802afaf70044'),('ff808081470a8bb001470a9253780007','Chrome','会议预约删除成功',5,'127.0.0.1','2014-07-06 15:27:47',1,'402882f94680252d0146802afaf70044'),('ff808081470a8bb001470a92de330008','Chrome','会议预约删除成功',4,'127.0.0.1','2014-07-06 15:28:23',1,'402882f94680252d0146802afaf70044'),('ff808081470a8bb001470a932a41000a','Chrome','会议预约添加成功',3,'127.0.0.1','2014-07-06 15:28:42',1,'402882f94680252d0146802afaf70044'),('ff808081470a8bb001470a93c900000b','Chrome','会议预约添加成功',5,'127.0.0.1','2014-07-06 15:29:23',1,'402882f94680252d0146802afaf70044'),('ff808081470a8bb001470a941dfe000c','Chrome','会议预约添加成功',5,'127.0.0.1','2014-07-06 15:29:44',1,'402882f94680252d0146802afaf70044'),('ff808081470a8bb001470a9683de000d','Chrome','取消会议预约成功',5,'127.0.0.1','2014-07-06 15:32:22',1,'402882f94680252d0146802afaf70044'),('ff808081470a8bb001470a969d08000e','Chrome','会议预约删除成功',4,'127.0.0.1','2014-07-06 15:32:28',1,'402882f94680252d0146802afaf70044'),('ff808081470a8bb001470aa0b9290010','Chrome','会议预约添加成功',3,'127.0.0.1','2014-07-06 15:43:31',1,'402882f94680252d0146802afaf70044'),('ff808081470a8bb001470aa0eafc0011','Chrome','取消会议预约成功',5,'127.0.0.1','2014-07-06 15:43:43',1,'402882f94680252d0146802afaf70044'),('ff808081470a8bb001470aa1ab550013','Chrome','会议预约添加成功',3,'127.0.0.1','2014-07-06 15:44:33',1,'402882f94680252d0146802afaf70044'),('ff808081470a8bb001470aa6d7000014','Chrome','启用会议预约成功',5,'127.0.0.1','2014-07-06 15:50:11',1,'402882f94680252d0146802afaf70044'),('ff808081470a8bb001470aa926e60015','Chrome','启用会议预约成功',5,'127.0.0.1','2014-07-06 15:52:43',1,'402882f94680252d0146802afaf70044'),('ff808081470a8bb001470aaa33aa0016','Chrome','启用会议预约成功',5,'127.0.0.1','2014-07-06 15:53:52',1,'402882f94680252d0146802afaf70044'),('ff808081470a8bb001470aab56130017','Chrome','会议预约启用成功',5,'127.0.0.1','2014-07-06 15:55:06',1,'402882f94680252d0146802afaf70044'),('ff808081470a8bb001470aac32b20018','Chrome','会议预约启用成功',5,'127.0.0.1','2014-07-06 15:56:03',1,'402882f94680252d0146802afaf70044'),('ff808081470a8bb001470aac8f930019','Chrome','会议预约启用成功',5,'127.0.0.1','2014-07-06 15:56:26',1,'402882f94680252d0146802afaf70044'),('ff808081470a8bb001470aadc92f001a','Chrome','会议预约启用成功',5,'127.0.0.1','2014-07-06 15:57:47',1,'402882f94680252d0146802afaf70044'),('ff808081470a8bb001470aaddc0c001b','Chrome','会议预约启用成功',5,'127.0.0.1','2014-07-06 15:57:52',1,'402882f94680252d0146802afaf70044'),('ff808081470a8bb001470aae89d6001c','Chrome','会议预约取消成功',5,'127.0.0.1','2014-07-06 15:58:36',1,'402882f94680252d0146802afaf70044'),('ff808081470a8bb001470ab418d9001e','Chrome','会议预约添加成功',3,'127.0.0.1','2014-07-06 16:04:40',1,'402882f94680252d0146802afaf70044'),('ff808081470a8bb001470ab52728001f','Chrome','会议预约启用成功',5,'127.0.0.1','2014-07-06 16:05:49',1,'402882f94680252d0146802afaf70044'),('ff808081470ad73e01470ad776920000','Chrome','用户: admin[信息部]登录成功',1,'127.0.0.1','2014-07-06 16:43:18',1,'402882f94680252d0146802afaf70044'),('ff808081470ad73e01470af37cef0002','Chrome','会议预约添加成功',3,'127.0.0.1','2014-07-06 17:13:55',1,'402882f94680252d0146802afaf70044'),('ff808081470ad73e01470af390110003','Chrome','会议预约删除成功',4,'127.0.0.1','2014-07-06 17:14:00',1,'402882f94680252d0146802afaf70044'),('ff808081470ad73e01470af544ab0005','Chrome','会议预约添加成功',3,'127.0.0.1','2014-07-06 17:15:51',1,'402882f94680252d0146802afaf70044'),('ff808081470ad73e01470af557600006','Chrome','会议预约删除成功',4,'127.0.0.1','2014-07-06 17:15:56',1,'402882f94680252d0146802afaf70044'),('ff808081470b1f0401470b21685e0000','Chrome','用户: admin[信息部]登录成功',1,'127.0.0.1','2014-07-06 18:04:04',1,'402882f94680252d0146802afaf70044'),('ff808081470b1f0401470b219d7e0002','Chrome','会议预约添加成功',3,'127.0.0.1','2014-07-06 18:04:18',1,'402882f94680252d0146802afaf70044'),('ff808081470b1f0401470b21c4090003','Chrome','会议预约删除成功',4,'127.0.0.1','2014-07-06 18:04:28',1,'402882f94680252d0146802afaf70044');
/*!40000 ALTER TABLE `t_s_log` ENABLE KEYS */;
UNLOCK TABLES;

--
-- Table structure for table `t_s_operation`
--

DROP TABLE IF EXISTS `t_s_operation`;
/*!40101 SET @saved_cs_client     = @@character_set_client */;
/*!40101 SET character_set_client = utf8 */;
CREATE TABLE `t_s_operation` (
  `ID` varchar(32) NOT NULL,
  `operationcode` varchar(50) DEFAULT NULL,
  `operationicon` varchar(100) DEFAULT NULL,
  `operationname` varchar(50) DEFAULT NULL,
  `status` smallint(6) DEFAULT NULL,
  `functionid` varchar(32) DEFAULT NULL,
  `iconid` varchar(32) DEFAULT NULL,
  PRIMARY KEY (`ID`),
  KEY `FK_pceuy41wr2fjbcilyc7mk3m1f` (`functionid`),
  KEY `FK_ny5de7922l39ta2pkhyspd5f` (`iconid`),
  CONSTRAINT `FK_ny5de7922l39ta2pkhyspd5f` FOREIGN KEY (`iconid`) REFERENCES `t_s_icon` (`ID`),
  CONSTRAINT `FK_pceuy41wr2fjbcilyc7mk3m1f` FOREIGN KEY (`functionid`) REFERENCES `t_s_function` (`ID`)
) ENGINE=InnoDB DEFAULT CHARSET=utf8;
/*!40101 SET character_set_client = @saved_cs_client */;

--
-- Dumping data for table `t_s_operation`
--

LOCK TABLES `t_s_operation` WRITE;
/*!40000 ALTER TABLE `t_s_operation` DISABLE KEYS */;
INSERT INTO `t_s_operation` VALUES ('402882f94680252d0146802afcf0006a','add',NULL,'录入',NULL,'402882f94680252d0146802afa6d002b','402882f94680252d0146802af8db0000'),('402882f94680252d0146802afcf6006b','edit',NULL,'编辑',NULL,'402882f94680252d0146802afa6d002b','402882f94680252d0146802af8db0000'),('402882f94680252d0146802afcfb006c','del',NULL,'删除',NULL,'402882f94680252d0146802afa6d002b','402882f94680252d0146802af8db0000'),('402882f94680252d0146802afd3e006d','szqm',NULL,'审核',NULL,'402882f94680252d0146802afa6d002b','402882f94680252d0146802af8db0000');
/*!40000 ALTER TABLE `t_s_operation` ENABLE KEYS */;
UNLOCK TABLES;

--
-- Table structure for table `t_s_opintemplate`
--

DROP TABLE IF EXISTS `t_s_opintemplate`;
/*!40101 SET @saved_cs_client     = @@character_set_client */;
/*!40101 SET character_set_client = utf8 */;
CREATE TABLE `t_s_opintemplate` (
  `ID` varchar(32) NOT NULL,
  `descript` varchar(100) DEFAULT NULL,
  PRIMARY KEY (`ID`)
) ENGINE=InnoDB DEFAULT CHARSET=utf8;
/*!40101 SET character_set_client = @saved_cs_client */;

--
-- Dumping data for table `t_s_opintemplate`
--

LOCK TABLES `t_s_opintemplate` WRITE;
/*!40000 ALTER TABLE `t_s_opintemplate` DISABLE KEYS */;
/*!40000 ALTER TABLE `t_s_opintemplate` ENABLE KEYS */;
UNLOCK TABLES;

--
-- Table structure for table `t_s_role`
--

DROP TABLE IF EXISTS `t_s_role`;
/*!40101 SET @saved_cs_client     = @@character_set_client */;
/*!40101 SET character_set_client = utf8 */;
CREATE TABLE `t_s_role` (
  `ID` varchar(32) NOT NULL,
  `rolecode` varchar(10) DEFAULT NULL,
  `rolename` varchar(100) NOT NULL,
  PRIMARY KEY (`ID`)
) ENGINE=InnoDB DEFAULT CHARSET=utf8;
/*!40101 SET character_set_client = @saved_cs_client */;

--
-- Dumping data for table `t_s_role`
--

LOCK TABLES `t_s_role` WRITE;
/*!40000 ALTER TABLE `t_s_role` DISABLE KEYS */;
INSERT INTO `t_s_role` VALUES ('402882f94680252d0146802afae60042','admin','管理员'),('402882f94680252d0146802afaeb0043','manager','普通用户');
/*!40000 ALTER TABLE `t_s_role` ENABLE KEYS */;
UNLOCK TABLES;

--
-- Table structure for table `t_s_role_function`
--

DROP TABLE IF EXISTS `t_s_role_function`;
/*!40101 SET @saved_cs_client     = @@character_set_client */;
/*!40101 SET character_set_client = utf8 */;
CREATE TABLE `t_s_role_function` (
  `ID` varchar(32) NOT NULL,
  `operation` varchar(100) DEFAULT NULL,
  `functionid` varchar(32) DEFAULT NULL,
  `roleid` varchar(32) DEFAULT NULL,
  PRIMARY KEY (`ID`),
  KEY `FK_fvsillj2cxyk5thnuu625urab` (`functionid`),
  KEY `FK_9dww3p4w8jwvlrgwhpitsbfif` (`roleid`),
  CONSTRAINT `FK_9dww3p4w8jwvlrgwhpitsbfif` FOREIGN KEY (`roleid`) REFERENCES `t_s_role` (`ID`),
  CONSTRAINT `FK_fvsillj2cxyk5thnuu625urab` FOREIGN KEY (`functionid`) REFERENCES `t_s_function` (`ID`)
) ENGINE=InnoDB DEFAULT CHARSET=utf8;
/*!40101 SET character_set_client = @saved_cs_client */;

--
-- Dumping data for table `t_s_role_function`
--

LOCK TABLES `t_s_role_function` WRITE;
/*!40000 ALTER TABLE `t_s_role_function` DISABLE KEYS */;
INSERT INTO `t_s_role_function` VALUES ('402882ed4725061f0147250a81cb000c',NULL,'402882ed4725061f01472508e4880004','402882f94680252d0146802afae60042'),('402882ed4725061f0147250a81ce000d',NULL,'402882ed4725061f01472509a89a0006','402882f94680252d0146802afae60042'),('402882ed4725061f0147250a81ce000e',NULL,'402882ed4725061f01472509f5d60008','402882f94680252d0146802afae60042'),('402882ed4725061f0147250a81ce000f',NULL,'402882ed4725061f0147250a1b73000a','402882f94680252d0146802afae60042'),('402882ed473e5b8a01473e888fd60012',NULL,'402882ed473e5b8a01473e8653d8000c','402882f94680252d0146802afae60042'),('402882ed473e5b8a01473e888fe60013',NULL,'402882ed473e5b8a01473e859a5b000a','402882f94680252d0146802afae60042'),('402882ed473e5b8a01473e888fe60014',NULL,'402882ed473e5b8a01473e8846730010','402882f94680252d0146802afae60042'),('402882ed473e5b8a01473e888fe70015',NULL,'402882ed473e5b8a01473e8752f2000e','402882f94680252d0146802afae60042'),('402882ed47579744014757afffc10005',NULL,'402882ed47579744014757af58ad0001','402882f94680252d0146802afae60042'),('402882ed47611e4a01476121d1ca000c',NULL,'402882ed47611e4a014761204b560004','402882f94680252d0146802afae60042'),('402882ed47611e4a01476121d1f4000d',NULL,'402882ed47611e4a0147612162830008','402882f94680252d0146802afae60042'),('402882ed47611e4a01476121d1f4000e',NULL,'402882ed47611e4a0147611f45bf0001','402882f94680252d0146802afae60042'),('402882ed47611e4a01476121d1f4000f',NULL,'402882ed47611e4a01476120e6880006','402882f94680252d0146802afae60042'),('402882ed47665f330147666a57ad0005',NULL,'402882ed47665f3301476669754b0001','402882f94680252d0146802afae60042'),('402882ed47665f330147666a57d80006',NULL,'402882ed47665f330147666a1ce50003','402882f94680252d0146802afae60042'),('402882ed47a9e9400147aa2ce391001a',NULL,'402882ed47a9e9400147aa2ca4280018','402882f94680252d0146802afae60042'),('402882f94680252d0146802afd53006e',NULL,'402882f94680252d0146802af9c40018','402882f94680252d0146802afae60042'),('402882f94680252d0146802afd59006f',NULL,'402882f94680252d0146802af9c40018','402882f94680252d0146802afaeb0043'),('402882f94680252d0146802afd630070',NULL,'402882f94680252d0146802af9c80019','402882f94680252d0146802afae60042'),('402882f94680252d0146802afdad0071',NULL,'402882f94680252d0146802af9c80019','402882f94680252d0146802afaeb0043'),('402882f94680252d0146802afdb90072',NULL,'402882f94680252d0146802af9cb001a','402882f94680252d0146802afae60042'),('402882f94680252d0146802afdc40073',NULL,'402882f94680252d0146802af9cb001a','402882f94680252d0146802afaeb0043'),('402882f94680252d0146802afdcc0074',NULL,'402882f94680252d0146802afa13001b','402882f94680252d0146802afae60042'),('402882f94680252d0146802afdd20075',NULL,'402882f94680252d0146802afa13001b','402882f94680252d0146802afaeb0043'),('402882f94680252d0146802afdd80076',NULL,'402882f94680252d0146802afa19001c','402882f94680252d0146802afae60042'),('402882f94680252d0146802afdde0077',NULL,'402882f94680252d0146802afa19001c','402882f94680252d0146802afaeb0043'),('402882f94680252d0146802afde20078',NULL,'402882f94680252d0146802afa24001d','402882f94680252d0146802afae60042'),('402882f94680252d0146802afde50079',NULL,'402882f94680252d0146802afa24001d','402882f94680252d0146802afaeb0043'),('402882f94680252d0146802afdea007a',NULL,'402882f94680252d0146802afa2a001e','402882f94680252d0146802afae60042'),('402882f94680252d0146802afded007b',NULL,'402882f94680252d0146802afa2a001e','402882f94680252d0146802afaeb0043'),('402882f94680252d0146802afdf1007c',NULL,'402882f94680252d0146802afa2e001f','402882f94680252d0146802afae60042'),('402882f94680252d0146802afdf4007d',NULL,'402882f94680252d0146802afa2e001f','402882f94680252d0146802afaeb0043'),('402882f94680252d0146802afdfc007e',NULL,'402882f94680252d0146802afa350020','402882f94680252d0146802afae60042'),('402882f94680252d0146802afe01007f',NULL,'402882f94680252d0146802afa350020','402882f94680252d0146802afaeb0043'),('402882f94680252d0146802afe090080',NULL,'402882f94680252d0146802afa390021','402882f94680252d0146802afae60042'),('402882f94680252d0146802afe0d0081',NULL,'402882f94680252d0146802afa390021','402882f94680252d0146802afaeb0043'),('402882f94680252d0146802afe100082',NULL,'402882f94680252d0146802afa3e0022','402882f94680252d0146802afae60042'),('402882f94680252d0146802afe140083',NULL,'402882f94680252d0146802afa3e0022','402882f94680252d0146802afaeb0043'),('402882f94680252d0146802afe190084',NULL,'402882f94680252d0146802afa420023','402882f94680252d0146802afae60042'),('402882f94680252d0146802afe1e0085',NULL,'402882f94680252d0146802afa420023','402882f94680252d0146802afaeb0043'),('402882f94680252d0146802afe220086',NULL,'402882f94680252d0146802afa460024','402882f94680252d0146802afae60042'),('402882f94680252d0146802afe250087',NULL,'402882f94680252d0146802afa460024','402882f94680252d0146802afaeb0043'),('402882f94680252d0146802afe280088',NULL,'402882f94680252d0146802afa4a0025','402882f94680252d0146802afae60042'),('402882f94680252d0146802afe2b0089',NULL,'402882f94680252d0146802afa4a0025','402882f94680252d0146802afaeb0043'),('402882f94680252d0146802afe2e008a',NULL,'402882f94680252d0146802afa4d0026','402882f94680252d0146802afae60042'),('402882f94680252d0146802afe30008b',NULL,'402882f94680252d0146802afa4d0026','402882f94680252d0146802afaeb0043'),('402882f94680252d0146802afe33008c',NULL,'402882f94680252d0146802afa500027','402882f94680252d0146802afae60042'),('402882f94680252d0146802afe37008d',NULL,'402882f94680252d0146802afa500027','402882f94680252d0146802afaeb0043'),('402882f94680252d0146802afe39008e',NULL,'402882f94680252d0146802afa550028','402882f94680252d0146802afae60042'),('402882f94680252d0146802afe3b008f',NULL,'402882f94680252d0146802afa550028','402882f94680252d0146802afaeb0043'),('402882f94680252d0146802afe3e0090',NULL,'402882f94680252d0146802afa5a0029','402882f94680252d0146802afae60042'),('402882f94680252d0146802afe410091',NULL,'402882f94680252d0146802afa5a0029','402882f94680252d0146802afaeb0043'),('402882f94680252d0146802afe450092',NULL,'402882f94680252d0146802afa67002a','402882f94680252d0146802afae60042'),('402882f94680252d0146802afe470093',NULL,'402882f94680252d0146802afa67002a','402882f94680252d0146802afaeb0043'),('402882f94680252d0146802afe4a0094','add,szqm,','402882f94680252d0146802afa6d002b','402882f94680252d0146802afae60042'),('402882f94680252d0146802afe4c0095',NULL,'402882f94680252d0146802afa6d002b','402882f94680252d0146802afaeb0043'),('402882f94680252d0146802afe4e0096',NULL,'402882f94680252d0146802afa72002c','402882f94680252d0146802afae60042'),('402882f94680252d0146802afe510097',NULL,'402882f94680252d0146802afa72002c','402882f94680252d0146802afaeb0043'),('402882f94680252d0146802afe530098',NULL,'402882f94680252d0146802afa77002d','402882f94680252d0146802afae60042'),('402882f94680252d0146802afe560099',NULL,'402882f94680252d0146802afa77002d','402882f94680252d0146802afaeb0043'),('402882f94680252d0146802afe59009a',NULL,'402882f94680252d0146802afa7c002e','402882f94680252d0146802afae60042'),('402882f94680252d0146802afe6b009b',NULL,'402882f94680252d0146802afa7c002e','402882f94680252d0146802afaeb0043'),('402882f94680252d0146802afe6e009c',NULL,'402882f94680252d0146802afa81002f','402882f94680252d0146802afae60042'),('402882f94680252d0146802afe71009d',NULL,'402882f94680252d0146802afa81002f','402882f94680252d0146802afaeb0043'),('402882f94680252d0146802afe75009e',NULL,'402882f94680252d0146802afa860030','402882f94680252d0146802afae60042'),('402882f94680252d0146802afe78009f',NULL,'402882f94680252d0146802afa860030','402882f94680252d0146802afaeb0043'),('402882f94680252d0146802afe7e00a0',NULL,'402882f94680252d0146802afa8a0031','402882f94680252d0146802afae60042'),('402882f94680252d0146802afe8100a1',NULL,'402882f94680252d0146802afa8a0031','402882f94680252d0146802afaeb0043'),('402882f94680252d0146802afe8400a2',NULL,'402882f94680252d0146802afa910032','402882f94680252d0146802afae60042'),('402882f94680252d0146802afe8600a3',NULL,'402882f94680252d0146802afa910032','402882f94680252d0146802afaeb0043'),('402882f94680252d0146802afe8900a4',NULL,'402882f94680252d0146802afa960033','402882f94680252d0146802afae60042'),('402882f94680252d0146802afe8b00a5',NULL,'402882f94680252d0146802afa960033','402882f94680252d0146802afaeb0043'),('402882f94680252d0146802afe8e00a6',NULL,'402882f94680252d0146802afa9b0034','402882f94680252d0146802afae60042'),('402882f94680252d0146802afe9100a7',NULL,'402882f94680252d0146802afa9b0034','402882f94680252d0146802afaeb0043'),('402882f94680252d0146802afe9500a8',NULL,'402882f94680252d0146802afa9f0035','402882f94680252d0146802afae60042'),('402882f94680252d0146802afe9800a9',NULL,'402882f94680252d0146802afa9f0035','402882f94680252d0146802afaeb0043'),('402882f94680252d0146802afe9e00aa',NULL,'402882f94680252d0146802afaa50036','402882f94680252d0146802afae60042'),('402882f94680252d0146802afea300ab',NULL,'402882f94680252d0146802afaa50036','402882f94680252d0146802afaeb0043'),('402882f94680252d0146802afea700ac',NULL,'402882f94680252d0146802afaac0037','402882f94680252d0146802afae60042'),('402882f94680252d0146802afeaa00ad',NULL,'402882f94680252d0146802afaac0037','402882f94680252d0146802afaeb0043'),('402882f94680252d0146802afeaf00ae',NULL,'402882f94680252d0146802afab10038','402882f94680252d0146802afae60042'),('402882f94680252d0146802afeb600af',NULL,'402882f94680252d0146802afab10038','402882f94680252d0146802afaeb0043'),('402882f94680252d0146802afeba00b0',NULL,'402882f94680252d0146802afab60039','402882f94680252d0146802afae60042'),('402882f94680252d0146802afec000b1',NULL,'402882f94680252d0146802afab60039','402882f94680252d0146802afaeb0043'),('402882f94680252d0146802afec400b2',NULL,'402882f94680252d0146802afaba003a','402882f94680252d0146802afae60042'),('402882f94680252d0146802afecb00b3',NULL,'402882f94680252d0146802afaba003a','402882f94680252d0146802afaeb0043'),('402882f94680252d0146802afed400b4',NULL,'402882f94680252d0146802afabf003b','402882f94680252d0146802afae60042'),('402882f94680252d0146802afed700b5',NULL,'402882f94680252d0146802afabf003b','402882f94680252d0146802afaeb0043'),('402882f94680252d0146802afedb00b6',NULL,'402882f94680252d0146802afac4003c','402882f94680252d0146802afae60042'),('402882f94680252d0146802afede00b7',NULL,'402882f94680252d0146802afac4003c','402882f94680252d0146802afaeb0043'),('402882f94680252d0146802afee100b8',NULL,'402882f94680252d0146802afaca003d','402882f94680252d0146802afae60042'),('402882f94680252d0146802afee500b9',NULL,'402882f94680252d0146802afaca003d','402882f94680252d0146802afaeb0043'),('402882f94680252d0146802afee800ba',NULL,'402882f94680252d0146802afacf003e','402882f94680252d0146802afae60042'),('402882f94680252d0146802afeec00bb',NULL,'402882f94680252d0146802afacf003e','402882f94680252d0146802afaeb0043'),('402882f94680252d0146802afeef00bc',NULL,'402882f94680252d0146802afad5003f','402882f94680252d0146802afae60042'),('402882f94680252d0146802afef300bd',NULL,'402882f94680252d0146802afad5003f','402882f94680252d0146802afaeb0043'),('402882f94680252d0146802afef700be',NULL,'402882f94680252d0146802afadb0040','402882f94680252d0146802afae60042'),('402882f94680252d0146802afef900bf',NULL,'402882f94680252d0146802afadb0040','402882f94680252d0146802afaeb0043'),('402882f94680252d0146802afefd00c0',NULL,'402882f94680252d0146802afadf0041','402882f94680252d0146802afae60042'),('402882f94680252d0146802afeff00c1',NULL,'402882f94680252d0146802afadf0041','402882f94680252d0146802afaeb0043'),('402882f9468a142301468a2bf92b0008',NULL,'402882f9468a142301468a2b1cf30006','402882f94680252d0146802afae60042'),('402882f9468a142301468a2bf9680009',NULL,'402882f9468a142301468a2a275f0004','402882f94680252d0146802afae60042'),('402882f9468a142301468a2f7f570010',NULL,'402882f9468a142301468a2f4d3e000e','402882f94680252d0146802afae60042'),('402882f946add4570146ae3b95ed0007',NULL,'402882f946add4570146ae37652a0002','402882f94680252d0146802afae60042');
/*!40000 ALTER TABLE `t_s_role_function` ENABLE KEYS */;
UNLOCK TABLES;

--
-- Table structure for table `t_s_role_user`
--

DROP TABLE IF EXISTS `t_s_role_user`;
/*!40101 SET @saved_cs_client     = @@character_set_client */;
/*!40101 SET character_set_client = utf8 */;
CREATE TABLE `t_s_role_user` (
  `ID` varchar(32) NOT NULL,
  `roleid` varchar(32) DEFAULT NULL,
  `userid` varchar(32) DEFAULT NULL,
  PRIMARY KEY (`ID`),
  KEY `FK_n2ucxeorvpjy7qhnmuem01kbx` (`roleid`),
  KEY `FK_d4qb5xld2pfb0bkjx9iwtolda` (`userid`),
  CONSTRAINT `FK_d4qb5xld2pfb0bkjx9iwtolda` FOREIGN KEY (`userid`) REFERENCES `t_s_user` (`id`),
  CONSTRAINT `FK_n2ucxeorvpjy7qhnmuem01kbx` FOREIGN KEY (`roleid`) REFERENCES `t_s_role` (`ID`)
) ENGINE=InnoDB DEFAULT CHARSET=utf8;
/*!40101 SET character_set_client = @saved_cs_client */;

--
-- Dumping data for table `t_s_role_user`
--

LOCK TABLES `t_s_role_user` WRITE;
/*!40000 ALTER TABLE `t_s_role_user` DISABLE KEYS */;
INSERT INTO `t_s_role_user` VALUES ('402882ed47672d5801476732db980006','402882f94680252d0146802afae60042','402882ed47672d5801476732dae90005'),('402882ed47672d5801476732dbcd0007','402882f94680252d0146802afaeb0043','402882ed47672d5801476732dae90005'),('402882f94680252d0146802aff3600c4','402882f94680252d0146802afaeb0043','402882f94680252d0146802afb400045'),('402882f94680252d0146802aff8a00c5','402882f94680252d0146802afae60042','402882f94680252d0146802afb8c0046'),('402882f94680252d0146802aff8d00c6','402882f94680252d0146802afae60042','402882f94680252d0146802afbd00047'),('402882f9468a142301468a2d0ccc000a','402882f94680252d0146802afae60042','402882f94680252d0146802afaf70044');
/*!40000 ALTER TABLE `t_s_role_user` ENABLE KEYS */;
UNLOCK TABLES;

--
-- Table structure for table `t_s_student`
--

DROP TABLE IF EXISTS `t_s_student`;
/*!40101 SET @saved_cs_client     = @@character_set_client */;
/*!40101 SET character_set_client = utf8 */;
CREATE TABLE `t_s_student` (
  `ID` varchar(32) NOT NULL,
  `classname` varchar(255) DEFAULT NULL,
  `name` varchar(255) DEFAULT NULL,
  `sex` varchar(255) DEFAULT NULL,
  PRIMARY KEY (`ID`)
) ENGINE=InnoDB DEFAULT CHARSET=utf8;
/*!40101 SET character_set_client = @saved_cs_client */;

--
-- Dumping data for table `t_s_student`
--

LOCK TABLES `t_s_student` WRITE;
/*!40000 ALTER TABLE `t_s_student` DISABLE KEYS */;
INSERT INTO `t_s_student` VALUES ('402881f2457383b2014573854ee90168','1班','张三','f'),('402881f2457383b2014573854ef30169','1班','李四','f'),('402881f2457383b2014573854ef3016a','1班','王五','m'),('402881f2457383b2014573854ef3016b','1班','赵六','f'),('402881f2457383b2014573854ef3016c','2班','张三','f'),('402881f2457383b2014573854efd016d','2班','李四','f'),('402881f2457383b2014573854f07016e','2班','王五','m'),('402881f2457383b2014573854f07016f','2班','赵六','f'),('402881f2457383b2014573854f070170','3班','张三','f'),('402881f2457383b2014573854f070171','3班','李四','f'),('402881f2457383b2014573854f110172','3班','王五','m'),('402881f2457383b2014573854f110173','3班','李四','f'),('402881f2457383b2014573854f1b0174','3班','王五','m'),('402881f2457383b2014573854f1b0175','3班','赵六','f'),('402881f2457383b2014573854f1b0176','4班','张三','f'),('402881f2457383b2014573854f1b0177','4班','李四','f'),('402881f2457383b2014573854f1b0178','4班','王五','m'),('402881f2457383b2014573854f1b0179','4班','赵六','f'),('402881f2457383b2014573854f1b017a','5班','张三','m'),('402881f2457383b2014573854f1b017b','5班','李四','f'),('402881f2457383b2014573854f1b017c','5班','王五','m'),('402881f2457383b2014573854f25017d','5班','赵六','m'),('402881f2457383b2014573854f25017e','5班','赵六','m'),('402881f2457383b2014573854f25017f','5班','李四','f'),('402881f2457383b2014573854f250180','5班','王五','m'),('402881f2457383b2014573854f250181','5班','赵六','m'),('402881f2457383b2014573854f250182','5班','赵六','m'),('402881f2457383b2014573a2bb2402f0','1班','张三','f'),('402881f2457383b2014573a2bb3902f1','1班','李四','f'),('402881f2457383b2014573a2bb3b02f2','1班','王五','m'),('402881f2457383b2014573a2bb3d02f3','1班','赵六','f'),('402881f2457383b2014573a2bb3e02f4','2班','张三','f'),('402881f2457383b2014573a2bb3e02f5','2班','李四','f'),('402881f2457383b2014573a2bb3f02f6','2班','王五','m'),('402881f2457383b2014573a2bb4002f7','2班','赵六','f'),('402881f2457383b2014573a2bb4102f8','3班','张三','f'),('402881f2457383b2014573a2bb4202f9','3班','李四','f'),('402881f2457383b2014573a2bb4302fa','3班','王五','m'),('402881f2457383b2014573a2bb4402fb','3班','李四','f'),('402881f2457383b2014573a2bb4502fc','3班','王五','m'),('402881f2457383b2014573a2bb4602fd','3班','赵六','f'),('402881f2457383b2014573a2bb4702fe','4班','张三','f'),('402881f2457383b2014573a2bb4802ff','4班','李四','f'),('402881f2457383b2014573a2bb4a0300','4班','王五','m'),('402881f2457383b2014573a2bb4b0301','4班','赵六','f'),('402881f2457383b2014573a2bb4c0302','5班','张三','m'),('402881f2457383b2014573a2bb4e0303','5班','李四','f'),('402881f2457383b2014573a2bb4f0304','5班','王五','m'),('402881f2457383b2014573a2bb4f0305','5班','赵六','m'),('402881f2457383b2014573a2bb500306','5班','赵六','m'),('402881f2457383b2014573a2bb510307','5班','李四','f'),('402881f2457383b2014573a2bb520308','5班','王五','m'),('402881f2457383b2014573a2bb530309','5班','赵六','m'),('402881f2457383b2014573a2bb53030a','5班','赵六','m'),('402881f2457383b2014574203c8b047f','1班','张三','f'),('402881f2457383b2014574203c8c0480','1班','李四','f'),('402881f2457383b2014574203c8d0481','1班','王五','m'),('402881f2457383b2014574203c8d0482','1班','赵六','f'),('402881f2457383b2014574203d1f0483','2班','张三','f'),('402881f2457383b2014574203d200484','2班','李四','f'),('402881f2457383b2014574203d230485','2班','王五','m'),('402881f2457383b2014574203d350486','2班','赵六','f'),('402881f2457383b2014574203d370487','3班','张三','f'),('402881f2457383b2014574203d380488','3班','李四','f'),('402881f2457383b2014574203d3a0489','3班','王五','m'),('402881f2457383b2014574203d3b048a','3班','李四','f'),('402881f2457383b2014574203d3d048b','3班','王五','m'),('402881f2457383b2014574203d3f048c','3班','赵六','f'),('402881f2457383b2014574203d42048d','4班','张三','f'),('402881f2457383b2014574203d44048e','4班','李四','f'),('402881f2457383b2014574203d45048f','4班','王五','m'),('402881f2457383b2014574203d470490','4班','赵六','f'),('402881f2457383b2014574203d480491','5班','张三','m'),('402881f2457383b2014574203d4a0492','5班','李四','f'),('402881f2457383b2014574203d4c0493','5班','王五','m'),('402881f2457383b2014574203d4d0494','5班','赵六','m'),('402881f2457383b2014574203d4f0495','5班','赵六','m'),('402881f2457383b2014574203d500496','5班','李四','f'),('402881f2457383b2014574203d520497','5班','王五','m'),('402881f2457383b2014574203d530498','5班','赵六','m'),('402881f2457383b2014574203d550499','5班','赵六','m'),('402882f94680252d0146802b04f10168','1班','张三','f'),('402882f94680252d0146802b04f30169','1班','李四','f'),('402882f94680252d0146802b04f4016a','1班','王五','m'),('402882f94680252d0146802b04f5016b','1班','赵六','f'),('402882f94680252d0146802b04f6016c','2班','张三','f'),('402882f94680252d0146802b04f8016d','2班','李四','f'),('402882f94680252d0146802b04fc016e','2班','王五','m'),('402882f94680252d0146802b04fe016f','2班','赵六','f'),('402882f94680252d0146802b05040170','3班','张三','f'),('402882f94680252d0146802b05070171','3班','李四','f'),('402882f94680252d0146802b050c0172','3班','王五','m'),('402882f94680252d0146802b05100173','3班','李四','f'),('402882f94680252d0146802b05140174','3班','王五','m'),('402882f94680252d0146802b05150175','3班','赵六','f'),('402882f94680252d0146802b05160176','4班','张三','f'),('402882f94680252d0146802b05250177','4班','李四','f'),('402882f94680252d0146802b05270178','4班','王五','m'),('402882f94680252d0146802b05280179','4班','赵六','f'),('402882f94680252d0146802b0529017a','5班','张三','m'),('402882f94680252d0146802b052b017b','5班','李四','f'),('402882f94680252d0146802b052c017c','5班','王五','m'),('402882f94680252d0146802b052d017d','5班','赵六','m'),('402882f94680252d0146802b052e017e','5班','赵六','m'),('402882f94680252d0146802b052f017f','5班','李四','f'),('402882f94680252d0146802b05300180','5班','王五','m'),('402882f94680252d0146802b05310181','5班','赵六','m'),('402882f94680252d0146802b05310182','5班','赵六','m');
/*!40000 ALTER TABLE `t_s_student` ENABLE KEYS */;
UNLOCK TABLES;

--
-- Table structure for table `t_s_territory`
--

DROP TABLE IF EXISTS `t_s_territory`;
/*!40101 SET @saved_cs_client     = @@character_set_client */;
/*!40101 SET character_set_client = utf8 */;
CREATE TABLE `t_s_territory` (
  `ID` varchar(32) NOT NULL,
  `territorycode` varchar(10) NOT NULL,
  `territorylevel` smallint(6) NOT NULL,
  `territoryname` varchar(50) NOT NULL,
  `territory_pinyin` varchar(40) DEFAULT NULL,
  `territorysort` varchar(3) NOT NULL,
  `x_wgs84` double NOT NULL,
  `y_wgs84` double NOT NULL,
  `territoryparentid` varchar(32) DEFAULT NULL,
  PRIMARY KEY (`ID`)
) ENGINE=InnoDB DEFAULT CHARSET=utf8;
/*!40101 SET character_set_client = @saved_cs_client */;

--
-- Dumping data for table `t_s_territory`
--

LOCK TABLES `t_s_territory` WRITE;
/*!40000 ALTER TABLE `t_s_territory` DISABLE KEYS */;
INSERT INTO `t_s_territory` VALUES ('1','100',1,'全国','qg','0',106.258754,38.471318,'0'),('10','00000016',2,'河南省','HNS','0',113.687228,34.76819,'1'),('100','371300',3,'临沂市','LYS','0',118.356448,35.104672,'18'),('1000','370903',4,'岱岳区','DYQ','0',117.041582,36.18799,'96'),('1001','370921',4,'宁阳县','NYX','0',116.805797,35.758787,'96'),('1002','370923',4,'东平县','DPX','0',116.470304,35.937102,'96'),('1003','370982',4,'新泰市','XTS','0',117.767953,35.909032,'96'),('1004','370983',4,'肥城市','FCS','0',116.768358,36.182571,'96'),('1005','371002',4,'环翠区','HCQ','0',122.123444,37.501991,'97'),('1006','371081',4,'文登市','WDS','0',122.058128,37.1939129,'97'),('1007','371082',4,'荣成市','RCS','0',122.486676,37.165249,'97'),('1008','371083',4,'乳山市','RSS','0',121.539764,36.919816,'97'),('1009','371102',4,'东港区','DGQ','0',119.462228,35.425475,'98'),('101','371400',3,'德州市','DZS','0',116.357465,37.434093,'18'),('1010','371103',4,'岚山区','LSQ','0',119.318813,35.121816,'98'),('1011','371121',4,'五莲县','WLX','0',119.208744,35.750095,'98'),('1012','371122',4,'莒县','JX','0',118.837131,35.579868,'98'),('1013','371202',4,'莱城区','LCQ','0',117.659864,36.203208,'99'),('1014','371203',4,'钢城区','GCQ','0',117.811355,36.058572,'99'),('1015','371302',4,'兰山区','LSQ','0',118.347707,35.051729,'100'),('1016','371311',4,'罗庄区','LZQ','0',118.284786,34.996741,'100'),('1017','371312',4,'河东区','HDQ','0',118.402893,35.089917,'100'),('1018','371321',4,'沂南县','YNX','0',118.465213,35.549976,'100'),('1019','371322',4,'郯城县','TCX','0',118.367263,34.613557,'100'),('102','371500',3,'聊城市','LCS','0',115.985371,36.4567039,'18'),('1020','371323',4,'沂水县','YSX','0',118.627918,35.79045,'100'),('1021','371324',4,'苍山县','CSX','0',118.07065,34.857149,'100'),('1022','371325',4,'费县','FX','0',117.977868,35.26634,'100'),('1023','371326',4,'平邑县','PYX','0',117.640352,35.5059429,'100'),('1024','371327',4,'莒南县','JNX','0',118.835163,35.174846,'100'),('1025','371328',4,'蒙阴县','MYX','0',117.945085,35.710032,'100'),('1026','371329',4,'临沭县','LSX','0',118.650782,34.919852,'100'),('1027','371402',4,'德城区','DCQ','0',116.299434,37.451272,'101'),('1028','371421',4,'陵县','LX','0',116.576176,37.33579,'101'),('1029','371422',4,'宁津县','NJX','0',116.800324,37.652329,'101'),('103','371600',3,'滨州市','BZS','0',117.970703,37.38199,'18'),('1030','371423',4,'庆云县','QYX','0',117.385123,37.77539,'101'),('1031','371424',4,'临邑县','LYX','0',116.86665,37.189864,'101'),('1032','371425',4,'齐河县','QHX','0',116.758917,36.795011,'101'),('1033','371426',4,'平原县','PYX','0',116.434187,37.165419,'101'),('1034','371427',4,'夏津县','XJX','0',116.001726,36.948371,'101'),('1035','371428',4,'武城县','WCX','0',116.069302,37.213311,'101'),('1036','371481',4,'乐陵市','LLS','0',117.231935,37.729907,'101'),('1037','371482',4,'禹城市','YCS','0',116.638387,36.934259,'101'),('1038','371502',4,'东昌府区','DCFQ','0',115.988484,36.434697,'102'),('1039','371521',4,'阳谷县','YGX','0',115.79182,36.114392,'102'),('104','371700',3,'菏泽市','HZS','0',115.480656,35.23375,'18'),('1040','371522',4,'莘县','SX','0',115.671191,36.233599,'102'),('1041','371523',4,'茌平县','CPX','0',116.255282,36.5807639,'102'),('1042','371524',4,'东阿县','DAX','0',116.24758,36.334917,'102'),('1043','371525',4,'冠县','GX','0',115.44274,36.484009,'102'),('1044','371526',4,'高唐县','GTX','0',116.231478,36.866062,'102'),('1045','371581',4,'临清市','LQS','0',115.704881,36.838277,'102'),('1046','371602',4,'滨城区','BCQ','0',118.019146,37.43206,'103'),('1047','371621',4,'惠民县','HMX','0',117.510451,37.489769,'103'),('1048','371622',4,'阳信县','YXX','0',117.578262,37.641106,'103'),('1049','371623',4,'无棣县','WDX','0',117.625696,37.770261,'103'),('1050','371624',4,'沾化县','ZHX','0',118.132199,37.698281,'103'),('1051','371625',4,'博兴县','BXX','0',118.131815,37.150226,'103'),('1052','371626',4,'邹平县','ZPX','0',117.743109,36.862989,'103'),('1053','371702',4,'牡丹区','MDQ','0',115.417827,35.252512,'104'),('1054','371721',4,'曹县','CX','0',115.542328,34.825508,'104'),('1055','371722',4,'单县','DX','0',116.107428,34.778808,'104'),('1056','371723',4,'成武县','CWX','0',115.889765,34.952459,'104'),('1057','371724',4,'巨野县','JYX','0',116.094674,35.396261,'104'),('1058','371725',4,'郓城县','YCX','0',115.943613,35.599758,'104'),('1059','371726',4,'鄄城县','JCX','0',115.510193,35.563408,'104'),('1060','371727',4,'定陶县','DTX','0',115.573094,35.071,'104'),('1061','371728',4,'东明县','DMX','0',115.089905,35.289368,'104'),('11','00000008',2,'黑龙江省','HLJS','0',126.662507,45.7421699,'1'),('12','20000000',2,'上海市','SHS','0',121.473704,31.230393,'1'),('13','00000010',2,'江苏省','JSS','0',118.763232,32.061707,'1'),('14','00000011',2,'浙江省','ZJS','0',120.153676,30.26586,'1'),('15','00000012',2,'安徽省','AHS','0',117.284923,31.861184,'1'),('16','00000013',2,'福建省','FJS','0',119.296506,26.099933,'1'),('17','00000014',2,'江西省','JXS','0',115.909175,28.674424,'1'),('1739','360102',4,'东湖区','DHQ','0',115.89901,28.6849159,'184'),('1740','360103',4,'西湖区','XHQ','0',115.877287,28.656887,'184'),('1741','360104',4,'青云谱区','QYPQ','0',115.925749,28.621169,'184'),('1742','360105',4,'湾里区','WLQ','0',115.730994,28.714869,'184'),('1743','360111',4,'青山湖区','QSHQ','0',115.962144,28.682985,'184'),('1744','360121',4,'南昌县','NCX','0',115.944162,28.545459,'184'),('1745','360122',4,'新建县','XJX','0',115.815233,28.692437,'184'),('1746','360123',4,'安义县','AYX','0',115.549199,28.844429,'184'),('1747','360124',4,'进贤县','JXX','0',116.240924,28.376918,'184'),('1748','360202',4,'昌江区','CJQ','0',117.183688,29.27342,'185'),('1749','360203',4,'珠山区','ZSQ','0',117.202336,29.301272,'185'),('1750','360222',4,'浮梁县','FLX','0',117.215061,29.351739,'185'),('1751','360281',4,'乐平市','LPS','0',117.129169,28.961902,'185'),('1752','360302',4,'安源区','AYQ','0',113.87073,27.615202,'186'),('1753','360313',4,'湘东区','XDQ','0',113.733059,27.640075,'186'),('1754','360321',4,'莲花县','LHX','0',113.961465,27.127669,'186'),('1755','360322',4,'上栗县','SLX','0',113.795219,27.880567,'186'),('1756','360323',4,'芦溪县','LXX','0',114.029595,27.631145,'186'),('1757','360402',4,'庐山区','LSQ','0',115.989212,29.671775,'187'),('1758','360403',4,'浔阳区','XYQ','0',115.990399,29.72746,'187'),('1759','360421',4,'九江县','JJX','0',115.911314,29.608456,'187'),('1760','360423',4,'武宁县','WNX','0',115.100579,29.256323,'187'),('1761','360424',4,'修水县','XSX','0',114.547356,29.025707,'187'),('1762','360425',4,'永修县','YXX','0',115.809111,29.021824,'187'),('1763','360426',4,'德安县','DAX','0',115.756883,29.314348,'187'),('1764','360427',4,'星子县','XZX','0',116.044893,29.448037,'187'),('1765','360428',4,'都昌县','DCX','0',116.204099,29.273194,'187'),('1766','360429',4,'湖口县','HKX','0',116.220266,29.73944,'187'),('1767','360430',4,'彭泽县','PZX','0',116.549359,29.896061,'187'),('1768','360481',4,'瑞昌市','RCS','0',115.681504,29.673795,'187'),('1769','360499',4,'共青城','GQC','0',115.774,29.2417,'187'),('1770','360502',4,'渝水区','YSQ','0',114.944574,27.80038,'188'),('1771','360521',4,'分宜县','FYX','0',114.692039,27.814628,'188'),('1772','360602',4,'月湖区','YHQ','0',117.036676,28.238797,'189'),('1773','360622',4,'余江县','YJX','0',116.818871,28.204174,'189'),('1774','360681',4,'贵溪市','GXS','0',117.245497,28.292519,'189'),('1775','360702',4,'章贡区','ZGQ','0',114.941826,25.862827,'190'),('1776','360721',4,'赣县','GX','0',115.011561,25.860691,'190'),('1777','360722',4,'信丰县','XFX','0',114.922963,25.386278,'190'),('1778','360723',4,'大余县','DYX','0',114.362094,25.401283,'190'),('1779','360724',4,'上犹县','SYX','0',114.551371,25.784978,'190'),('1780','360725',4,'崇义县','CYX','0',114.308273,25.681879,'190'),('1781','360726',4,'安远县','AYX','0',115.393922,25.136925,'190'),('1782','360727',4,'龙南县','LNX','0',114.789811,24.911107,'190'),('1783','360728',4,'定南县','DNX','0',115.027845,24.78441,'190'),('1784','360729',4,'全南县','QNX','0',114.530125,24.742401,'190'),('1785','360730',4,'宁都县','NDX','0',116.009472,26.470116,'190'),('1786','360731',4,'于都县','YDX','0',115.41551,25.952066,'190'),('1787','360732',4,'兴国县','XGX','0',115.36319,26.337937,'190'),('1788','360733',4,'会昌县','HCX','0',115.786057,25.600272,'190'),('1789','360734',4,'寻乌县','YWX','0',115.646525,24.963322,'190'),('1790','360735',4,'石城县','SCX','0',116.354201,26.32686,'190'),('1791','360781',4,'瑞金市','RJS','0',116.02713,25.885561,'190'),('1792','360782',4,'南康市','NKS','0',114.765238,25.661356,'190'),('1793','360802',4,'吉州区','JZQ','0',114.994307,27.129975,'191'),('1794','360803',4,'青原区','QYQ','0',115.01424,27.081719,'191'),('1795','360821',4,'吉安县','JAX','0',114.907659,27.040142,'191'),('1796','360822',4,'吉水县','JSX','0',115.135507,27.229632,'191'),('1797','360823',4,'峡江县','XJX','0',115.316566,27.582901,'191'),('1798','360824',4,'新干县','XGX','0',115.393043,27.740809,'191'),('1799','360825',4,'永丰县','YFX','0',115.441477,27.317869,'191'),('18','00000015',2,'山东省','SDS','0',117.020411,36.668627,'1'),('1800','360826',4,'泰和县','THX','0',114.908861,26.790231,'191'),('1801','360827',4,'遂川县','SCX','0',114.52098,26.311894,'191'),('1802','360828',4,'万安县','WAX','0',114.786256,26.458257,'191'),('1803','360829',4,'安福县','AFX','0',114.619893,27.392874,'191'),('1804','360830',4,'永新县','YXX','0',114.242675,26.945233,'191'),('1805','360881',4,'井冈山市','JGSS','0',114.289182,26.748186,'191'),('1806','360902',4,'袁州区','YZQ','0',114.424657,27.798846,'192'),('1807','360921',4,'奉新县','FXX','0',115.384904,28.700806,'192'),('1808','360922',4,'万载县','WZX','0',114.447551,28.10455,'192'),('1809','360923',4,'上高县','SGX','0',114.924494,28.232827,'192'),('1810','360924',4,'宜丰县','YFX','0',114.803542,28.393613,'192'),('1811','360925',4,'靖安县','JAX','0',115.362629,28.861475,'192'),('1812','360926',4,'铜鼓县','TGX','0',114.37098,28.520747,'192'),('1813','360981',4,'丰城市','FCS','0',115.771195,28.159325,'192'),('1814','360982',4,'樟树市','ZSS','0',115.546063,28.055796,'192'),('1815','360983',4,'高安市','GAS','0',115.375618,28.417261,'192'),('1816','361002',4,'临川区','LCQ','0',116.31136,27.934529,'193'),('1817','361021',4,'南城县','NCX','0',116.644658,27.552748,'193'),('1818','361022',4,'黎川县','LCX','0',116.907508,27.282382,'193'),('1819','361023',4,'南丰县','NFX','0',116.525725,27.218445,'193'),('1820','361024',4,'崇仁县','CRX','0',116.061164,27.764681,'193'),('1821','361025',4,'乐安县','LAX','0',115.837895,27.420441,'193'),('1822','361026',4,'宜黄县','YHX','0',116.222128,27.546146,'193'),('1823','361027',4,'金溪县','JXX','0',116.775435,27.908337,'193'),('1824','361028',4,'资溪县','ZXX','0',117.060264,27.706102,'193'),('1825','361029',4,'东乡县','DXX','0',116.590465,28.236118,'193'),('1826','361030',4,'广昌县','GCX','0',116.325757,26.837267,'193'),('1827','361102',4,'信州区','XZQ','0',117.966823,28.43121,'194'),('1828','361121',4,'上饶县','SRX','0',117.90785,28.448983,'194'),('1829','361122',4,'广丰县','GFX','0',118.19124,28.436286,'194'),('1830','361123',4,'玉山县','YSX','0',118.245124,28.682055,'194'),('1831','361124',4,'铅山县','QSX','0',117.709451,28.315217,'194'),('1832','361125',4,'横峰县','HFX','0',117.596452,28.407118,'194'),('1833','361126',4,'弋阳县','YYX','0',117.449588,28.378044,'194'),('1834','361127',4,'余干县','YGX','0',116.695647,28.702302,'194'),('1835','361128',4,'鄱阳县','PYX','0',116.699746,29.011699,'194'),('1836','361129',4,'万年县','WNX','0',117.058445,28.694582,'194'),('1837','361130',4,'婺源县','WYX','0',117.861911,29.2480249,'194'),('1838','361181',4,'德兴市','DXS','0',117.578713,28.946464,'194'),('1839','370102',4,'历下区','LXQ','0',117.07653,36.666344,'195'),('184','360100',3,'南昌市','NCS','0',115.858089,28.68316,'17'),('1840','370103',4,'市中区','SZQ','0',116.997475,36.6511749,'195'),('1841','370104',4,'槐荫区','HYQ','0',116.90113,36.651301,'195'),('1842','370105',4,'天桥区','TQQ','0',116.987492,36.678016,'195'),('1843','370112',4,'历城区','LCQ','0',117.065222,36.680171,'195'),('185','360200',3,'景德镇市','JDZS','0',117.17842,29.268836,'17'),('186','360300',3,'萍乡市','PXS','0',113.854676,27.622865,'17'),('187','360400',3,'九江市','JJS','0',116.001951,29.705103,'17'),('188','360500',3,'新余市','XYS','0',114.91741,27.817819,'17'),('189','360600',3,'鹰潭市','YTS','0',117.069202,28.260189,'17'),('19','00000017',2,'湖北省','HBS','0',114.341921,30.545861,'1'),('190','360700',3,'赣州市','GZS','0',114.935025,25.831925,'17'),('191','360800',3,'吉安市','JAS','0',114.992912,27.113039,'17'),('192','360900',3,'宜春市','YCS','0',114.416778,27.815619,'17'),('193','361000',3,'抚州市','FZS','0',116.358176,27.9492,'17'),('194','361100',3,'上饶市','SRS','0',117.943433,28.454863,'17'),('195','370100',3,'济南市','JNS','0',116.994917,36.665282,'18'),('20','00000018',2,'湖南省','HNS','0',112.98381,28.112444,'1'),('21','40000000',2,'重庆市','ZQS','0',106.551557,29.56301,'1'),('22','00000022',2,'四川省','SCS','0',104.075931,30.651652,'1'),('23','00000019',2,'广东省','GDS','0',113.266531,23.132191,'1'),('24','00000020',2,'广西壮族自治区','GXZZZZQ','0',108.327546,22.815478,'1'),('25','00000021',2,'海南省','HNS','0',110.349229,20.017378,'1'),('26','810000',2,'香港特别行政区','XGTBXZQ','0',114.109497,22.396428,'1'),('27','820000',2,'澳门特别行政区','AMTBXZQ','0',113.543873,22.198745,'1'),('28','00000023',2,'贵州省','GZS','0',106.707116,26.598026,'1'),('29','00000024',2,'云南省','YNS','0',102.709812,25.045359,'1'),('3','00000006',2,'辽宁省','LNS','0',123.42944,41.835441,'1'),('30','00000025',2,'西藏自治区','XCZZQ','0',91.1170059,29.647951,'1'),('31','00000026',2,'陕西省','SXS','0',108.954239,34.265472,'1'),('32','00000027',2,'甘肃省','GSS','0',103.826308,36.059421,'1'),('33','00000028',2,'青海省','QHS','0',101.780199,36.620901,'1'),('34','00000029',2,'宁夏回族自治区','NXHZZZQ','0',106.258754,38.471318,'1'),('35','00000030',2,'新疆维吾尔自治区','XJWWEZZQ','0',87.6278119,43.793028,'1'),('4','00000007',2,'吉林省','JLS','0',125.326065,43.896082,'1'),('5','10000000',2,'北京市','BJS','0',116.407413,39.904214,'1'),('6','30000000',2,'天津市','TJS','0',117.200983,39.084158,'1'),('7','00000003',2,'河北省','HBS','0',114.468665,38.037057,'1'),('8','00000004',2,'山西省','SXS','0',112.562569,37.873376,'1'),('89','370200',3,'青岛市','QDS','0',120.382504,36.06722,'18'),('9','00000005',2,'内蒙古自治区','NMGZZQ','0',111.765618,40.817498,'1'),('90','370300',3,'淄博市','ZBS','0',118.055007,36.813497,'18'),('91','370400',3,'枣庄市','ZZS','0',117.323725,34.810488,'18'),('92','370500',3,'东营市','DYS','0',118.674767,37.434751,'18'),('926','370113',4,'长清区','CQQ','0',116.751959,36.553691,'195'),('927','370124',4,'平阴县','PYX','0',116.456187,36.289265,'195'),('928','370125',4,'济阳县','JYX','0',117.173529,36.978547,'195'),('929','370126',4,'商河县','SHX','0',117.157183,37.309045,'195'),('93','370600',3,'烟台市','YTS','0',121.447926,37.463819,'18'),('930','370181',4,'章丘市','ZQS','0',117.534326,36.714015,'195'),('931','370202',4,'市南区','SNQ','0',120.412392,36.075651,'89'),('932','370203',4,'市北区','SBQ','0',120.374801,36.087661,'89'),('933','370205',4,'四方区','SFQ','0',120.366454,36.103993,'89'),('934','370211',4,'黄岛区','HDQ','0',120.198054,35.960935,'89'),('935','370212',4,'崂山区','LSQ','0',120.468956,36.107538,'89'),('936','370213',4,'李沧区','LCQ','0',120.432864,36.145476,'89'),('937','370214',4,'城阳区','CYQ','0',120.396529,36.307061,'89'),('938','370281',4,'胶州市','JZS','0',120.033345,36.264664,'89'),('939','370282',4,'即墨市','JMS','0',120.447162,36.389401,'89'),('94','370700',3,'潍坊市','WFS','0',119.16193,36.706691,'18'),('940','370283',4,'平度市','PDS','0',119.960014,36.7867,'89'),('941','370284',4,'胶南市','JNS','0',120.04643,35.8725,'89'),('942','370285',4,'莱西市','LXS','0',120.51769,36.889084,'89'),('943','370302',4,'淄川区','ZCQ','0',117.966842,36.643449,'90'),('944','370303',4,'张店区','ZDQ','0',118.017656,36.806773,'90'),('945','370304',4,'博山区','BSQ','0',117.861698,36.494752,'90'),('946','370305',4,'临淄区','LZQ','0',118.308977,36.827343,'90'),('947','370306',4,'周村区','ZCQ','0',117.869877,36.803109,'90'),('948','370321',4,'桓台县','HTX','0',118.097955,36.959623,'90'),('949','370322',4,'高青县','GQX','0',117.826916,37.171063,'90'),('95','370800',3,'济宁市','JNS','0',116.587099,35.414921,'18'),('950','370323',4,'沂源县','YYX','0',118.170979,36.184827,'90'),('951','370402',4,'市中区','SZQ','0',117.556124,34.864114,'91'),('952','370403',4,'薛城区','YCQ','0',117.263157,34.795206,'91'),('953','370404',4,'峄城区','YCQ','0',117.590819,34.772236,'91'),('954','370405',4,'台儿庄区','TEZQ','0',117.733832,34.562528,'91'),('955','370406',4,'山亭区','STQ','0',117.461343,35.099549,'91'),('956','370481',4,'滕州市','TZS','0',117.164388,35.084021,'91'),('957','370502',4,'东营区','DYQ','0',118.582184,37.448964,'92'),('958','370503',4,'河口区','HKQ','0',118.525579,37.886138,'92'),('959','370521',4,'垦利县','KLX','0',118.547627,37.58754,'92'),('960','370522',4,'利津县','LJX','0',118.255273,37.49026,'92'),('961','370523',4,'广饶县','GRX','0',118.407045,37.0537,'92'),('962','370602',4,'芝罘区','ZFQ','0',121.400031,37.540687,'93'),('963','370611',4,'福山区','FSQ','0',121.267697,37.498051,'93'),('964','370612',4,'牟平区','MPQ','0',121.600512,37.386901,'93'),('965','370613',4,'莱山区','LSQ','0',121.445304,37.511305,'93'),('966','370614',4,'开发区','KFQ','0',121.251001,37.554683,'93'),('967','370634',4,'长岛县','CDX','0',120.736584,37.921417,'93'),('968','370681',4,'龙口市','LKS','0',120.477836,37.646064,'93'),('969','370682',4,'莱阳市','LYS','0',120.711607,36.97891,'93'),('970','370683',4,'莱州市','LZS','0',119.942327,37.177017,'93'),('971','370684',4,'蓬莱市','PLS','0',120.758848,37.810661,'93'),('972','370685',4,'招远市','ZYS','0',120.434072,37.355469,'93'),('973','370686',4,'栖霞市','QXS','0',120.849675,37.335123,'93'),('974','370687',4,'海阳市','HYS','0',121.158477,36.776425,'93'),('975','370702',4,'潍城区','WCQ','0',119.024836,36.7281,'94'),('976','370703',4,'寒亭区','HTQ','0',119.219734,36.775491,'94'),('977','370704',4,'坊子区','FZQ','0',119.166485,36.654448,'94'),('978','370705',4,'奎文区','KWQ','0',119.132486,36.707676,'94'),('979','370724',4,'临朐县','LQX','0',118.542982,36.5125059,'94'),('980','370725',4,'昌乐县','CLX','0',118.829914,36.706945,'94'),('981','370781',4,'青州市','QZS','0',118.479622,36.684528,'94'),('982','370782',4,'诸城市','ZCS','0',119.410103,35.995654,'94'),('983','370783',4,'寿光市','SGS','0',118.790652,36.85548,'94'),('984','370784',4,'安丘市','AQS','0',119.218978,36.478494,'94'),('985','370785',4,'高密市','GMS','0',119.755597,36.3825949,'94'),('986','370786',4,'昌邑市','CYS','0',119.398525,36.85882,'94'),('987','370802',4,'市中区','SZQ','0',116.596614,35.40819,'95'),('988','370811',4,'任城区','RCQ','0',116.628562,35.433727,'95'),('989','370826',4,'微山县','WSX','0',117.128946,34.8071,'95'),('990','370827',4,'鱼台县','YTX','0',116.650608,35.012749,'95'),('991','370828',4,'金乡县','JXX','0',116.311532,35.06662,'95'),('992','370829',4,'嘉祥县','JXX','0',116.342442,35.407829,'95'),('993','370830',4,'汶上县','WSX','0',116.489043,35.732799,'95'),('994','370831',4,'泗水县','SSX','0',117.251195,35.664323,'95'),('995','370832',4,'梁山县','LSX','0',116.096044,35.802306,'95'),('996','370881',4,'曲阜市','QFS','0',116.986532,35.581137,'95'),('997','370882',4,'兖州市','YZS','0',116.783834,35.553144,'95'),('998','370883',4,'邹城市','ZCS','0',117.003743,35.405185,'95'),('999','370902',4,'泰山区','TSQ','0',117.135354,36.192084,'96');
/*!40000 ALTER TABLE `t_s_territory` ENABLE KEYS */;
UNLOCK TABLES;

--
-- Table structure for table `t_s_timetask`
--

DROP TABLE IF EXISTS `t_s_timetask`;
/*!40101 SET @saved_cs_client     = @@character_set_client */;
/*!40101 SET character_set_client = utf8 */;
CREATE TABLE `t_s_timetask` (
  `ID` varchar(32) NOT NULL,
  `CREATE_BY` varchar(32) DEFAULT NULL,
  `CREATE_DATE` datetime DEFAULT NULL,
  `CREATE_NAME` varchar(32) DEFAULT NULL,
  `CRON_EXPRESSION` varchar(100) NOT NULL,
  `IS_EFFECT` varchar(1) NOT NULL,
  `IS_START` varchar(1) NOT NULL,
  `TASK_DESCRIBE` varchar(50) NOT NULL,
  `TASK_ID` varchar(100) NOT NULL,
  `UPDATE_BY` varchar(32) DEFAULT NULL,
  `UPDATE_DATE` datetime DEFAULT NULL,
  `UPDATE_NAME` varchar(32) DEFAULT NULL,
  PRIMARY KEY (`ID`)
) ENGINE=InnoDB DEFAULT CHARSET=utf8;
/*!40101 SET character_set_client = @saved_cs_client */;

--
-- Dumping data for table `t_s_timetask`
--

LOCK TABLES `t_s_timetask` WRITE;
/*!40000 ALTER TABLE `t_s_timetask` DISABLE KEYS */;
INSERT INTO `t_s_timetask` VALUES ('402882f94680252d0146802b02bf015c',NULL,NULL,NULL,'0 0/1 * * * ?','0','0','测试Demo','taskDemoServiceTaskCronTrigger',NULL,NULL,NULL);
/*!40000 ALTER TABLE `t_s_timetask` ENABLE KEYS */;
UNLOCK TABLES;

--
-- Table structure for table `t_s_type`
--

DROP TABLE IF EXISTS `t_s_type`;
/*!40101 SET @saved_cs_client     = @@character_set_client */;
/*!40101 SET character_set_client = utf8 */;
CREATE TABLE `t_s_type` (
  `ID` varchar(32) NOT NULL,
  `typecode` varchar(50) DEFAULT NULL,
  `typename` varchar(50) DEFAULT NULL,
  `typepid` varchar(32) DEFAULT NULL,
  `typegroupid` varchar(32) DEFAULT NULL,
  PRIMARY KEY (`ID`),
  KEY `FK_nw2b22gy7plh7pqows186odmq` (`typepid`),
  KEY `FK_3q40mr4ebtd0cvx79matl39x1` (`typegroupid`),
  CONSTRAINT `FK_3q40mr4ebtd0cvx79matl39x1` FOREIGN KEY (`typegroupid`) REFERENCES `t_s_typegroup` (`ID`),
  CONSTRAINT `FK_nw2b22gy7plh7pqows186odmq` FOREIGN KEY (`typepid`) REFERENCES `t_s_type` (`ID`)
) ENGINE=InnoDB DEFAULT CHARSET=utf8;
/*!40101 SET character_set_client = @saved_cs_client */;

--
-- Dumping data for table `t_s_type`
--

LOCK TABLES `t_s_type` WRITE;
/*!40000 ALTER TABLE `t_s_type` DISABLE KEYS */;
INSERT INTO `t_s_type` VALUES ('402881f2471f77f501471fa5f4ff0018','1','直播中',NULL,'402881f2471f77f501471fa53bcc0016'),('402881f2471f77f501471fa6a3d9001a','2','直播并录制中',NULL,'402881f2471f77f501471fa53bcc0016'),('402881f2471f77f501471fa6ec3c001d','3','已结束',NULL,'402881f2471f77f501471fa53bcc0016'),('402881f2471f77f501471fa70da8001f','4','已延时',NULL,'402881f2471f77f501471fa53bcc0016'),('402882ed46d2119d0146d230cda60013','0','新建',NULL,'402882ed46d2119d0146d2307c770011'),('402882ed46d2119d0146d230f38b0015','1','启用',NULL,'402882ed46d2119d0146d2307c770011'),('402882ed46d2119d0146d23129910017','2','取消',NULL,'402882ed46d2119d0146d2307c770011'),('402882ed46d2119d0146d23287a8001b','1','公共类',NULL,'402882ed46d2119d0146d2322b7a0019'),('402882ed46d2119d0146d232a9f7001d','2','专题类',NULL,'402882ed46d2119d0146d2322b7a0019'),('402882ed46d2119d0146d232d0d0001f','3','讨论类',NULL,'402882ed46d2119d0146d2322b7a0019'),('402882ed46d6cd910146d72ee9780004','0','否',NULL,'402882ed46d6cd910146d72ea02b0002'),('402882ed46d6cd910146d72f051a0006','1','是',NULL,'402882ed46d6cd910146d72ea02b0002'),('402882ed46d6cd910146d73254be000a','1','直播',NULL,'402882ed46d6cd910146d7320ea30008'),('402882ed46d6cd910146d7327866000c','2','点播',NULL,'402882ed46d6cd910146d7320ea30008'),('402882ed4757cee5014757de249b0003','0','未激活',NULL,'402882ed4757cee5014757ddb7b10001'),('402882ed4757cee5014757de66a50005','1','离线',NULL,'402882ed4757cee5014757ddb7b10001'),('402882ed4757cee5014757de94640007','2','在线',NULL,'402882ed4757cee5014757ddb7b10001'),('402882ed47b3973f0147b3d7e5610004','0','初始化',NULL,'402882ed47b3973f0147b3d73f8a0002'),('402882ed47b3973f0147b3d81a130006','1','开始录制',NULL,'402882ed47b3973f0147b3d73f8a0002'),('402882ed47b3973f0147b3d840660008','2','结束录制',NULL,'402882ed47b3973f0147b3d73f8a0002'),('402882ed47b3973f0147b3d8662e000a','3','录制错误',NULL,'402882ed47b3973f0147b3d73f8a0002'),('402882ed47b3973f0147b3d88dcc000c','4','转码错误',NULL,'402882ed47b3973f0147b3d73f8a0002'),('402882ed47b3973f0147b3d8bbdc000e','5','成功',NULL,'402882ed47b3973f0147b3d73f8a0002'),('402882f94680252d0146802afc1d0052','2','菜单图标',NULL,'402882f94680252d0146802afbd60048'),('402882f94680252d0146802afc280053','1','系统图标',NULL,'402882f94680252d0146802afbd60048'),('402882f94680252d0146802afc2b0054','files','附件',NULL,'402882f94680252d0146802afbf30050'),('402882f94680252d0146802afc770055','1','优质订单',NULL,'402882f94680252d0146802afbda0049'),('402882f94680252d0146802afc830056','2','普通订单',NULL,'402882f94680252d0146802afbda0049'),('402882f94680252d0146802afc950057','1','签约客户',NULL,'402882f94680252d0146802afbde004a'),('402882f94680252d0146802afc9f0058','2','普通客户',NULL,'402882f94680252d0146802afbde004a'),('402882f94680252d0146802afca30059','1','特殊服务',NULL,'402882f94680252d0146802afbe2004b'),('402882f94680252d0146802afca7005a','2','普通服务',NULL,'402882f94680252d0146802afbe2004b'),('402882f94680252d0146802afcac005b','single','单条件查询',NULL,'402882f94680252d0146802afbe6004c'),('402882f94680252d0146802afcb0005c','group','范围查询',NULL,'402882f94680252d0146802afbe6004c'),('402882f94680252d0146802afcb4005d','Y','是',NULL,'402882f94680252d0146802afbe9004d'),('402882f94680252d0146802afcb9005e','N','否',NULL,'402882f94680252d0146802afbe9004d'),('402882f94680252d0146802afcbc005f','Integer','Integer',NULL,'402882f94680252d0146802afbec004e'),('402882f94680252d0146802afcc00060','Date','Date',NULL,'402882f94680252d0146802afbec004e'),('402882f94680252d0146802afcc30061','String','String',NULL,'402882f94680252d0146802afbec004e'),('402882f94680252d0146802afcc70062','Long','Long',NULL,'402882f94680252d0146802afbec004e'),('402882f94680252d0146802afccb0063','act','工作流引擎表',NULL,'402882f94680252d0146802afbf0004f'),('402882f94680252d0146802afcd00064','t_s','系统基础表',NULL,'402882f94680252d0146802afbf0004f'),('402882f94680252d0146802afcd30065','t_b','业务表',NULL,'402882f94680252d0146802afbf0004f'),('402882f94680252d0146802afcd70066','t_p','自定义引擎表',NULL,'402882f94680252d0146802afbf0004f'),('402882f94680252d0146802afcdb0067','news','新闻',NULL,'402882f94680252d0146802afbf30050'),('402882f94680252d0146802afcde0068','0','男性',NULL,'402882f94680252d0146802afbf70051'),('402882f94680252d0146802afce10069','1','女性',NULL,'402882f94680252d0146802afbf70051');
/*!40000 ALTER TABLE `t_s_type` ENABLE KEYS */;
UNLOCK TABLES;

--
-- Table structure for table `t_s_typegroup`
--

DROP TABLE IF EXISTS `t_s_typegroup`;
/*!40101 SET @saved_cs_client     = @@character_set_client */;
/*!40101 SET character_set_client = utf8 */;
CREATE TABLE `t_s_typegroup` (
  `ID` varchar(32) NOT NULL,
  `typegroupcode` varchar(50) DEFAULT NULL,
  `typegroupname` varchar(50) DEFAULT NULL,
  PRIMARY KEY (`ID`)
) ENGINE=InnoDB DEFAULT CHARSET=utf8;
/*!40101 SET character_set_client = @saved_cs_client */;

--
-- Dumping data for table `t_s_typegroup`
--

LOCK TABLES `t_s_typegroup` WRITE;
/*!40000 ALTER TABLE `t_s_typegroup` DISABLE KEYS */;
INSERT INTO `t_s_typegroup` VALUES ('402881f2471f77f501471fa53bcc0016','liveState','直播会议状态'),('402882ed46d2119d0146d2307c770011','state','预约会议状态'),('402882ed46d2119d0146d2322b7a0019','meetingTyp','会议类型'),('402882ed46d6cd910146d72ea02b0002','isRecord','是否录制'),('402882ed46d6cd910146d7320ea30008','liveType','LIVE类型'),('402882ed4757cee5014757ddb7b10001','tState','终端状态'),('402882ed47b3973f0147b3d73f8a0002','recState','录制状态'),('402882f94680252d0146802afbd60048','icontype','图标类型'),('402882f94680252d0146802afbda0049','order','订单类型'),('402882f94680252d0146802afbde004a','custom','客户类型'),('402882f94680252d0146802afbe2004b','service','服务项目类型'),('402882f94680252d0146802afbe6004c','searchmode','查询模式'),('402882f94680252d0146802afbe9004d','yesorno','逻辑条件'),('402882f94680252d0146802afbec004e','fieldtype','字段类型'),('402882f94680252d0146802afbf0004f','database','数据表'),('402882f94680252d0146802afbf30050','fieltype','文档分类'),('402882f94680252d0146802afbf70051','sex','性别类');
/*!40000 ALTER TABLE `t_s_typegroup` ENABLE KEYS */;
UNLOCK TABLES;

--
-- Table structure for table `t_s_user`
--

DROP TABLE IF EXISTS `t_s_user`;
/*!40101 SET @saved_cs_client     = @@character_set_client */;
/*!40101 SET character_set_client = utf8 */;
CREATE TABLE `t_s_user` (
  `email` varchar(50) DEFAULT NULL,
  `mobilePhone` varchar(30) DEFAULT NULL,
  `officePhone` varchar(20) DEFAULT NULL,
  `signatureFile` varchar(100) DEFAULT NULL,
  `id` varchar(32) NOT NULL,
  PRIMARY KEY (`id`),
  KEY `FK_2cuji5h6yorrxgsr8ojndlmal` (`id`),
  CONSTRAINT `FK_2cuji5h6yorrxgsr8ojndlmal` FOREIGN KEY (`id`) REFERENCES `t_s_base_user` (`ID`)
) ENGINE=InnoDB DEFAULT CHARSET=utf8;
/*!40101 SET character_set_client = @saved_cs_client */;

--
-- Dumping data for table `t_s_user`
--

LOCK TABLES `t_s_user` WRITE;
/*!40000 ALTER TABLE `t_s_user` DISABLE KEYS */;
INSERT INTO `t_s_user` VALUES ('','','',NULL,'402882ed47672d5801476732dae90005'),('','','','images/renfang/qm/licf.gif','402882f94680252d0146802afaf70044'),('zhangdaiscott@163.com','13426432910','7496661',NULL,'402882f94680252d0146802afb400045'),(NULL,NULL,NULL,NULL,'402882f94680252d0146802afb8c0046'),(NULL,NULL,NULL,NULL,'402882f94680252d0146802afbd00047');
/*!40000 ALTER TABLE `t_s_user` ENABLE KEYS */;
UNLOCK TABLES;

--
-- Table structure for table `t_s_version`
--

DROP TABLE IF EXISTS `t_s_version`;
/*!40101 SET @saved_cs_client     = @@character_set_client */;
/*!40101 SET character_set_client = utf8 */;
CREATE TABLE `t_s_version` (
  `ID` varchar(32) NOT NULL,
  `loginpage` varchar(100) DEFAULT NULL,
  `versioncode` varchar(50) DEFAULT NULL,
  `versionname` varchar(30) DEFAULT NULL,
  `versionnum` varchar(20) DEFAULT NULL,
  PRIMARY KEY (`ID`)
) ENGINE=InnoDB DEFAULT CHARSET=utf8;
/*!40101 SET character_set_client = @saved_cs_client */;

--
-- Dumping data for table `t_s_version`
--

LOCK TABLES `t_s_version` WRITE;
/*!40000 ALTER TABLE `t_s_version` DISABLE KEYS */;
/*!40000 ALTER TABLE `t_s_version` ENABLE KEYS */;
UNLOCK TABLES;

--
-- Table structure for table `terminal_heart_request`
--

DROP TABLE IF EXISTS `terminal_heart_request`;
/*!40101 SET @saved_cs_client     = @@character_set_client */;
/*!40101 SET character_set_client = utf8 */;
CREATE TABLE `terminal_heart_request` (
  `ID` varchar(36) NOT NULL DEFAULT '' COMMENT '主键',
  `MACADDRESS` varchar(20) NOT NULL COMMENT 'mac地址',
  `IPADDRESS` varchar(20) NOT NULL COMMENT 'IP地址',
  `REQUEST_DT` datetime DEFAULT NULL COMMENT '请求时间 ',
  `STATE` char(1) NOT NULL DEFAULT '0' COMMENT '处理状态',
  `CREATE_BY` varchar(36) DEFAULT NULL COMMENT '创建人',
  `CREATE_NAME` varchar(32) DEFAULT NULL COMMENT '创建人名字',
  `CREATE_DATE` datetime DEFAULT NULL COMMENT '创建时间',
  `UPDATE_BY` varchar(36) DEFAULT NULL COMMENT '修改人',
  `UPDATE_NAME` varchar(32) DEFAULT NULL COMMENT '修改人名字',
  `UPDATE_DATE` datetime DEFAULT NULL COMMENT '修改时间',
  `DELFLAG` int(2) DEFAULT '0' COMMENT '删除标记',
  `DEL_DATE` datetime DEFAULT NULL COMMENT '删除时间',
  PRIMARY KEY (`ID`),
  UNIQUE KEY `MACADDRESS` (`MACADDRESS`)
) ENGINE=InnoDB DEFAULT CHARSET=utf8;
/*!40101 SET character_set_client = @saved_cs_client */;

--
-- Dumping data for table `terminal_heart_request`
--

LOCK TABLES `terminal_heart_request` WRITE;
/*!40000 ALTER TABLE `terminal_heart_request` DISABLE KEYS */;
/*!40000 ALTER TABLE `terminal_heart_request` ENABLE KEYS */;
UNLOCK TABLES;

--
-- Table structure for table `terminal_info`
--

DROP TABLE IF EXISTS `terminal_info`;
/*!40101 SET @saved_cs_client     = @@character_set_client */;
/*!40101 SET character_set_client = utf8 */;
CREATE TABLE `terminal_info` (
  `ID` varchar(36) NOT NULL DEFAULT '' COMMENT '主键',
  `NAME` varchar(20) NOT NULL COMMENT '终端名',
  `DESCRIPT` varchar(20) DEFAULT NULL COMMENT '终端描述',
  `MACADDRESS` varchar(20) NOT NULL COMMENT 'mac地址',
  `IPADDRESS` varchar(20) DEFAULT NULL COMMENT 'IP地址',
  `GROUPID` varchar(36) DEFAULT NULL COMMENT '地理位置',
  `STATE` int(11) DEFAULT NULL COMMENT '当前状态',
  `NOWVIDEO` varchar(36) DEFAULT NULL COMMENT '正在观看节目',
  `SUBJECT` varchar(50) DEFAULT NULL COMMENT '会议主题',
  `CREATE_BY` varchar(36) DEFAULT NULL COMMENT '创建人',
  `CREATE_NAME` varchar(32) DEFAULT NULL COMMENT '创建人名字',
  `CREATE_DATE` datetime DEFAULT NULL COMMENT '创建时间',
  `UPDATE_BY` varchar(36) DEFAULT NULL COMMENT '修改人',
  `UPDATE_NAME` varchar(32) DEFAULT NULL COMMENT '修改人名字',
  `UPDATE_DATE` datetime DEFAULT NULL COMMENT '修改时间',
  `DELFLAG` int(2) DEFAULT '0' COMMENT '删除标记',
  `DEL_DATE` datetime DEFAULT NULL COMMENT '删除时间',
  PRIMARY KEY (`ID`),
  UNIQUE KEY `MACADDRESS` (`MACADDRESS`),
  UNIQUE KEY `NAME` (`NAME`)
) ENGINE=InnoDB DEFAULT CHARSET=utf8;
/*!40101 SET character_set_client = @saved_cs_client */;

--
-- Dumping data for table `terminal_info`
--

LOCK TABLES `terminal_info` WRITE;
/*!40000 ALTER TABLE `terminal_info` DISABLE KEYS */;
INSERT INTO `terminal_info` VALUES ('33dbba02-3bb7-4c19-8568-573879907c7d','3','浙江省','1C:AA:07:97:73:F0','192.168.1.81','12',2,'402881ae478680380147868100710004','444',NULL,NULL,'2013-08-13 13:57:28','admin','管理员','2014-07-30 17:08:42',0,NULL),('402882ed47907d8c014790be7ac7001c','32','','32','32','8',NULL,'','','admin','管理员','2014-08-01 16:45:08',NULL,NULL,NULL,0,NULL),('71162aa1-5c03-498c-bad8-802dfd9ccfb6','4','金华市金东区','1C:AA:07:97:73:F2','192.168.1.81','12',0,NULL,NULL,'d9316632-5df7-f819-3f01-007c6f05fe81','vodadmin','2013-08-02 16:39:07','admin','管理员','2014-07-30 17:01:47',0,NULL),('ce002c7c-eb61-4357-a583-31cd1aed4c32','5','杭州市市辖区','1C:AA:07:97:28:90','192.168.1.166','12',2,NULL,NULL,NULL,NULL,'2013-08-13 13:57:56','admin','管理员','2014-07-30 17:01:47',0,NULL);
/*!40000 ALTER TABLE `terminal_info` ENABLE KEYS */;
UNLOCK TABLES;

--
-- Table structure for table `training_info`
--

DROP TABLE IF EXISTS `training_info`;
/*!40101 SET @saved_cs_client     = @@character_set_client */;
/*!40101 SET character_set_client = utf8 */;
CREATE TABLE `training_info` (
  `ID` varchar(36) NOT NULL DEFAULT '' COMMENT '主键',
  `billID` varchar(36) DEFAULT NULL COMMENT 'VRS_ID号',
  `billName` varchar(100) DEFAULT NULL COMMENT '设备名',
  `billStartTime` datetime DEFAULT NULL COMMENT '时间',
  `billDuration` int(11) DEFAULT NULL COMMENT '持续时长',
  `isAsfLive` tinyint(4) DEFAULT NULL COMMENT 'Live类型',
  `isRecord` tinyint(4) DEFAULT NULL COMMENT '是否录音',
  `meetingState` tinyint(4) DEFAULT NULL COMMENT '培训状态',
  `currentSession` varchar(50) DEFAULT NULL COMMENT '培训有限状态机',
  `AppointmentDT` varchar(5) DEFAULT NULL COMMENT '预约录制时间',
  `AppointmentState` tinyint(4) DEFAULT '0' COMMENT '预约状态',
  `AsfUrl` varchar(100) DEFAULT NULL COMMENT '资源URL',
  `NAME` varchar(20) DEFAULT NULL COMMENT '培训名称',
  `TypeId` tinyint(4) DEFAULT NULL COMMENT '所属类型',
  `RIGHTID` varchar(100) DEFAULT NULL COMMENT '终端分组',
  `SUBJECT` varchar(50) DEFAULT NULL COMMENT '培训主题',
  `COMPERE` varchar(20) DEFAULT NULL COMMENT '培训主讲人',
  `INTRODUCTION` varchar(1024) DEFAULT NULL COMMENT '培训简介',
  `CREATE_BY` varchar(36) DEFAULT NULL COMMENT '创建人',
  `CREATE_NAME` varchar(32) DEFAULT NULL COMMENT '创建人名字',
  `CREATE_DATE` datetime DEFAULT NULL COMMENT '创建时间',
  `UPDATE_BY` varchar(36) DEFAULT NULL COMMENT '修改人',
  `UPDATE_NAME` varchar(32) DEFAULT NULL COMMENT '修改人名字',
  `UPDATE_DATE` datetime DEFAULT NULL COMMENT '修改时间',
  `DELFLAG` int(2) DEFAULT '0' COMMENT '删除标记',
  `DEL_DATE` datetime DEFAULT NULL COMMENT '删除时间',
  PRIMARY KEY (`ID`)
) ENGINE=InnoDB DEFAULT CHARSET=utf8;
/*!40101 SET character_set_client = @saved_cs_client */;

--
-- Dumping data for table `training_info`
--

LOCK TABLES `training_info` WRITE;
/*!40000 ALTER TABLE `training_info` DISABLE KEYS */;
INSERT INTO `training_info` VALUES ('402882ed476612e70147665383410003',NULL,NULL,'2014-07-24 11:04:14',NULL,1,1,1,NULL,NULL,0,NULL,NULL,1,NULL,'1','1','1','admin','管理员','2014-07-24 11:04:15',NULL,NULL,NULL,0,NULL);
/*!40000 ALTER TABLE `training_info` ENABLE KEYS */;
UNLOCK TABLES;

--
-- Table structure for table `training_info_history`
--

DROP TABLE IF EXISTS `training_info_history`;
/*!40101 SET @saved_cs_client     = @@character_set_client */;
/*!40101 SET character_set_client = utf8 */;
CREATE TABLE `training_info_history` (
  `ID` varchar(36) NOT NULL DEFAULT '' COMMENT '主键',
  `billID` varchar(36) NOT NULL COMMENT 'VRS_ID号',
  `billName` varchar(100) DEFAULT NULL COMMENT '设备名',
  `billStartTime` datetime DEFAULT NULL COMMENT '时间',
  `billDuration` int(11) DEFAULT NULL COMMENT '持续时长',
  `isAsfLive` tinyint(4) NOT NULL COMMENT 'Live类型',
  `isRecord` tinyint(4) NOT NULL COMMENT '是否录音',
  `meetingState` tinyint(4) NOT NULL COMMENT '培训状态',
  `FSMState` char(1) DEFAULT NULL COMMENT '培训有限状态机',
  `AppointmentDT` varchar(5) DEFAULT NULL COMMENT '预约录制时间',
  `AppointmentState` tinyint(4) DEFAULT '0' COMMENT '预约状态',
  `AsfUrl` varchar(100) DEFAULT NULL COMMENT '资源URL',
  `NAME` varchar(20) DEFAULT NULL COMMENT '培训名称',
  `TypeId` tinyint(4) DEFAULT NULL COMMENT '所属类型',
  `RIGHTID` varchar(100) DEFAULT NULL COMMENT '终端分组',
  `SUBJECT` varchar(50) DEFAULT NULL COMMENT '培训主题',
  `COMPERE` varchar(20) DEFAULT NULL COMMENT '培训主讲人',
  `INTRODUCTION` varchar(1024) DEFAULT NULL COMMENT '培训简介',
  `CREATE_BY` varchar(36) DEFAULT NULL COMMENT '创建人',
  `CREATE_NAME` varchar(32) DEFAULT NULL COMMENT '创建人名字',
  `CREATE_DATE` datetime DEFAULT NULL COMMENT '创建时间',
  `UPDATE_BY` varchar(36) DEFAULT NULL COMMENT '修改人',
  `UPDATE_NAME` varchar(32) DEFAULT NULL COMMENT '修改人名字',
  `UPDATE_DATE` datetime DEFAULT NULL COMMENT '修改时间',
  `DELFLAG` int(2) DEFAULT '0' COMMENT '删除标记',
  `DEL_DATE` datetime DEFAULT NULL COMMENT '删除时间',
  PRIMARY KEY (`ID`)
) ENGINE=InnoDB DEFAULT CHARSET=utf8;
/*!40101 SET character_set_client = @saved_cs_client */;

--
-- Dumping data for table `training_info_history`
--

LOCK TABLES `training_info_history` WRITE;
/*!40000 ALTER TABLE `training_info_history` DISABLE KEYS */;
/*!40000 ALTER TABLE `training_info_history` ENABLE KEYS */;
UNLOCK TABLES;
/*!40103 SET TIME_ZONE=@OLD_TIME_ZONE */;

/*!40101 SET SQL_MODE=@OLD_SQL_MODE */;
/*!40014 SET FOREIGN_KEY_CHECKS=@OLD_FOREIGN_KEY_CHECKS */;
/*!40014 SET UNIQUE_CHECKS=@OLD_UNIQUE_CHECKS */;
/*!40101 SET CHARACTER_SET_CLIENT=@OLD_CHARACTER_SET_CLIENT */;
/*!40101 SET CHARACTER_SET_RESULTS=@OLD_CHARACTER_SET_RESULTS */;
/*!40101 SET COLLATION_CONNECTION=@OLD_COLLATION_CONNECTION */;
/*!40111 SET SQL_NOTES=@OLD_SQL_NOTES */;

-- Dump completed on 2014-08-08 19:00:32
